jar,client,rep,fault,case,armed,backoff,attempts,faults_served,wall_ms,wall_us,outcome,exception,cause,errorCode,statusCode,requestId,extendedRequestId,retryable,throttling,clockSkew,serviceName,rawResponse,message
baseline,v2-sync,1,none,control,-1,immediate,1,0,8,8276,ok,-,-,-,-,-,-,-,-,-,-,-,-
baseline,v2-sync,1,internal-error,persistent,-1,immediate,3,3,21,21491,throw,software.amazon.awssdk.services.dynamodb.model.InternalServerErrorException,-,InternalServerError,500,FAULTREQID000000000000000,-,false,false,false,DynamoDb,present,injected_fault_(Service:_DynamoDb;_Status_Code:_500;_Request_ID:_FAULTREQID000000000000000)_(SDK_Attempt_Count:_3)
baseline,v2-sync,1,internal-error,transient,2,immediate,3,2,7,7292,ok,-,-,-,-,-,-,-,-,-,-,-,-
baseline,v2-sync,1,throughput-exceeded,persistent,-1,immediate,3,3,10,10272,throw,software.amazon.awssdk.services.dynamodb.model.ProvisionedThroughputExceededException,-,ProvisionedThroughputExceededException,400,FAULTREQID000000000000000,-,false,true,false,DynamoDb,present,injected_fault_(Service:_DynamoDb;_Status_Code:_400;_Request_ID:_FAULTREQID000000000000000)_(SDK_Attempt_Count:_3)
baseline,v2-sync,1,throughput-exceeded,transient,2,immediate,3,2,7,7079,ok,-,-,-,-,-,-,-,-,-,-,-,-
baseline,v2-sync,1,unavailable,persistent,-1,immediate,3,3,11,11616,throw,software.amazon.awssdk.services.dynamodb.model.DynamoDbException,-,-,503,FAULTREQID000000000000000,-,false,false,false,DynamoDb,present,Service_returned_HTTP_status_code_503_(Service:_DynamoDb;_Status_Code:_503;_Request_ID:_FAULTREQID000000000000000)_(SDK_Attempt_Count:_3)
baseline,v2-sync,1,unavailable,transient,2,immediate,3,2,7,7282,ok,-,-,-,-,-,-,-,-,-,-,-,-
baseline,v2-sync,1,empty-500,persistent,-1,immediate,3,3,6,6045,throw,software.amazon.awssdk.services.dynamodb.model.DynamoDbException,-,-,500,FAULTREQID000000000000000,-,false,false,false,DynamoDb,present,Service_returned_HTTP_status_code_500_(Service:_DynamoDb;_Status_Code:_500;_Request_ID:_FAULTREQID000000000000000)_(SDK_Attempt_Count:_3)
baseline,v2-sync,1,empty-500,transient,2,immediate,3,2,8,8741,ok,-,-,-,-,-,-,-,-,-,-,-,-
baseline,v2-sync,1,malformed-body,persistent,-1,immediate,3,3,6,6412,throw,software.amazon.awssdk.core.exception.SdkClientException,java.io.UncheckedIOException,-,-,-,-,false,-,-,-,-,Unable_to_unmarshall_response_(software.amazon.awssdk.thirdparty.jackson.core.io.JsonEOFException:_Unexpected_end-of-input_in_VALUE_STRING_at_[Source:_(software...
baseline,v2-sync,1,malformed-body,transient,2,immediate,3,2,6,6487,ok,-,-,-,-,-,-,-,-,-,-,-,-
baseline,v2-sync,1,resource-not-found,persistent,-1,immediate,1,1,4,4015,throw,software.amazon.awssdk.services.dynamodb.model.ResourceNotFoundException,-,ResourceNotFoundException,400,FAULTREQID000000000000000,-,false,false,false,DynamoDb,present,injected_fault_(Service:_DynamoDb;_Status_Code:_400;_Request_ID:_FAULTREQID000000000000000)_(SDK_Attempt_Count:_1)
baseline,v2-sync,1,resource-not-found,transient,2,immediate,1,1,2,2347,throw,software.amazon.awssdk.services.dynamodb.model.ResourceNotFoundException,-,ResourceNotFoundException,400,FAULTREQID000000000000000,-,false,false,false,DynamoDb,present,injected_fault_(Service:_DynamoDb;_Status_Code:_400;_Request_ID:_FAULTREQID000000000000000)_(SDK_Attempt_Count:_1)
baseline,v2-sync,2,none,control,-1,immediate,1,0,2,2350,ok,-,-,-,-,-,-,-,-,-,-,-,-
baseline,v2-sync,2,internal-error,persistent,-1,immediate,3,3,6,6203,throw,software.amazon.awssdk.services.dynamodb.model.InternalServerErrorException,-,InternalServerError,500,FAULTREQID000000000000000,-,false,false,false,DynamoDb,present,injected_fault_(Service:_DynamoDb;_Status_Code:_500;_Request_ID:_FAULTREQID000000000000000)_(SDK_Attempt_Count:_3)
baseline,v2-sync,2,internal-error,transient,2,immediate,3,2,9,9484,ok,-,-,-,-,-,-,-,-,-,-,-,-
baseline,v2-sync,2,throughput-exceeded,persistent,-1,immediate,3,3,5,5414,throw,software.amazon.awssdk.services.dynamodb.model.ProvisionedThroughputExceededException,-,ProvisionedThroughputExceededException,400,FAULTREQID000000000000000,-,false,true,false,DynamoDb,present,injected_fault_(Service:_DynamoDb;_Status_Code:_400;_Request_ID:_FAULTREQID000000000000000)_(SDK_Attempt_Count:_3)
baseline,v2-sync,2,throughput-exceeded,transient,2,immediate,3,2,4,4872,ok,-,-,-,-,-,-,-,-,-,-,-,-
baseline,v2-sync,2,unavailable,persistent,-1,immediate,3,3,8,8584,throw,software.amazon.awssdk.services.dynamodb.model.DynamoDbException,-,-,503,FAULTREQID000000000000000,-,false,false,false,DynamoDb,present,Service_returned_HTTP_status_code_503_(Service:_DynamoDb;_Status_Code:_503;_Request_ID:_FAULTREQID000000000000000)_(SDK_Attempt_Count:_3)
baseline,v2-sync,2,unavailable,transient,2,immediate,3,2,4,4837,ok,-,-,-,-,-,-,-,-,-,-,-,-
baseline,v2-sync,2,empty-500,persistent,-1,immediate,3,3,6,6030,throw,software.amazon.awssdk.services.dynamodb.model.DynamoDbException,-,-,500,FAULTREQID000000000000000,-,false,false,false,DynamoDb,present,Service_returned_HTTP_status_code_500_(Service:_DynamoDb;_Status_Code:_500;_Request_ID:_FAULTREQID000000000000000)_(SDK_Attempt_Count:_3)
baseline,v2-sync,2,empty-500,transient,2,immediate,3,2,5,5081,ok,-,-,-,-,-,-,-,-,-,-,-,-
baseline,v2-sync,2,malformed-body,persistent,-1,immediate,3,3,4,4852,throw,software.amazon.awssdk.core.exception.SdkClientException,java.io.UncheckedIOException,-,-,-,-,false,-,-,-,-,Unable_to_unmarshall_response_(software.amazon.awssdk.thirdparty.jackson.core.io.JsonEOFException:_Unexpected_end-of-input_in_VALUE_STRING_at_[Source:_(software...
baseline,v2-sync,2,malformed-body,transient,2,immediate,3,2,4,4728,ok,-,-,-,-,-,-,-,-,-,-,-,-
baseline,v2-sync,2,resource-not-found,persistent,-1,immediate,1,1,1,1973,throw,software.amazon.awssdk.services.dynamodb.model.ResourceNotFoundException,-,ResourceNotFoundException,400,FAULTREQID000000000000000,-,false,false,false,DynamoDb,present,injected_fault_(Service:_DynamoDb;_Status_Code:_400;_Request_ID:_FAULTREQID000000000000000)_(SDK_Attempt_Count:_1)
baseline,v2-sync,2,resource-not-found,transient,2,immediate,1,1,2,2092,throw,software.amazon.awssdk.services.dynamodb.model.ResourceNotFoundException,-,ResourceNotFoundException,400,FAULTREQID000000000000000,-,false,false,false,DynamoDb,present,injected_fault_(Service:_DynamoDb;_Status_Code:_400;_Request_ID:_FAULTREQID000000000000000)_(SDK_Attempt_Count:_1)
baseline,v2-sync,3,none,control,-1,immediate,1,0,1,1769,ok,-,-,-,-,-,-,-,-,-,-,-,-
baseline,v2-sync,3,internal-error,persistent,-1,immediate,3,3,6,6782,throw,software.amazon.awssdk.services.dynamodb.model.InternalServerErrorException,-,InternalServerError,500,FAULTREQID000000000000000,-,false,false,false,DynamoDb,present,injected_fault_(Service:_DynamoDb;_Status_Code:_500;_Request_ID:_FAULTREQID000000000000000)_(SDK_Attempt_Count:_3)
baseline,v2-sync,3,internal-error,transient,2,immediate,3,2,5,5828,ok,-,-,-,-,-,-,-,-,-,-,-,-
baseline,v2-sync,3,throughput-exceeded,persistent,-1,immediate,3,3,15,15147,throw,software.amazon.awssdk.services.dynamodb.model.ProvisionedThroughputExceededException,-,ProvisionedThroughputExceededException,400,FAULTREQID000000000000000,-,false,true,false,DynamoDb,present,injected_fault_(Service:_DynamoDb;_Status_Code:_400;_Request_ID:_FAULTREQID000000000000000)_(SDK_Attempt_Count:_3)
baseline,v2-sync,3,throughput-exceeded,transient,2,immediate,3,2,5,5535,ok,-,-,-,-,-,-,-,-,-,-,-,-
baseline,v2-sync,3,unavailable,persistent,-1,immediate,3,3,6,6041,throw,software.amazon.awssdk.services.dynamodb.model.DynamoDbException,-,-,503,FAULTREQID000000000000000,-,false,false,false,DynamoDb,present,Service_returned_HTTP_status_code_503_(Service:_DynamoDb;_Status_Code:_503;_Request_ID:_FAULTREQID000000000000000)_(SDK_Attempt_Count:_3)
baseline,v2-sync,3,unavailable,transient,2,immediate,3,2,6,6611,ok,-,-,-,-,-,-,-,-,-,-,-,-
baseline,v2-sync,3,empty-500,persistent,-1,immediate,3,3,4,4683,throw,software.amazon.awssdk.services.dynamodb.model.DynamoDbException,-,-,500,FAULTREQID000000000000000,-,false,false,false,DynamoDb,present,Service_returned_HTTP_status_code_500_(Service:_DynamoDb;_Status_Code:_500;_Request_ID:_FAULTREQID000000000000000)_(SDK_Attempt_Count:_3)
baseline,v2-sync,3,empty-500,transient,2,immediate,3,2,4,4594,ok,-,-,-,-,-,-,-,-,-,-,-,-
baseline,v2-sync,3,malformed-body,persistent,-1,immediate,3,3,6,6156,throw,software.amazon.awssdk.core.exception.SdkClientException,java.io.UncheckedIOException,-,-,-,-,false,-,-,-,-,Unable_to_unmarshall_response_(software.amazon.awssdk.thirdparty.jackson.core.io.JsonEOFException:_Unexpected_end-of-input_in_VALUE_STRING_at_[Source:_(software...
baseline,v2-sync,3,malformed-body,transient,2,immediate,3,2,5,5174,ok,-,-,-,-,-,-,-,-,-,-,-,-
baseline,v2-sync,3,resource-not-found,persistent,-1,immediate,1,1,2,2498,throw,software.amazon.awssdk.services.dynamodb.model.ResourceNotFoundException,-,ResourceNotFoundException,400,FAULTREQID000000000000000,-,false,false,false,DynamoDb,present,injected_fault_(Service:_DynamoDb;_Status_Code:_400;_Request_ID:_FAULTREQID000000000000000)_(SDK_Attempt_Count:_1)
baseline,v2-sync,3,resource-not-found,transient,2,immediate,1,1,3,3344,throw,software.amazon.awssdk.services.dynamodb.model.ResourceNotFoundException,-,ResourceNotFoundException,400,FAULTREQID000000000000000,-,false,false,false,DynamoDb,present,injected_fault_(Service:_DynamoDb;_Status_Code:_400;_Request_ID:_FAULTREQID000000000000000)_(SDK_Attempt_Count:_1)
baseline,v2-sync,4,none,control,-1,immediate,1,0,5,5491,ok,-,-,-,-,-,-,-,-,-,-,-,-
baseline,v2-sync,4,internal-error,persistent,-1,immediate,3,3,5,5487,throw,software.amazon.awssdk.services.dynamodb.model.InternalServerErrorException,-,InternalServerError,500,FAULTREQID000000000000000,-,false,false,false,DynamoDb,present,injected_fault_(Service:_DynamoDb;_Status_Code:_500;_Request_ID:_FAULTREQID000000000000000)_(SDK_Attempt_Count:_3)
baseline,v2-sync,4,internal-error,transient,2,immediate,3,2,5,5432,ok,-,-,-,-,-,-,-,-,-,-,-,-
baseline,v2-sync,4,throughput-exceeded,persistent,-1,immediate,3,3,5,5143,throw,software.amazon.awssdk.services.dynamodb.model.ProvisionedThroughputExceededException,-,ProvisionedThroughputExceededException,400,FAULTREQID000000000000000,-,false,true,false,DynamoDb,present,injected_fault_(Service:_DynamoDb;_Status_Code:_400;_Request_ID:_FAULTREQID000000000000000)_(SDK_Attempt_Count:_3)
baseline,v2-sync,4,throughput-exceeded,transient,2,immediate,3,2,4,4294,ok,-,-,-,-,-,-,-,-,-,-,-,-
baseline,v2-sync,4,unavailable,persistent,-1,immediate,3,3,5,5021,throw,software.amazon.awssdk.services.dynamodb.model.DynamoDbException,-,-,503,FAULTREQID000000000000000,-,false,false,false,DynamoDb,present,Service_returned_HTTP_status_code_503_(Service:_DynamoDb;_Status_Code:_503;_Request_ID:_FAULTREQID000000000000000)_(SDK_Attempt_Count:_3)
baseline,v2-sync,4,unavailable,transient,2,immediate,3,2,5,5143,ok,-,-,-,-,-,-,-,-,-,-,-,-
baseline,v2-sync,4,empty-500,persistent,-1,immediate,3,3,3,3886,throw,software.amazon.awssdk.services.dynamodb.model.DynamoDbException,-,-,500,FAULTREQID000000000000000,-,false,false,false,DynamoDb,present,Service_returned_HTTP_status_code_500_(Service:_DynamoDb;_Status_Code:_500;_Request_ID:_FAULTREQID000000000000000)_(SDK_Attempt_Count:_3)
baseline,v2-sync,4,empty-500,transient,2,immediate,3,2,5,5293,ok,-,-,-,-,-,-,-,-,-,-,-,-
baseline,v2-sync,4,malformed-body,persistent,-1,immediate,3,3,4,4080,throw,software.amazon.awssdk.core.exception.SdkClientException,java.io.UncheckedIOException,-,-,-,-,false,-,-,-,-,Unable_to_unmarshall_response_(software.amazon.awssdk.thirdparty.jackson.core.io.JsonEOFException:_Unexpected_end-of-input_in_VALUE_STRING_at_[Source:_(software...
baseline,v2-sync,4,malformed-body,transient,2,immediate,3,2,3,3800,ok,-,-,-,-,-,-,-,-,-,-,-,-
baseline,v2-sync,4,resource-not-found,persistent,-1,immediate,1,1,2,2222,throw,software.amazon.awssdk.services.dynamodb.model.ResourceNotFoundException,-,ResourceNotFoundException,400,FAULTREQID000000000000000,-,false,false,false,DynamoDb,present,injected_fault_(Service:_DynamoDb;_Status_Code:_400;_Request_ID:_FAULTREQID000000000000000)_(SDK_Attempt_Count:_1)
baseline,v2-sync,4,resource-not-found,transient,2,immediate,1,1,1,1904,throw,software.amazon.awssdk.services.dynamodb.model.ResourceNotFoundException,-,ResourceNotFoundException,400,FAULTREQID000000000000000,-,false,false,false,DynamoDb,present,injected_fault_(Service:_DynamoDb;_Status_Code:_400;_Request_ID:_FAULTREQID000000000000000)_(SDK_Attempt_Count:_1)
baseline,v2-sync,5,none,control,-1,immediate,1,0,1,1725,ok,-,-,-,-,-,-,-,-,-,-,-,-
baseline,v2-sync,5,internal-error,persistent,-1,immediate,3,3,4,4094,throw,software.amazon.awssdk.services.dynamodb.model.InternalServerErrorException,-,InternalServerError,500,FAULTREQID000000000000000,-,false,false,false,DynamoDb,present,injected_fault_(Service:_DynamoDb;_Status_Code:_500;_Request_ID:_FAULTREQID000000000000000)_(SDK_Attempt_Count:_3)
baseline,v2-sync,5,internal-error,transient,2,immediate,3,2,4,4003,ok,-,-,-,-,-,-,-,-,-,-,-,-
baseline,v2-sync,5,throughput-exceeded,persistent,-1,immediate,3,3,4,4482,throw,software.amazon.awssdk.services.dynamodb.model.ProvisionedThroughputExceededException,-,ProvisionedThroughputExceededException,400,FAULTREQID000000000000000,-,false,true,false,DynamoDb,present,injected_fault_(Service:_DynamoDb;_Status_Code:_400;_Request_ID:_FAULTREQID000000000000000)_(SDK_Attempt_Count:_3)
baseline,v2-sync,5,throughput-exceeded,transient,2,immediate,3,2,4,4259,ok,-,-,-,-,-,-,-,-,-,-,-,-
baseline,v2-sync,5,unavailable,persistent,-1,immediate,3,3,3,3643,throw,software.amazon.awssdk.services.dynamodb.model.DynamoDbException,-,-,503,FAULTREQID000000000000000,-,false,false,false,DynamoDb,present,Service_returned_HTTP_status_code_503_(Service:_DynamoDb;_Status_Code:_503;_Request_ID:_FAULTREQID000000000000000)_(SDK_Attempt_Count:_3)
baseline,v2-sync,5,unavailable,transient,2,immediate,3,2,3,3752,ok,-,-,-,-,-,-,-,-,-,-,-,-
baseline,v2-sync,5,empty-500,persistent,-1,immediate,3,3,3,3432,throw,software.amazon.awssdk.services.dynamodb.model.DynamoDbException,-,-,500,FAULTREQID000000000000000,-,false,false,false,DynamoDb,present,Service_returned_HTTP_status_code_500_(Service:_DynamoDb;_Status_Code:_500;_Request_ID:_FAULTREQID000000000000000)_(SDK_Attempt_Count:_3)
baseline,v2-sync,5,empty-500,transient,2,immediate,3,2,3,3512,ok,-,-,-,-,-,-,-,-,-,-,-,-
baseline,v2-sync,5,malformed-body,persistent,-1,immediate,3,3,4,4148,throw,software.amazon.awssdk.core.exception.SdkClientException,java.io.UncheckedIOException,-,-,-,-,false,-,-,-,-,Unable_to_unmarshall_response_(software.amazon.awssdk.thirdparty.jackson.core.io.JsonEOFException:_Unexpected_end-of-input_in_VALUE_STRING_at_[Source:_(software...
baseline,v2-sync,5,malformed-body,transient,2,immediate,3,2,3,3787,ok,-,-,-,-,-,-,-,-,-,-,-,-
baseline,v2-sync,5,resource-not-found,persistent,-1,immediate,1,1,3,3168,throw,software.amazon.awssdk.services.dynamodb.model.ResourceNotFoundException,-,ResourceNotFoundException,400,FAULTREQID000000000000000,-,false,false,false,DynamoDb,present,injected_fault_(Service:_DynamoDb;_Status_Code:_400;_Request_ID:_FAULTREQID000000000000000)_(SDK_Attempt_Count:_1)
baseline,v2-sync,5,resource-not-found,transient,2,immediate,1,1,1,1605,throw,software.amazon.awssdk.services.dynamodb.model.ResourceNotFoundException,-,ResourceNotFoundException,400,FAULTREQID000000000000000,-,false,false,false,DynamoDb,present,injected_fault_(Service:_DynamoDb;_Status_Code:_400;_Request_ID:_FAULTREQID000000000000000)_(SDK_Attempt_Count:_1)
baseline,v2-sync,6,none,control,-1,immediate,1,0,1,1456,ok,-,-,-,-,-,-,-,-,-,-,-,-
baseline,v2-sync,6,internal-error,persistent,-1,immediate,3,3,3,3423,throw,software.amazon.awssdk.services.dynamodb.model.InternalServerErrorException,-,InternalServerError,500,FAULTREQID000000000000000,-,false,false,false,DynamoDb,present,injected_fault_(Service:_DynamoDb;_Status_Code:_500;_Request_ID:_FAULTREQID000000000000000)_(SDK_Attempt_Count:_3)
baseline,v2-sync,6,internal-error,transient,2,immediate,3,2,3,3550,ok,-,-,-,-,-,-,-,-,-,-,-,-
baseline,v2-sync,6,throughput-exceeded,persistent,-1,immediate,3,3,3,3551,throw,software.amazon.awssdk.services.dynamodb.model.ProvisionedThroughputExceededException,-,ProvisionedThroughputExceededException,400,FAULTREQID000000000000000,-,false,true,false,DynamoDb,present,injected_fault_(Service:_DynamoDb;_Status_Code:_400;_Request_ID:_FAULTREQID000000000000000)_(SDK_Attempt_Count:_3)
baseline,v2-sync,6,throughput-exceeded,transient,2,immediate,3,2,3,3696,ok,-,-,-,-,-,-,-,-,-,-,-,-
baseline,v2-sync,6,unavailable,persistent,-1,immediate,3,3,3,3736,throw,software.amazon.awssdk.services.dynamodb.model.DynamoDbException,-,-,503,FAULTREQID000000000000000,-,false,false,false,DynamoDb,present,Service_returned_HTTP_status_code_503_(Service:_DynamoDb;_Status_Code:_503;_Request_ID:_FAULTREQID000000000000000)_(SDK_Attempt_Count:_3)
baseline,v2-sync,6,unavailable,transient,2,immediate,3,2,4,4143,ok,-,-,-,-,-,-,-,-,-,-,-,-
baseline,v2-sync,6,empty-500,persistent,-1,immediate,3,3,3,3446,throw,software.amazon.awssdk.services.dynamodb.model.DynamoDbException,-,-,500,FAULTREQID000000000000000,-,false,false,false,DynamoDb,present,Service_returned_HTTP_status_code_500_(Service:_DynamoDb;_Status_Code:_500;_Request_ID:_FAULTREQID000000000000000)_(SDK_Attempt_Count:_3)
baseline,v2-sync,6,empty-500,transient,2,immediate,3,2,3,3262,ok,-,-,-,-,-,-,-,-,-,-,-,-
baseline,v2-sync,6,malformed-body,persistent,-1,immediate,3,3,3,3383,throw,software.amazon.awssdk.core.exception.SdkClientException,java.io.UncheckedIOException,-,-,-,-,false,-,-,-,-,Unable_to_unmarshall_response_(software.amazon.awssdk.thirdparty.jackson.core.io.JsonEOFException:_Unexpected_end-of-input_in_VALUE_STRING_at_[Source:_(software...
baseline,v2-sync,6,malformed-body,transient,2,immediate,3,2,3,3386,ok,-,-,-,-,-,-,-,-,-,-,-,-
baseline,v2-sync,6,resource-not-found,persistent,-1,immediate,1,1,1,1938,throw,software.amazon.awssdk.services.dynamodb.model.ResourceNotFoundException,-,ResourceNotFoundException,400,FAULTREQID000000000000000,-,false,false,false,DynamoDb,present,injected_fault_(Service:_DynamoDb;_Status_Code:_400;_Request_ID:_FAULTREQID000000000000000)_(SDK_Attempt_Count:_1)
baseline,v2-sync,6,resource-not-found,transient,2,immediate,1,1,1,1583,throw,software.amazon.awssdk.services.dynamodb.model.ResourceNotFoundException,-,ResourceNotFoundException,400,FAULTREQID000000000000000,-,false,false,false,DynamoDb,present,injected_fault_(Service:_DynamoDb;_Status_Code:_400;_Request_ID:_FAULTREQID000000000000000)_(SDK_Attempt_Count:_1)
baseline,v2-sync,7,none,control,-1,immediate,1,0,1,1666,ok,-,-,-,-,-,-,-,-,-,-,-,-
baseline,v2-sync,7,internal-error,persistent,-1,immediate,3,3,5,5961,throw,software.amazon.awssdk.services.dynamodb.model.InternalServerErrorException,-,InternalServerError,500,FAULTREQID000000000000000,-,false,false,false,DynamoDb,present,injected_fault_(Service:_DynamoDb;_Status_Code:_500;_Request_ID:_FAULTREQID000000000000000)_(SDK_Attempt_Count:_3)
baseline,v2-sync,7,internal-error,transient,2,immediate,3,2,4,4662,ok,-,-,-,-,-,-,-,-,-,-,-,-
baseline,v2-sync,7,throughput-exceeded,persistent,-1,immediate,3,3,3,3536,throw,software.amazon.awssdk.services.dynamodb.model.ProvisionedThroughputExceededException,-,ProvisionedThroughputExceededException,400,FAULTREQID000000000000000,-,false,true,false,DynamoDb,present,injected_fault_(Service:_DynamoDb;_Status_Code:_400;_Request_ID:_FAULTREQID000000000000000)_(SDK_Attempt_Count:_3)
baseline,v2-sync,7,throughput-exceeded,transient,2,immediate,3,2,3,3049,ok,-,-,-,-,-,-,-,-,-,-,-,-
baseline,v2-sync,7,unavailable,persistent,-1,immediate,3,3,6,6427,throw,software.amazon.awssdk.services.dynamodb.model.DynamoDbException,-,-,503,FAULTREQID000000000000000,-,false,false,false,DynamoDb,present,Service_returned_HTTP_status_code_503_(Service:_DynamoDb;_Status_Code:_503;_Request_ID:_FAULTREQID000000000000000)_(SDK_Attempt_Count:_3)
baseline,v2-sync,7,unavailable,transient,2,immediate,3,2,3,3917,ok,-,-,-,-,-,-,-,-,-,-,-,-
baseline,v2-sync,7,empty-500,persistent,-1,immediate,3,3,3,3443,throw,software.amazon.awssdk.services.dynamodb.model.DynamoDbException,-,-,500,FAULTREQID000000000000000,-,false,false,false,DynamoDb,present,Service_returned_HTTP_status_code_500_(Service:_DynamoDb;_Status_Code:_500;_Request_ID:_FAULTREQID000000000000000)_(SDK_Attempt_Count:_3)
baseline,v2-sync,7,empty-500,transient,2,immediate,3,2,3,3068,ok,-,-,-,-,-,-,-,-,-,-,-,-
baseline,v2-sync,7,malformed-body,persistent,-1,immediate,3,3,3,3440,throw,software.amazon.awssdk.core.exception.SdkClientException,java.io.UncheckedIOException,-,-,-,-,false,-,-,-,-,Unable_to_unmarshall_response_(software.amazon.awssdk.thirdparty.jackson.core.io.JsonEOFException:_Unexpected_end-of-input_in_VALUE_STRING_at_[Source:_(software...
baseline,v2-sync,7,malformed-body,transient,2,immediate,3,2,3,3110,ok,-,-,-,-,-,-,-,-,-,-,-,-
baseline,v2-sync,7,resource-not-found,persistent,-1,immediate,1,1,1,1666,throw,software.amazon.awssdk.services.dynamodb.model.ResourceNotFoundException,-,ResourceNotFoundException,400,FAULTREQID000000000000000,-,false,false,false,DynamoDb,present,injected_fault_(Service:_DynamoDb;_Status_Code:_400;_Request_ID:_FAULTREQID000000000000000)_(SDK_Attempt_Count:_1)
baseline,v2-sync,7,resource-not-found,transient,2,immediate,1,1,3,3232,throw,software.amazon.awssdk.services.dynamodb.model.ResourceNotFoundException,-,ResourceNotFoundException,400,FAULTREQID000000000000000,-,false,false,false,DynamoDb,present,injected_fault_(Service:_DynamoDb;_Status_Code:_400;_Request_ID:_FAULTREQID000000000000000)_(SDK_Attempt_Count:_1)
baseline,v2-sync,8,none,control,-1,immediate,1,0,2,2494,ok,-,-,-,-,-,-,-,-,-,-,-,-
baseline,v2-sync,8,internal-error,persistent,-1,immediate,3,3,7,7978,throw,software.amazon.awssdk.services.dynamodb.model.InternalServerErrorException,-,InternalServerError,500,FAULTREQID000000000000000,-,false,false,false,DynamoDb,present,injected_fault_(Service:_DynamoDb;_Status_Code:_500;_Request_ID:_FAULTREQID000000000000000)_(SDK_Attempt_Count:_3)
baseline,v2-sync,8,internal-error,transient,2,immediate,3,2,4,4729,ok,-,-,-,-,-,-,-,-,-,-,-,-
baseline,v2-sync,8,throughput-exceeded,persistent,-1,immediate,3,3,3,3964,throw,software.amazon.awssdk.services.dynamodb.model.ProvisionedThroughputExceededException,-,ProvisionedThroughputExceededException,400,FAULTREQID000000000000000,-,false,true,false,DynamoDb,present,injected_fault_(Service:_DynamoDb;_Status_Code:_400;_Request_ID:_FAULTREQID000000000000000)_(SDK_Attempt_Count:_3)
baseline,v2-sync,8,throughput-exceeded,transient,2,immediate,3,2,4,4159,ok,-,-,-,-,-,-,-,-,-,-,-,-
baseline,v2-sync,8,unavailable,persistent,-1,immediate,3,3,3,3607,throw,software.amazon.awssdk.services.dynamodb.model.DynamoDbException,-,-,503,FAULTREQID000000000000000,-,false,false,false,DynamoDb,present,Service_returned_HTTP_status_code_503_(Service:_DynamoDb;_Status_Code:_503;_Request_ID:_FAULTREQID000000000000000)_(SDK_Attempt_Count:_3)
baseline,v2-sync,8,unavailable,transient,2,immediate,3,2,3,3356,ok,-,-,-,-,-,-,-,-,-,-,-,-
baseline,v2-sync,8,empty-500,persistent,-1,immediate,3,3,9,9239,throw,software.amazon.awssdk.services.dynamodb.model.DynamoDbException,-,-,500,FAULTREQID000000000000000,-,false,false,false,DynamoDb,present,Service_returned_HTTP_status_code_500_(Service:_DynamoDb;_Status_Code:_500;_Request_ID:_FAULTREQID000000000000000)_(SDK_Attempt_Count:_3)
baseline,v2-sync,8,empty-500,transient,2,immediate,3,2,4,4736,ok,-,-,-,-,-,-,-,-,-,-,-,-
baseline,v2-sync,8,malformed-body,persistent,-1,immediate,3,3,3,3620,throw,software.amazon.awssdk.core.exception.SdkClientException,java.io.UncheckedIOException,-,-,-,-,false,-,-,-,-,Unable_to_unmarshall_response_(software.amazon.awssdk.thirdparty.jackson.core.io.JsonEOFException:_Unexpected_end-of-input_in_VALUE_STRING_at_[Source:_(software...
baseline,v2-sync,8,malformed-body,transient,2,immediate,3,2,3,3251,ok,-,-,-,-,-,-,-,-,-,-,-,-
baseline,v2-sync,8,resource-not-found,persistent,-1,immediate,1,1,2,2062,throw,software.amazon.awssdk.services.dynamodb.model.ResourceNotFoundException,-,ResourceNotFoundException,400,FAULTREQID000000000000000,-,false,false,false,DynamoDb,present,injected_fault_(Service:_DynamoDb;_Status_Code:_400;_Request_ID:_FAULTREQID000000000000000)_(SDK_Attempt_Count:_1)
baseline,v2-sync,8,resource-not-found,transient,2,immediate,1,1,1,1699,throw,software.amazon.awssdk.services.dynamodb.model.ResourceNotFoundException,-,ResourceNotFoundException,400,FAULTREQID000000000000000,-,false,false,false,DynamoDb,present,injected_fault_(Service:_DynamoDb;_Status_Code:_400;_Request_ID:_FAULTREQID000000000000000)_(SDK_Attempt_Count:_1)
baseline,v2-sync,9,none,control,-1,immediate,1,0,1,1706,ok,-,-,-,-,-,-,-,-,-,-,-,-
baseline,v2-sync,9,internal-error,persistent,-1,immediate,3,3,3,3536,throw,software.amazon.awssdk.services.dynamodb.model.InternalServerErrorException,-,InternalServerError,500,FAULTREQID000000000000000,-,false,false,false,DynamoDb,present,injected_fault_(Service:_DynamoDb;_Status_Code:_500;_Request_ID:_FAULTREQID000000000000000)_(SDK_Attempt_Count:_3)
baseline,v2-sync,9,internal-error,transient,2,immediate,3,2,4,4032,ok,-,-,-,-,-,-,-,-,-,-,-,-
baseline,v2-sync,9,throughput-exceeded,persistent,-1,immediate,3,3,3,3737,throw,software.amazon.awssdk.services.dynamodb.model.ProvisionedThroughputExceededException,-,ProvisionedThroughputExceededException,400,FAULTREQID000000000000000,-,false,true,false,DynamoDb,present,injected_fault_(Service:_DynamoDb;_Status_Code:_400;_Request_ID:_FAULTREQID000000000000000)_(SDK_Attempt_Count:_3)
baseline,v2-sync,9,throughput-exceeded,transient,2,immediate,3,2,4,4957,ok,-,-,-,-,-,-,-,-,-,-,-,-
baseline,v2-sync,9,unavailable,persistent,-1,immediate,3,3,6,6346,throw,software.amazon.awssdk.services.dynamodb.model.DynamoDbException,-,-,503,FAULTREQID000000000000000,-,false,false,false,DynamoDb,present,Service_returned_HTTP_status_code_503_(Service:_DynamoDb;_Status_Code:_503;_Request_ID:_FAULTREQID000000000000000)_(SDK_Attempt_Count:_3)
baseline,v2-sync,9,unavailable,transient,2,immediate,3,2,4,4251,ok,-,-,-,-,-,-,-,-,-,-,-,-
baseline,v2-sync,9,empty-500,persistent,-1,immediate,3,3,3,3404,throw,software.amazon.awssdk.services.dynamodb.model.DynamoDbException,-,-,500,FAULTREQID000000000000000,-,false,false,false,DynamoDb,present,Service_returned_HTTP_status_code_500_(Service:_DynamoDb;_Status_Code:_500;_Request_ID:_FAULTREQID000000000000000)_(SDK_Attempt_Count:_3)
baseline,v2-sync,9,empty-500,transient,2,immediate,3,2,3,3098,ok,-,-,-,-,-,-,-,-,-,-,-,-
baseline,v2-sync,9,malformed-body,persistent,-1,immediate,3,3,3,3240,throw,software.amazon.awssdk.core.exception.SdkClientException,java.io.UncheckedIOException,-,-,-,-,false,-,-,-,-,Unable_to_unmarshall_response_(software.amazon.awssdk.thirdparty.jackson.core.io.JsonEOFException:_Unexpected_end-of-input_in_VALUE_STRING_at_[Source:_(software...
baseline,v2-sync,9,malformed-body,transient,2,immediate,3,2,3,3269,ok,-,-,-,-,-,-,-,-,-,-,-,-
baseline,v2-sync,9,resource-not-found,persistent,-1,immediate,1,1,1,1453,throw,software.amazon.awssdk.services.dynamodb.model.ResourceNotFoundException,-,ResourceNotFoundException,400,FAULTREQID000000000000000,-,false,false,false,DynamoDb,present,injected_fault_(Service:_DynamoDb;_Status_Code:_400;_Request_ID:_FAULTREQID000000000000000)_(SDK_Attempt_Count:_1)
baseline,v2-sync,9,resource-not-found,transient,2,immediate,1,1,1,1611,throw,software.amazon.awssdk.services.dynamodb.model.ResourceNotFoundException,-,ResourceNotFoundException,400,FAULTREQID000000000000000,-,false,false,false,DynamoDb,present,injected_fault_(Service:_DynamoDb;_Status_Code:_400;_Request_ID:_FAULTREQID000000000000000)_(SDK_Attempt_Count:_1)
baseline,v2-sync,10,none,control,-1,immediate,1,0,1,1603,ok,-,-,-,-,-,-,-,-,-,-,-,-
baseline,v2-sync,10,internal-error,persistent,-1,immediate,3,3,4,4067,throw,software.amazon.awssdk.services.dynamodb.model.InternalServerErrorException,-,InternalServerError,500,FAULTREQID000000000000000,-,false,false,false,DynamoDb,present,injected_fault_(Service:_DynamoDb;_Status_Code:_500;_Request_ID:_FAULTREQID000000000000000)_(SDK_Attempt_Count:_3)
baseline,v2-sync,10,internal-error,transient,2,immediate,3,2,3,3236,ok,-,-,-,-,-,-,-,-,-,-,-,-
baseline,v2-sync,10,throughput-exceeded,persistent,-1,immediate,3,3,2,2964,throw,software.amazon.awssdk.services.dynamodb.model.ProvisionedThroughputExceededException,-,ProvisionedThroughputExceededException,400,FAULTREQID000000000000000,-,false,true,false,DynamoDb,present,injected_fault_(Service:_DynamoDb;_Status_Code:_400;_Request_ID:_FAULTREQID000000000000000)_(SDK_Attempt_Count:_3)
baseline,v2-sync,10,throughput-exceeded,transient,2,immediate,3,2,2,2858,ok,-,-,-,-,-,-,-,-,-,-,-,-
baseline,v2-sync,10,unavailable,persistent,-1,immediate,3,3,4,4017,throw,software.amazon.awssdk.services.dynamodb.model.DynamoDbException,-,-,503,FAULTREQID000000000000000,-,false,false,false,DynamoDb,present,Service_returned_HTTP_status_code_503_(Service:_DynamoDb;_Status_Code:_503;_Request_ID:_FAULTREQID000000000000000)_(SDK_Attempt_Count:_3)
baseline,v2-sync,10,unavailable,transient,2,immediate,3,2,3,3560,ok,-,-,-,-,-,-,-,-,-,-,-,-
baseline,v2-sync,10,empty-500,persistent,-1,immediate,3,3,3,3068,throw,software.amazon.awssdk.services.dynamodb.model.DynamoDbException,-,-,500,FAULTREQID000000000000000,-,false,false,false,DynamoDb,present,Service_returned_HTTP_status_code_500_(Service:_DynamoDb;_Status_Code:_500;_Request_ID:_FAULTREQID000000000000000)_(SDK_Attempt_Count:_3)
baseline,v2-sync,10,empty-500,transient,2,immediate,3,2,10,10441,ok,-,-,-,-,-,-,-,-,-,-,-,-
baseline,v2-sync,10,malformed-body,persistent,-1,immediate,3,3,3,3384,throw,software.amazon.awssdk.core.exception.SdkClientException,java.io.UncheckedIOException,-,-,-,-,false,-,-,-,-,Unable_to_unmarshall_response_(software.amazon.awssdk.thirdparty.jackson.core.io.JsonEOFException:_Unexpected_end-of-input_in_VALUE_STRING_at_[Source:_(software...
baseline,v2-sync,10,malformed-body,transient,2,immediate,3,2,3,3640,ok,-,-,-,-,-,-,-,-,-,-,-,-
baseline,v2-sync,10,resource-not-found,persistent,-1,immediate,1,1,1,1749,throw,software.amazon.awssdk.services.dynamodb.model.ResourceNotFoundException,-,ResourceNotFoundException,400,FAULTREQID000000000000000,-,false,false,false,DynamoDb,present,injected_fault_(Service:_DynamoDb;_Status_Code:_400;_Request_ID:_FAULTREQID000000000000000)_(SDK_Attempt_Count:_1)
baseline,v2-sync,10,resource-not-found,transient,2,immediate,1,1,1,1448,throw,software.amazon.awssdk.services.dynamodb.model.ResourceNotFoundException,-,ResourceNotFoundException,400,FAULTREQID000000000000000,-,false,false,false,DynamoDb,present,injected_fault_(Service:_DynamoDb;_Status_Code:_400;_Request_ID:_FAULTREQID000000000000000)_(SDK_Attempt_Count:_1)
baseline,v2-sync,11,none,control,-1,immediate,1,0,1,1431,ok,-,-,-,-,-,-,-,-,-,-,-,-
baseline,v2-sync,11,internal-error,persistent,-1,immediate,3,3,3,3728,throw,software.amazon.awssdk.services.dynamodb.model.InternalServerErrorException,-,InternalServerError,500,FAULTREQID000000000000000,-,false,false,false,DynamoDb,present,injected_fault_(Service:_DynamoDb;_Status_Code:_500;_Request_ID:_FAULTREQID000000000000000)_(SDK_Attempt_Count:_3)
baseline,v2-sync,11,internal-error,transient,2,immediate,3,2,2,2785,ok,-,-,-,-,-,-,-,-,-,-,-,-
baseline,v2-sync,11,throughput-exceeded,persistent,-1,immediate,3,3,5,5774,throw,software.amazon.awssdk.services.dynamodb.model.ProvisionedThroughputExceededException,-,ProvisionedThroughputExceededException,400,FAULTREQID000000000000000,-,false,true,false,DynamoDb,present,injected_fault_(Service:_DynamoDb;_Status_Code:_400;_Request_ID:_FAULTREQID000000000000000)_(SDK_Attempt_Count:_3)
baseline,v2-sync,11,throughput-exceeded,transient,2,immediate,3,2,3,3194,ok,-,-,-,-,-,-,-,-,-,-,-,-
baseline,v2-sync,11,unavailable,persistent,-1,immediate,3,3,3,3502,throw,software.amazon.awssdk.services.dynamodb.model.DynamoDbException,-,-,503,FAULTREQID000000000000000,-,false,false,false,DynamoDb,present,Service_returned_HTTP_status_code_503_(Service:_DynamoDb;_Status_Code:_503;_Request_ID:_FAULTREQID000000000000000)_(SDK_Attempt_Count:_3)
baseline,v2-sync,11,unavailable,transient,2,immediate,3,2,5,5145,ok,-,-,-,-,-,-,-,-,-,-,-,-
baseline,v2-sync,11,empty-500,persistent,-1,immediate,3,3,3,3196,throw,software.amazon.awssdk.services.dynamodb.model.DynamoDbException,-,-,500,FAULTREQID000000000000000,-,false,false,false,DynamoDb,present,Service_returned_HTTP_status_code_500_(Service:_DynamoDb;_Status_Code:_500;_Request_ID:_FAULTREQID000000000000000)_(SDK_Attempt_Count:_3)
baseline,v2-sync,11,empty-500,transient,2,immediate,3,2,2,2746,ok,-,-,-,-,-,-,-,-,-,-,-,-
baseline,v2-sync,11,malformed-body,persistent,-1,immediate,3,3,18,18093,throw,software.amazon.awssdk.core.exception.SdkClientException,java.io.UncheckedIOException,-,-,-,-,false,-,-,-,-,Unable_to_unmarshall_response_(software.amazon.awssdk.thirdparty.jackson.core.io.JsonEOFException:_Unexpected_end-of-input_in_VALUE_STRING_at_[Source:_(software...
baseline,v2-sync,11,malformed-body,transient,2,immediate,3,2,4,4415,ok,-,-,-,-,-,-,-,-,-,-,-,-
baseline,v2-sync,11,resource-not-found,persistent,-1,immediate,1,1,1,1390,throw,software.amazon.awssdk.services.dynamodb.model.ResourceNotFoundException,-,ResourceNotFoundException,400,FAULTREQID000000000000000,-,false,false,false,DynamoDb,present,injected_fault_(Service:_DynamoDb;_Status_Code:_400;_Request_ID:_FAULTREQID000000000000000)_(SDK_Attempt_Count:_1)
baseline,v2-sync,11,resource-not-found,transient,2,immediate,1,1,1,1651,throw,software.amazon.awssdk.services.dynamodb.model.ResourceNotFoundException,-,ResourceNotFoundException,400,FAULTREQID000000000000000,-,false,false,false,DynamoDb,present,injected_fault_(Service:_DynamoDb;_Status_Code:_400;_Request_ID:_FAULTREQID000000000000000)_(SDK_Attempt_Count:_1)
baseline,v2-sync,12,none,control,-1,immediate,1,0,1,1265,ok,-,-,-,-,-,-,-,-,-,-,-,-
baseline,v2-sync,12,internal-error,persistent,-1,immediate,3,3,6,6474,throw,software.amazon.awssdk.services.dynamodb.model.InternalServerErrorException,-,InternalServerError,500,FAULTREQID000000000000000,-,false,false,false,DynamoDb,present,injected_fault_(Service:_DynamoDb;_Status_Code:_500;_Request_ID:_FAULTREQID000000000000000)_(SDK_Attempt_Count:_3)
baseline,v2-sync,12,internal-error,transient,2,immediate,3,2,3,3273,ok,-,-,-,-,-,-,-,-,-,-,-,-
baseline,v2-sync,12,throughput-exceeded,persistent,-1,immediate,3,3,4,4032,throw,software.amazon.awssdk.services.dynamodb.model.ProvisionedThroughputExceededException,-,ProvisionedThroughputExceededException,400,FAULTREQID000000000000000,-,false,true,false,DynamoDb,present,injected_fault_(Service:_DynamoDb;_Status_Code:_400;_Request_ID:_FAULTREQID000000000000000)_(SDK_Attempt_Count:_3)
baseline,v2-sync,12,throughput-exceeded,transient,2,immediate,3,2,2,2862,ok,-,-,-,-,-,-,-,-,-,-,-,-
baseline,v2-sync,12,unavailable,persistent,-1,immediate,3,3,3,3098,throw,software.amazon.awssdk.services.dynamodb.model.DynamoDbException,-,-,503,FAULTREQID000000000000000,-,false,false,false,DynamoDb,present,Service_returned_HTTP_status_code_503_(Service:_DynamoDb;_Status_Code:_503;_Request_ID:_FAULTREQID000000000000000)_(SDK_Attempt_Count:_3)
baseline,v2-sync,12,unavailable,transient,2,immediate,3,2,2,2969,ok,-,-,-,-,-,-,-,-,-,-,-,-
baseline,v2-sync,12,empty-500,persistent,-1,immediate,3,3,2,2842,throw,software.amazon.awssdk.services.dynamodb.model.DynamoDbException,-,-,500,FAULTREQID000000000000000,-,false,false,false,DynamoDb,present,Service_returned_HTTP_status_code_500_(Service:_DynamoDb;_Status_Code:_500;_Request_ID:_FAULTREQID000000000000000)_(SDK_Attempt_Count:_3)
baseline,v2-sync,12,empty-500,transient,2,immediate,3,2,2,2701,ok,-,-,-,-,-,-,-,-,-,-,-,-
baseline,v2-sync,12,malformed-body,persistent,-1,immediate,3,3,12,12572,throw,software.amazon.awssdk.core.exception.SdkClientException,java.io.UncheckedIOException,-,-,-,-,false,-,-,-,-,Unable_to_unmarshall_response_(software.amazon.awssdk.thirdparty.jackson.core.io.JsonEOFException:_Unexpected_end-of-input_in_VALUE_STRING_at_[Source:_(software...
baseline,v2-sync,12,malformed-body,transient,2,immediate,3,2,3,3688,ok,-,-,-,-,-,-,-,-,-,-,-,-
baseline,v2-sync,12,resource-not-found,persistent,-1,immediate,1,1,2,2291,throw,software.amazon.awssdk.services.dynamodb.model.ResourceNotFoundException,-,ResourceNotFoundException,400,FAULTREQID000000000000000,-,false,false,false,DynamoDb,present,injected_fault_(Service:_DynamoDb;_Status_Code:_400;_Request_ID:_FAULTREQID000000000000000)_(SDK_Attempt_Count:_1)
baseline,v2-sync,12,resource-not-found,transient,2,immediate,1,1,1,1511,throw,software.amazon.awssdk.services.dynamodb.model.ResourceNotFoundException,-,ResourceNotFoundException,400,FAULTREQID000000000000000,-,false,false,false,DynamoDb,present,injected_fault_(Service:_DynamoDb;_Status_Code:_400;_Request_ID:_FAULTREQID000000000000000)_(SDK_Attempt_Count:_1)
baseline,v2-sync,13,none,control,-1,immediate,1,0,1,1456,ok,-,-,-,-,-,-,-,-,-,-,-,-
baseline,v2-sync,13,internal-error,persistent,-1,immediate,3,3,2,2989,throw,software.amazon.awssdk.services.dynamodb.model.InternalServerErrorException,-,InternalServerError,500,FAULTREQID000000000000000,-,false,false,false,DynamoDb,present,injected_fault_(Service:_DynamoDb;_Status_Code:_500;_Request_ID:_FAULTREQID000000000000000)_(SDK_Attempt_Count:_3)
baseline,v2-sync,13,internal-error,transient,2,immediate,3,2,2,2802,ok,-,-,-,-,-,-,-,-,-,-,-,-
baseline,v2-sync,13,throughput-exceeded,persistent,-1,immediate,3,3,2,2932,throw,software.amazon.awssdk.services.dynamodb.model.ProvisionedThroughputExceededException,-,ProvisionedThroughputExceededException,400,FAULTREQID000000000000000,-,false,true,false,DynamoDb,present,injected_fault_(Service:_DynamoDb;_Status_Code:_400;_Request_ID:_FAULTREQID000000000000000)_(SDK_Attempt_Count:_3)
baseline,v2-sync,13,throughput-exceeded,transient,2,immediate,3,2,2,2816,ok,-,-,-,-,-,-,-,-,-,-,-,-
baseline,v2-sync,13,unavailable,persistent,-1,immediate,3,3,3,3215,throw,software.amazon.awssdk.services.dynamodb.model.DynamoDbException,-,-,503,FAULTREQID000000000000000,-,false,false,false,DynamoDb,present,Service_returned_HTTP_status_code_503_(Service:_DynamoDb;_Status_Code:_503;_Request_ID:_FAULTREQID000000000000000)_(SDK_Attempt_Count:_3)
baseline,v2-sync,13,unavailable,transient,2,immediate,3,2,3,3118,ok,-,-,-,-,-,-,-,-,-,-,-,-
baseline,v2-sync,13,empty-500,persistent,-1,immediate,3,3,3,3387,throw,software.amazon.awssdk.services.dynamodb.model.DynamoDbException,-,-,500,FAULTREQID000000000000000,-,false,false,false,DynamoDb,present,Service_returned_HTTP_status_code_500_(Service:_DynamoDb;_Status_Code:_500;_Request_ID:_FAULTREQID000000000000000)_(SDK_Attempt_Count:_3)
baseline,v2-sync,13,empty-500,transient,2,immediate,3,2,2,2824,ok,-,-,-,-,-,-,-,-,-,-,-,-
baseline,v2-sync,13,malformed-body,persistent,-1,immediate,3,3,3,3463,throw,software.amazon.awssdk.core.exception.SdkClientException,java.io.UncheckedIOException,-,-,-,-,false,-,-,-,-,Unable_to_unmarshall_response_(software.amazon.awssdk.thirdparty.jackson.core.io.JsonEOFException:_Unexpected_end-of-input_in_VALUE_STRING_at_[Source:_(software...
baseline,v2-sync,13,malformed-body,transient,2,immediate,3,2,2,2666,ok,-,-,-,-,-,-,-,-,-,-,-,-
baseline,v2-sync,13,resource-not-found,persistent,-1,immediate,1,1,1,1238,throw,software.amazon.awssdk.services.dynamodb.model.ResourceNotFoundException,-,ResourceNotFoundException,400,FAULTREQID000000000000000,-,false,false,false,DynamoDb,present,injected_fault_(Service:_DynamoDb;_Status_Code:_400;_Request_ID:_FAULTREQID000000000000000)_(SDK_Attempt_Count:_1)
baseline,v2-sync,13,resource-not-found,transient,2,immediate,1,1,1,1238,throw,software.amazon.awssdk.services.dynamodb.model.ResourceNotFoundException,-,ResourceNotFoundException,400,FAULTREQID000000000000000,-,false,false,false,DynamoDb,present,injected_fault_(Service:_DynamoDb;_Status_Code:_400;_Request_ID:_FAULTREQID000000000000000)_(SDK_Attempt_Count:_1)
baseline,v2-sync,14,none,control,-1,immediate,1,0,1,1230,ok,-,-,-,-,-,-,-,-,-,-,-,-
baseline,v2-sync,14,internal-error,persistent,-1,immediate,3,3,2,2762,throw,software.amazon.awssdk.services.dynamodb.model.InternalServerErrorException,-,InternalServerError,500,FAULTREQID000000000000000,-,false,false,false,DynamoDb,present,injected_fault_(Service:_DynamoDb;_Status_Code:_500;_Request_ID:_FAULTREQID000000000000000)_(SDK_Attempt_Count:_3)
baseline,v2-sync,14,internal-error,transient,2,immediate,3,2,2,2542,ok,-,-,-,-,-,-,-,-,-,-,-,-
baseline,v2-sync,14,throughput-exceeded,persistent,-1,immediate,3,3,4,4199,throw,software.amazon.awssdk.services.dynamodb.model.ProvisionedThroughputExceededException,-,ProvisionedThroughputExceededException,400,FAULTREQID000000000000000,-,false,true,false,DynamoDb,present,injected_fault_(Service:_DynamoDb;_Status_Code:_400;_Request_ID:_FAULTREQID000000000000000)_(SDK_Attempt_Count:_3)
baseline,v2-sync,14,throughput-exceeded,transient,2,immediate,3,2,4,4172,ok,-,-,-,-,-,-,-,-,-,-,-,-
baseline,v2-sync,14,unavailable,persistent,-1,immediate,3,3,3,3125,throw,software.amazon.awssdk.services.dynamodb.model.DynamoDbException,-,-,503,FAULTREQID000000000000000,-,false,false,false,DynamoDb,present,Service_returned_HTTP_status_code_503_(Service:_DynamoDb;_Status_Code:_503;_Request_ID:_FAULTREQID000000000000000)_(SDK_Attempt_Count:_3)
baseline,v2-sync,14,unavailable,transient,2,immediate,3,2,3,3132,ok,-,-,-,-,-,-,-,-,-,-,-,-
baseline,v2-sync,14,empty-500,persistent,-1,immediate,3,3,2,2816,throw,software.amazon.awssdk.services.dynamodb.model.DynamoDbException,-,-,500,FAULTREQID000000000000000,-,false,false,false,DynamoDb,present,Service_returned_HTTP_status_code_500_(Service:_DynamoDb;_Status_Code:_500;_Request_ID:_FAULTREQID000000000000000)_(SDK_Attempt_Count:_3)
baseline,v2-sync,14,empty-500,transient,2,immediate,3,2,2,2600,ok,-,-,-,-,-,-,-,-,-,-,-,-
baseline,v2-sync,14,malformed-body,persistent,-1,immediate,3,3,2,2646,throw,software.amazon.awssdk.core.exception.SdkClientException,java.io.UncheckedIOException,-,-,-,-,false,-,-,-,-,Unable_to_unmarshall_response_(software.amazon.awssdk.thirdparty.jackson.core.io.JsonEOFException:_Unexpected_end-of-input_in_VALUE_STRING_at_[Source:_(software...
baseline,v2-sync,14,malformed-body,transient,2,immediate,3,2,2,2933,ok,-,-,-,-,-,-,-,-,-,-,-,-
baseline,v2-sync,14,resource-not-found,persistent,-1,immediate,1,1,1,1352,throw,software.amazon.awssdk.services.dynamodb.model.ResourceNotFoundException,-,ResourceNotFoundException,400,FAULTREQID000000000000000,-,false,false,false,DynamoDb,present,injected_fault_(Service:_DynamoDb;_Status_Code:_400;_Request_ID:_FAULTREQID000000000000000)_(SDK_Attempt_Count:_1)
baseline,v2-sync,14,resource-not-found,transient,2,immediate,1,1,1,1271,throw,software.amazon.awssdk.services.dynamodb.model.ResourceNotFoundException,-,ResourceNotFoundException,400,FAULTREQID000000000000000,-,false,false,false,DynamoDb,present,injected_fault_(Service:_DynamoDb;_Status_Code:_400;_Request_ID:_FAULTREQID000000000000000)_(SDK_Attempt_Count:_1)
baseline,v2-sync,15,none,control,-1,immediate,1,0,2,2738,ok,-,-,-,-,-,-,-,-,-,-,-,-
baseline,v2-sync,15,internal-error,persistent,-1,immediate,3,3,2,2784,throw,software.amazon.awssdk.services.dynamodb.model.InternalServerErrorException,-,InternalServerError,500,FAULTREQID000000000000000,-,false,false,false,DynamoDb,present,injected_fault_(Service:_DynamoDb;_Status_Code:_500;_Request_ID:_FAULTREQID000000000000000)_(SDK_Attempt_Count:_3)
baseline,v2-sync,15,internal-error,transient,2,immediate,3,2,2,2658,ok,-,-,-,-,-,-,-,-,-,-,-,-
baseline,v2-sync,15,throughput-exceeded,persistent,-1,immediate,3,3,3,3067,throw,software.amazon.awssdk.services.dynamodb.model.ProvisionedThroughputExceededException,-,ProvisionedThroughputExceededException,400,FAULTREQID000000000000000,-,false,true,false,DynamoDb,present,injected_fault_(Service:_DynamoDb;_Status_Code:_400;_Request_ID:_FAULTREQID000000000000000)_(SDK_Attempt_Count:_3)
baseline,v2-sync,15,throughput-exceeded,transient,2,immediate,3,2,3,3077,ok,-,-,-,-,-,-,-,-,-,-,-,-
baseline,v2-sync,15,unavailable,persistent,-1,immediate,3,3,3,3025,throw,software.amazon.awssdk.services.dynamodb.model.DynamoDbException,-,-,503,FAULTREQID000000000000000,-,false,false,false,DynamoDb,present,Service_returned_HTTP_status_code_503_(Service:_DynamoDb;_Status_Code:_503;_Request_ID:_FAULTREQID000000000000000)_(SDK_Attempt_Count:_3)
baseline,v2-sync,15,unavailable,transient,2,immediate,3,2,2,2601,ok,-,-,-,-,-,-,-,-,-,-,-,-
baseline,v2-sync,15,empty-500,persistent,-1,immediate,3,3,2,2750,throw,software.amazon.awssdk.services.dynamodb.model.DynamoDbException,-,-,500,FAULTREQID000000000000000,-,false,false,false,DynamoDb,present,Service_returned_HTTP_status_code_500_(Service:_DynamoDb;_Status_Code:_500;_Request_ID:_FAULTREQID000000000000000)_(SDK_Attempt_Count:_3)
baseline,v2-sync,15,empty-500,transient,2,immediate,3,2,2,2740,ok,-,-,-,-,-,-,-,-,-,-,-,-
baseline,v2-sync,15,malformed-body,persistent,-1,immediate,3,3,3,3772,throw,software.amazon.awssdk.core.exception.SdkClientException,java.io.UncheckedIOException,-,-,-,-,false,-,-,-,-,Unable_to_unmarshall_response_(software.amazon.awssdk.thirdparty.jackson.core.io.JsonEOFException:_Unexpected_end-of-input_in_VALUE_STRING_at_[Source:_(software...
baseline,v2-sync,15,malformed-body,transient,2,immediate,3,2,2,2867,ok,-,-,-,-,-,-,-,-,-,-,-,-
baseline,v2-sync,15,resource-not-found,persistent,-1,immediate,1,1,1,1285,throw,software.amazon.awssdk.services.dynamodb.model.ResourceNotFoundException,-,ResourceNotFoundException,400,FAULTREQID000000000000000,-,false,false,false,DynamoDb,present,injected_fault_(Service:_DynamoDb;_Status_Code:_400;_Request_ID:_FAULTREQID000000000000000)_(SDK_Attempt_Count:_1)
baseline,v2-sync,15,resource-not-found,transient,2,immediate,1,1,1,1635,throw,software.amazon.awssdk.services.dynamodb.model.ResourceNotFoundException,-,ResourceNotFoundException,400,FAULTREQID000000000000000,-,false,false,false,DynamoDb,present,injected_fault_(Service:_DynamoDb;_Status_Code:_400;_Request_ID:_FAULTREQID000000000000000)_(SDK_Attempt_Count:_1)
baseline,v2-sync,16,none,control,-1,immediate,1,0,1,1149,ok,-,-,-,-,-,-,-,-,-,-,-,-
baseline,v2-sync,16,internal-error,persistent,-1,immediate,3,3,4,4500,throw,software.amazon.awssdk.services.dynamodb.model.InternalServerErrorException,-,InternalServerError,500,FAULTREQID000000000000000,-,false,false,false,DynamoDb,present,injected_fault_(Service:_DynamoDb;_Status_Code:_500;_Request_ID:_FAULTREQID000000000000000)_(SDK_Attempt_Count:_3)
baseline,v2-sync,16,internal-error,transient,2,immediate,3,2,2,2757,ok,-,-,-,-,-,-,-,-,-,-,-,-
baseline,v2-sync,16,throughput-exceeded,persistent,-1,immediate,3,3,2,2554,throw,software.amazon.awssdk.services.dynamodb.model.ProvisionedThroughputExceededException,-,ProvisionedThroughputExceededException,400,FAULTREQID000000000000000,-,false,true,false,DynamoDb,present,injected_fault_(Service:_DynamoDb;_Status_Code:_400;_Request_ID:_FAULTREQID000000000000000)_(SDK_Attempt_Count:_3)
baseline,v2-sync,16,throughput-exceeded,transient,2,immediate,3,2,2,2521,ok,-,-,-,-,-,-,-,-,-,-,-,-
baseline,v2-sync,16,unavailable,persistent,-1,immediate,3,3,2,2726,throw,software.amazon.awssdk.services.dynamodb.model.DynamoDbException,-,-,503,FAULTREQID000000000000000,-,false,false,false,DynamoDb,present,Service_returned_HTTP_status_code_503_(Service:_DynamoDb;_Status_Code:_503;_Request_ID:_FAULTREQID000000000000000)_(SDK_Attempt_Count:_3)
baseline,v2-sync,16,unavailable,transient,2,immediate,3,2,3,3387,ok,-,-,-,-,-,-,-,-,-,-,-,-
baseline,v2-sync,16,empty-500,persistent,-1,immediate,3,3,2,2687,throw,software.amazon.awssdk.services.dynamodb.model.DynamoDbException,-,-,500,FAULTREQID000000000000000,-,false,false,false,DynamoDb,present,Service_returned_HTTP_status_code_500_(Service:_DynamoDb;_Status_Code:_500;_Request_ID:_FAULTREQID000000000000000)_(SDK_Attempt_Count:_3)
baseline,v2-sync,16,empty-500,transient,2,immediate,3,2,2,2967,ok,-,-,-,-,-,-,-,-,-,-,-,-
baseline,v2-sync,16,malformed-body,persistent,-1,immediate,3,3,2,2927,throw,software.amazon.awssdk.core.exception.SdkClientException,java.io.UncheckedIOException,-,-,-,-,false,-,-,-,-,Unable_to_unmarshall_response_(software.amazon.awssdk.thirdparty.jackson.core.io.JsonEOFException:_Unexpected_end-of-input_in_VALUE_STRING_at_[Source:_(software...
baseline,v2-sync,16,malformed-body,transient,2,immediate,3,2,2,2530,ok,-,-,-,-,-,-,-,-,-,-,-,-
baseline,v2-sync,16,resource-not-found,persistent,-1,immediate,1,1,1,1230,throw,software.amazon.awssdk.services.dynamodb.model.ResourceNotFoundException,-,ResourceNotFoundException,400,FAULTREQID000000000000000,-,false,false,false,DynamoDb,present,injected_fault_(Service:_DynamoDb;_Status_Code:_400;_Request_ID:_FAULTREQID000000000000000)_(SDK_Attempt_Count:_1)
baseline,v2-sync,16,resource-not-found,transient,2,immediate,1,1,1,1407,throw,software.amazon.awssdk.services.dynamodb.model.ResourceNotFoundException,-,ResourceNotFoundException,400,FAULTREQID000000000000000,-,false,false,false,DynamoDb,present,injected_fault_(Service:_DynamoDb;_Status_Code:_400;_Request_ID:_FAULTREQID000000000000000)_(SDK_Attempt_Count:_1)
baseline,v2-sync,17,none,control,-1,immediate,1,0,1,1254,ok,-,-,-,-,-,-,-,-,-,-,-,-
baseline,v2-sync,17,internal-error,persistent,-1,immediate,3,3,2,2693,throw,software.amazon.awssdk.services.dynamodb.model.InternalServerErrorException,-,InternalServerError,500,FAULTREQID000000000000000,-,false,false,false,DynamoDb,present,injected_fault_(Service:_DynamoDb;_Status_Code:_500;_Request_ID:_FAULTREQID000000000000000)_(SDK_Attempt_Count:_3)
baseline,v2-sync,17,internal-error,transient,2,immediate,3,2,2,2498,ok,-,-,-,-,-,-,-,-,-,-,-,-
baseline,v2-sync,17,throughput-exceeded,persistent,-1,immediate,3,3,2,2540,throw,software.amazon.awssdk.services.dynamodb.model.ProvisionedThroughputExceededException,-,ProvisionedThroughputExceededException,400,FAULTREQID000000000000000,-,false,true,false,DynamoDb,present,injected_fault_(Service:_DynamoDb;_Status_Code:_400;_Request_ID:_FAULTREQID000000000000000)_(SDK_Attempt_Count:_3)
baseline,v2-sync,17,throughput-exceeded,transient,2,immediate,3,2,2,2671,ok,-,-,-,-,-,-,-,-,-,-,-,-
baseline,v2-sync,17,unavailable,persistent,-1,immediate,3,3,3,3187,throw,software.amazon.awssdk.services.dynamodb.model.DynamoDbException,-,-,503,FAULTREQID000000000000000,-,false,false,false,DynamoDb,present,Service_returned_HTTP_status_code_503_(Service:_DynamoDb;_Status_Code:_503;_Request_ID:_FAULTREQID000000000000000)_(SDK_Attempt_Count:_3)
baseline,v2-sync,17,unavailable,transient,2,immediate,3,2,2,2480,ok,-,-,-,-,-,-,-,-,-,-,-,-
baseline,v2-sync,17,empty-500,persistent,-1,immediate,3,3,2,2404,throw,software.amazon.awssdk.services.dynamodb.model.DynamoDbException,-,-,500,FAULTREQID000000000000000,-,false,false,false,DynamoDb,present,Service_returned_HTTP_status_code_500_(Service:_DynamoDb;_Status_Code:_500;_Request_ID:_FAULTREQID000000000000000)_(SDK_Attempt_Count:_3)
baseline,v2-sync,17,empty-500,transient,2,immediate,3,2,2,2731,ok,-,-,-,-,-,-,-,-,-,-,-,-
baseline,v2-sync,17,malformed-body,persistent,-1,immediate,3,3,2,2842,throw,software.amazon.awssdk.core.exception.SdkClientException,java.io.UncheckedIOException,-,-,-,-,false,-,-,-,-,Unable_to_unmarshall_response_(software.amazon.awssdk.thirdparty.jackson.core.io.JsonEOFException:_Unexpected_end-of-input_in_VALUE_STRING_at_[Source:_(software...
baseline,v2-sync,17,malformed-body,transient,2,immediate,3,2,2,2352,ok,-,-,-,-,-,-,-,-,-,-,-,-
baseline,v2-sync,17,resource-not-found,persistent,-1,immediate,1,1,1,1222,throw,software.amazon.awssdk.services.dynamodb.model.ResourceNotFoundException,-,ResourceNotFoundException,400,FAULTREQID000000000000000,-,false,false,false,DynamoDb,present,injected_fault_(Service:_DynamoDb;_Status_Code:_400;_Request_ID:_FAULTREQID000000000000000)_(SDK_Attempt_Count:_1)
baseline,v2-sync,17,resource-not-found,transient,2,immediate,1,1,1,1164,throw,software.amazon.awssdk.services.dynamodb.model.ResourceNotFoundException,-,ResourceNotFoundException,400,FAULTREQID000000000000000,-,false,false,false,DynamoDb,present,injected_fault_(Service:_DynamoDb;_Status_Code:_400;_Request_ID:_FAULTREQID000000000000000)_(SDK_Attempt_Count:_1)
baseline,v2-sync,18,none,control,-1,immediate,1,0,1,1113,ok,-,-,-,-,-,-,-,-,-,-,-,-
baseline,v2-sync,18,internal-error,persistent,-1,immediate,3,3,2,2596,throw,software.amazon.awssdk.services.dynamodb.model.InternalServerErrorException,-,InternalServerError,500,FAULTREQID000000000000000,-,false,false,false,DynamoDb,present,injected_fault_(Service:_DynamoDb;_Status_Code:_500;_Request_ID:_FAULTREQID000000000000000)_(SDK_Attempt_Count:_3)
baseline,v2-sync,18,internal-error,transient,2,immediate,3,2,2,2776,ok,-,-,-,-,-,-,-,-,-,-,-,-
baseline,v2-sync,18,throughput-exceeded,persistent,-1,immediate,3,3,3,3231,throw,software.amazon.awssdk.services.dynamodb.model.ProvisionedThroughputExceededException,-,ProvisionedThroughputExceededException,400,FAULTREQID000000000000000,-,false,true,false,DynamoDb,present,injected_fault_(Service:_DynamoDb;_Status_Code:_400;_Request_ID:_FAULTREQID000000000000000)_(SDK_Attempt_Count:_3)
baseline,v2-sync,18,throughput-exceeded,transient,2,immediate,3,2,8,8403,ok,-,-,-,-,-,-,-,-,-,-,-,-
baseline,v2-sync,18,unavailable,persistent,-1,immediate,3,3,3,3068,throw,software.amazon.awssdk.services.dynamodb.model.DynamoDbException,-,-,503,FAULTREQID000000000000000,-,false,false,false,DynamoDb,present,Service_returned_HTTP_status_code_503_(Service:_DynamoDb;_Status_Code:_503;_Request_ID:_FAULTREQID000000000000000)_(SDK_Attempt_Count:_3)
baseline,v2-sync,18,unavailable,transient,2,immediate,3,2,3,3400,ok,-,-,-,-,-,-,-,-,-,-,-,-
baseline,v2-sync,18,empty-500,persistent,-1,immediate,3,3,2,2955,throw,software.amazon.awssdk.services.dynamodb.model.DynamoDbException,-,-,500,FAULTREQID000000000000000,-,false,false,false,DynamoDb,present,Service_returned_HTTP_status_code_500_(Service:_DynamoDb;_Status_Code:_500;_Request_ID:_FAULTREQID000000000000000)_(SDK_Attempt_Count:_3)
baseline,v2-sync,18,empty-500,transient,2,immediate,3,2,2,2752,ok,-,-,-,-,-,-,-,-,-,-,-,-
baseline,v2-sync,18,malformed-body,persistent,-1,immediate,3,3,2,2867,throw,software.amazon.awssdk.core.exception.SdkClientException,java.io.UncheckedIOException,-,-,-,-,false,-,-,-,-,Unable_to_unmarshall_response_(software.amazon.awssdk.thirdparty.jackson.core.io.JsonEOFException:_Unexpected_end-of-input_in_VALUE_STRING_at_[Source:_(software...
baseline,v2-sync,18,malformed-body,transient,2,immediate,3,2,2,2554,ok,-,-,-,-,-,-,-,-,-,-,-,-
baseline,v2-sync,18,resource-not-found,persistent,-1,immediate,1,1,1,1172,throw,software.amazon.awssdk.services.dynamodb.model.ResourceNotFoundException,-,ResourceNotFoundException,400,FAULTREQID000000000000000,-,false,false,false,DynamoDb,present,injected_fault_(Service:_DynamoDb;_Status_Code:_400;_Request_ID:_FAULTREQID000000000000000)_(SDK_Attempt_Count:_1)
baseline,v2-sync,18,resource-not-found,transient,2,immediate,1,1,1,1211,throw,software.amazon.awssdk.services.dynamodb.model.ResourceNotFoundException,-,ResourceNotFoundException,400,FAULTREQID000000000000000,-,false,false,false,DynamoDb,present,injected_fault_(Service:_DynamoDb;_Status_Code:_400;_Request_ID:_FAULTREQID000000000000000)_(SDK_Attempt_Count:_1)
baseline,v2-sync,19,none,control,-1,immediate,1,0,1,1401,ok,-,-,-,-,-,-,-,-,-,-,-,-
baseline,v2-sync,19,internal-error,persistent,-1,immediate,3,3,2,2650,throw,software.amazon.awssdk.services.dynamodb.model.InternalServerErrorException,-,InternalServerError,500,FAULTREQID000000000000000,-,false,false,false,DynamoDb,present,injected_fault_(Service:_DynamoDb;_Status_Code:_500;_Request_ID:_FAULTREQID000000000000000)_(SDK_Attempt_Count:_3)
baseline,v2-sync,19,internal-error,transient,2,immediate,3,2,2,2484,ok,-,-,-,-,-,-,-,-,-,-,-,-
baseline,v2-sync,19,throughput-exceeded,persistent,-1,immediate,3,3,2,2475,throw,software.amazon.awssdk.services.dynamodb.model.ProvisionedThroughputExceededException,-,ProvisionedThroughputExceededException,400,FAULTREQID000000000000000,-,false,true,false,DynamoDb,present,injected_fault_(Service:_DynamoDb;_Status_Code:_400;_Request_ID:_FAULTREQID000000000000000)_(SDK_Attempt_Count:_3)
baseline,v2-sync,19,throughput-exceeded,transient,2,immediate,3,2,2,2423,ok,-,-,-,-,-,-,-,-,-,-,-,-
baseline,v2-sync,19,unavailable,persistent,-1,immediate,3,3,2,2400,throw,software.amazon.awssdk.services.dynamodb.model.DynamoDbException,-,-,503,FAULTREQID000000000000000,-,false,false,false,DynamoDb,present,Service_returned_HTTP_status_code_503_(Service:_DynamoDb;_Status_Code:_503;_Request_ID:_FAULTREQID000000000000000)_(SDK_Attempt_Count:_3)
baseline,v2-sync,19,unavailable,transient,2,immediate,3,2,2,2324,ok,-,-,-,-,-,-,-,-,-,-,-,-
baseline,v2-sync,19,empty-500,persistent,-1,immediate,3,3,2,2354,throw,software.amazon.awssdk.services.dynamodb.model.DynamoDbException,-,-,500,FAULTREQID000000000000000,-,false,false,false,DynamoDb,present,Service_returned_HTTP_status_code_500_(Service:_DynamoDb;_Status_Code:_500;_Request_ID:_FAULTREQID000000000000000)_(SDK_Attempt_Count:_3)
baseline,v2-sync,19,empty-500,transient,2,immediate,3,2,2,2216,ok,-,-,-,-,-,-,-,-,-,-,-,-
baseline,v2-sync,19,malformed-body,persistent,-1,immediate,3,3,2,2514,throw,software.amazon.awssdk.core.exception.SdkClientException,java.io.UncheckedIOException,-,-,-,-,false,-,-,-,-,Unable_to_unmarshall_response_(software.amazon.awssdk.thirdparty.jackson.core.io.JsonEOFException:_Unexpected_end-of-input_in_VALUE_STRING_at_[Source:_(software...
baseline,v2-sync,19,malformed-body,transient,2,immediate,3,2,2,2481,ok,-,-,-,-,-,-,-,-,-,-,-,-
baseline,v2-sync,19,resource-not-found,persistent,-1,immediate,1,1,1,1734,throw,software.amazon.awssdk.services.dynamodb.model.ResourceNotFoundException,-,ResourceNotFoundException,400,FAULTREQID000000000000000,-,false,false,false,DynamoDb,present,injected_fault_(Service:_DynamoDb;_Status_Code:_400;_Request_ID:_FAULTREQID000000000000000)_(SDK_Attempt_Count:_1)
baseline,v2-sync,19,resource-not-found,transient,2,immediate,1,1,1,1271,throw,software.amazon.awssdk.services.dynamodb.model.ResourceNotFoundException,-,ResourceNotFoundException,400,FAULTREQID000000000000000,-,false,false,false,DynamoDb,present,injected_fault_(Service:_DynamoDb;_Status_Code:_400;_Request_ID:_FAULTREQID000000000000000)_(SDK_Attempt_Count:_1)
baseline,v2-sync,20,none,control,-1,immediate,1,0,1,1143,ok,-,-,-,-,-,-,-,-,-,-,-,-
baseline,v2-sync,20,internal-error,persistent,-1,immediate,3,3,2,2533,throw,software.amazon.awssdk.services.dynamodb.model.InternalServerErrorException,-,InternalServerError,500,FAULTREQID000000000000000,-,false,false,false,DynamoDb,present,injected_fault_(Service:_DynamoDb;_Status_Code:_500;_Request_ID:_FAULTREQID000000000000000)_(SDK_Attempt_Count:_3)
baseline,v2-sync,20,internal-error,transient,2,immediate,3,2,6,6511,ok,-,-,-,-,-,-,-,-,-,-,-,-
baseline,v2-sync,20,throughput-exceeded,persistent,-1,immediate,3,3,2,2574,throw,software.amazon.awssdk.services.dynamodb.model.ProvisionedThroughputExceededException,-,ProvisionedThroughputExceededException,400,FAULTREQID000000000000000,-,false,true,false,DynamoDb,present,injected_fault_(Service:_DynamoDb;_Status_Code:_400;_Request_ID:_FAULTREQID000000000000000)_(SDK_Attempt_Count:_3)
baseline,v2-sync,20,throughput-exceeded,transient,2,immediate,3,2,2,2507,ok,-,-,-,-,-,-,-,-,-,-,-,-
baseline,v2-sync,20,unavailable,persistent,-1,immediate,3,3,2,2862,throw,software.amazon.awssdk.services.dynamodb.model.DynamoDbException,-,-,503,FAULTREQID000000000000000,-,false,false,false,DynamoDb,present,Service_returned_HTTP_status_code_503_(Service:_DynamoDb;_Status_Code:_503;_Request_ID:_FAULTREQID000000000000000)_(SDK_Attempt_Count:_3)
baseline,v2-sync,20,unavailable,transient,2,immediate,3,2,2,2410,ok,-,-,-,-,-,-,-,-,-,-,-,-
baseline,v2-sync,20,empty-500,persistent,-1,immediate,3,3,2,2621,throw,software.amazon.awssdk.services.dynamodb.model.DynamoDbException,-,-,500,FAULTREQID000000000000000,-,false,false,false,DynamoDb,present,Service_returned_HTTP_status_code_500_(Service:_DynamoDb;_Status_Code:_500;_Request_ID:_FAULTREQID000000000000000)_(SDK_Attempt_Count:_3)
baseline,v2-sync,20,empty-500,transient,2,immediate,3,2,4,4137,ok,-,-,-,-,-,-,-,-,-,-,-,-
baseline,v2-sync,20,malformed-body,persistent,-1,immediate,3,3,2,2406,throw,software.amazon.awssdk.core.exception.SdkClientException,java.io.UncheckedIOException,-,-,-,-,false,-,-,-,-,Unable_to_unmarshall_response_(software.amazon.awssdk.thirdparty.jackson.core.io.JsonEOFException:_Unexpected_end-of-input_in_VALUE_STRING_at_[Source:_(software...
baseline,v2-sync,20,malformed-body,transient,2,immediate,3,2,2,2671,ok,-,-,-,-,-,-,-,-,-,-,-,-
baseline,v2-sync,20,resource-not-found,persistent,-1,immediate,1,1,1,1171,throw,software.amazon.awssdk.services.dynamodb.model.ResourceNotFoundException,-,ResourceNotFoundException,400,FAULTREQID000000000000000,-,false,false,false,DynamoDb,present,injected_fault_(Service:_DynamoDb;_Status_Code:_400;_Request_ID:_FAULTREQID000000000000000)_(SDK_Attempt_Count:_1)
baseline,v2-sync,20,resource-not-found,transient,2,immediate,1,1,1,1186,throw,software.amazon.awssdk.services.dynamodb.model.ResourceNotFoundException,-,ResourceNotFoundException,400,FAULTREQID000000000000000,-,false,false,false,DynamoDb,present,injected_fault_(Service:_DynamoDb;_Status_Code:_400;_Request_ID:_FAULTREQID000000000000000)_(SDK_Attempt_Count:_1)
baseline,v2-sync,21,none,control,-1,immediate,1,0,0,999,ok,-,-,-,-,-,-,-,-,-,-,-,-
baseline,v2-sync,21,internal-error,persistent,-1,immediate,3,3,2,2300,throw,software.amazon.awssdk.services.dynamodb.model.InternalServerErrorException,-,InternalServerError,500,FAULTREQID000000000000000,-,false,false,false,DynamoDb,present,injected_fault_(Service:_DynamoDb;_Status_Code:_500;_Request_ID:_FAULTREQID000000000000000)_(SDK_Attempt_Count:_3)
baseline,v2-sync,21,internal-error,transient,2,immediate,3,2,2,2364,ok,-,-,-,-,-,-,-,-,-,-,-,-
baseline,v2-sync,21,throughput-exceeded,persistent,-1,immediate,3,3,2,2439,throw,software.amazon.awssdk.services.dynamodb.model.ProvisionedThroughputExceededException,-,ProvisionedThroughputExceededException,400,FAULTREQID000000000000000,-,false,true,false,DynamoDb,present,injected_fault_(Service:_DynamoDb;_Status_Code:_400;_Request_ID:_FAULTREQID000000000000000)_(SDK_Attempt_Count:_3)
baseline,v2-sync,21,throughput-exceeded,transient,2,immediate,3,2,10,10651,ok,-,-,-,-,-,-,-,-,-,-,-,-
baseline,v2-sync,21,unavailable,persistent,-1,immediate,3,3,2,2660,throw,software.amazon.awssdk.services.dynamodb.model.DynamoDbException,-,-,503,FAULTREQID000000000000000,-,false,false,false,DynamoDb,present,Service_returned_HTTP_status_code_503_(Service:_DynamoDb;_Status_Code:_503;_Request_ID:_FAULTREQID000000000000000)_(SDK_Attempt_Count:_3)
baseline,v2-sync,21,unavailable,transient,2,immediate,3,2,2,2497,ok,-,-,-,-,-,-,-,-,-,-,-,-
baseline,v2-sync,21,empty-500,persistent,-1,immediate,3,3,2,2354,throw,software.amazon.awssdk.services.dynamodb.model.DynamoDbException,-,-,500,FAULTREQID000000000000000,-,false,false,false,DynamoDb,present,Service_returned_HTTP_status_code_500_(Service:_DynamoDb;_Status_Code:_500;_Request_ID:_FAULTREQID000000000000000)_(SDK_Attempt_Count:_3)
baseline,v2-sync,21,empty-500,transient,2,immediate,3,2,2,2525,ok,-,-,-,-,-,-,-,-,-,-,-,-
baseline,v2-sync,21,malformed-body,persistent,-1,immediate,3,3,2,2485,throw,software.amazon.awssdk.core.exception.SdkClientException,java.io.UncheckedIOException,-,-,-,-,false,-,-,-,-,Unable_to_unmarshall_response_(software.amazon.awssdk.thirdparty.jackson.core.io.JsonEOFException:_Unexpected_end-of-input_in_VALUE_STRING_at_[Source:_(software...
baseline,v2-sync,21,malformed-body,transient,2,immediate,3,2,9,9026,ok,-,-,-,-,-,-,-,-,-,-,-,-
baseline,v2-sync,21,resource-not-found,persistent,-1,immediate,1,1,1,1191,throw,software.amazon.awssdk.services.dynamodb.model.ResourceNotFoundException,-,ResourceNotFoundException,400,FAULTREQID000000000000000,-,false,false,false,DynamoDb,present,injected_fault_(Service:_DynamoDb;_Status_Code:_400;_Request_ID:_FAULTREQID000000000000000)_(SDK_Attempt_Count:_1)
baseline,v2-sync,21,resource-not-found,transient,2,immediate,1,1,1,1319,throw,software.amazon.awssdk.services.dynamodb.model.ResourceNotFoundException,-,ResourceNotFoundException,400,FAULTREQID000000000000000,-,false,false,false,DynamoDb,present,injected_fault_(Service:_DynamoDb;_Status_Code:_400;_Request_ID:_FAULTREQID000000000000000)_(SDK_Attempt_Count:_1)
baseline,v2-sync,22,none,control,-1,immediate,1,0,1,1119,ok,-,-,-,-,-,-,-,-,-,-,-,-
baseline,v2-sync,22,internal-error,persistent,-1,immediate,3,3,2,2576,throw,software.amazon.awssdk.services.dynamodb.model.InternalServerErrorException,-,InternalServerError,500,FAULTREQID000000000000000,-,false,false,false,DynamoDb,present,injected_fault_(Service:_DynamoDb;_Status_Code:_500;_Request_ID:_FAULTREQID000000000000000)_(SDK_Attempt_Count:_3)
baseline,v2-sync,22,internal-error,transient,2,immediate,3,2,3,3484,ok,-,-,-,-,-,-,-,-,-,-,-,-
baseline,v2-sync,22,throughput-exceeded,persistent,-1,immediate,3,3,3,3202,throw,software.amazon.awssdk.services.dynamodb.model.ProvisionedThroughputExceededException,-,ProvisionedThroughputExceededException,400,FAULTREQID000000000000000,-,false,true,false,DynamoDb,present,injected_fault_(Service:_DynamoDb;_Status_Code:_400;_Request_ID:_FAULTREQID000000000000000)_(SDK_Attempt_Count:_3)
baseline,v2-sync,22,throughput-exceeded,transient,2,immediate,3,2,2,2964,ok,-,-,-,-,-,-,-,-,-,-,-,-
baseline,v2-sync,22,unavailable,persistent,-1,immediate,3,3,3,3463,throw,software.amazon.awssdk.services.dynamodb.model.DynamoDbException,-,-,503,FAULTREQID000000000000000,-,false,false,false,DynamoDb,present,Service_returned_HTTP_status_code_503_(Service:_DynamoDb;_Status_Code:_503;_Request_ID:_FAULTREQID000000000000000)_(SDK_Attempt_Count:_3)
baseline,v2-sync,22,unavailable,transient,2,immediate,3,2,2,2490,ok,-,-,-,-,-,-,-,-,-,-,-,-
baseline,v2-sync,22,empty-500,persistent,-1,immediate,3,3,4,4658,throw,software.amazon.awssdk.services.dynamodb.model.DynamoDbException,-,-,500,FAULTREQID000000000000000,-,false,false,false,DynamoDb,present,Service_returned_HTTP_status_code_500_(Service:_DynamoDb;_Status_Code:_500;_Request_ID:_FAULTREQID000000000000000)_(SDK_Attempt_Count:_3)
baseline,v2-sync,22,empty-500,transient,2,immediate,3,2,2,2775,ok,-,-,-,-,-,-,-,-,-,-,-,-
baseline,v2-sync,22,malformed-body,persistent,-1,immediate,3,3,3,3013,throw,software.amazon.awssdk.core.exception.SdkClientException,java.io.UncheckedIOException,-,-,-,-,false,-,-,-,-,Unable_to_unmarshall_response_(software.amazon.awssdk.thirdparty.jackson.core.io.JsonEOFException:_Unexpected_end-of-input_in_VALUE_STRING_at_[Source:_(software...
baseline,v2-sync,22,malformed-body,transient,2,immediate,3,2,2,2371,ok,-,-,-,-,-,-,-,-,-,-,-,-
baseline,v2-sync,22,resource-not-found,persistent,-1,immediate,1,1,1,1296,throw,software.amazon.awssdk.services.dynamodb.model.ResourceNotFoundException,-,ResourceNotFoundException,400,FAULTREQID000000000000000,-,false,false,false,DynamoDb,present,injected_fault_(Service:_DynamoDb;_Status_Code:_400;_Request_ID:_FAULTREQID000000000000000)_(SDK_Attempt_Count:_1)
baseline,v2-sync,22,resource-not-found,transient,2,immediate,1,1,1,1246,throw,software.amazon.awssdk.services.dynamodb.model.ResourceNotFoundException,-,ResourceNotFoundException,400,FAULTREQID000000000000000,-,false,false,false,DynamoDb,present,injected_fault_(Service:_DynamoDb;_Status_Code:_400;_Request_ID:_FAULTREQID000000000000000)_(SDK_Attempt_Count:_1)
baseline,v2-sync,23,none,control,-1,immediate,1,0,1,1015,ok,-,-,-,-,-,-,-,-,-,-,-,-
baseline,v2-sync,23,internal-error,persistent,-1,immediate,3,3,2,2867,throw,software.amazon.awssdk.services.dynamodb.model.InternalServerErrorException,-,InternalServerError,500,FAULTREQID000000000000000,-,false,false,false,DynamoDb,present,injected_fault_(Service:_DynamoDb;_Status_Code:_500;_Request_ID:_FAULTREQID000000000000000)_(SDK_Attempt_Count:_3)
baseline,v2-sync,23,internal-error,transient,2,immediate,3,2,9,9818,ok,-,-,-,-,-,-,-,-,-,-,-,-
baseline,v2-sync,23,throughput-exceeded,persistent,-1,immediate,3,3,13,13550,throw,software.amazon.awssdk.services.dynamodb.model.ProvisionedThroughputExceededException,-,ProvisionedThroughputExceededException,400,FAULTREQID000000000000000,-,false,true,false,DynamoDb,present,injected_fault_(Service:_DynamoDb;_Status_Code:_400;_Request_ID:_FAULTREQID000000000000000)_(SDK_Attempt_Count:_3)
baseline,v2-sync,23,throughput-exceeded,transient,2,immediate,3,2,3,3493,ok,-,-,-,-,-,-,-,-,-,-,-,-
baseline,v2-sync,23,unavailable,persistent,-1,immediate,3,3,2,2568,throw,software.amazon.awssdk.services.dynamodb.model.DynamoDbException,-,-,503,FAULTREQID000000000000000,-,false,false,false,DynamoDb,present,Service_returned_HTTP_status_code_503_(Service:_DynamoDb;_Status_Code:_503;_Request_ID:_FAULTREQID000000000000000)_(SDK_Attempt_Count:_3)
baseline,v2-sync,23,unavailable,transient,2,immediate,3,2,2,2185,ok,-,-,-,-,-,-,-,-,-,-,-,-
baseline,v2-sync,23,empty-500,persistent,-1,immediate,3,3,2,2164,throw,software.amazon.awssdk.services.dynamodb.model.DynamoDbException,-,-,500,FAULTREQID000000000000000,-,false,false,false,DynamoDb,present,Service_returned_HTTP_status_code_500_(Service:_DynamoDb;_Status_Code:_500;_Request_ID:_FAULTREQID000000000000000)_(SDK_Attempt_Count:_3)
baseline,v2-sync,23,empty-500,transient,2,immediate,3,2,2,2043,ok,-,-,-,-,-,-,-,-,-,-,-,-
baseline,v2-sync,23,malformed-body,persistent,-1,immediate,3,3,2,2294,throw,software.amazon.awssdk.core.exception.SdkClientException,java.io.UncheckedIOException,-,-,-,-,false,-,-,-,-,Unable_to_unmarshall_response_(software.amazon.awssdk.thirdparty.jackson.core.io.JsonEOFException:_Unexpected_end-of-input_in_VALUE_STRING_at_[Source:_(software...
baseline,v2-sync,23,malformed-body,transient,2,immediate,3,2,2,2173,ok,-,-,-,-,-,-,-,-,-,-,-,-
baseline,v2-sync,23,resource-not-found,persistent,-1,immediate,1,1,1,1050,throw,software.amazon.awssdk.services.dynamodb.model.ResourceNotFoundException,-,ResourceNotFoundException,400,FAULTREQID000000000000000,-,false,false,false,DynamoDb,present,injected_fault_(Service:_DynamoDb;_Status_Code:_400;_Request_ID:_FAULTREQID000000000000000)_(SDK_Attempt_Count:_1)
baseline,v2-sync,23,resource-not-found,transient,2,immediate,1,1,1,1044,throw,software.amazon.awssdk.services.dynamodb.model.ResourceNotFoundException,-,ResourceNotFoundException,400,FAULTREQID000000000000000,-,false,false,false,DynamoDb,present,injected_fault_(Service:_DynamoDb;_Status_Code:_400;_Request_ID:_FAULTREQID000000000000000)_(SDK_Attempt_Count:_1)
baseline,v2-sync,24,none,control,-1,immediate,1,0,0,937,ok,-,-,-,-,-,-,-,-,-,-,-,-
baseline,v2-sync,24,internal-error,persistent,-1,immediate,3,3,2,2282,throw,software.amazon.awssdk.services.dynamodb.model.InternalServerErrorException,-,InternalServerError,500,FAULTREQID000000000000000,-,false,false,false,DynamoDb,present,injected_fault_(Service:_DynamoDb;_Status_Code:_500;_Request_ID:_FAULTREQID000000000000000)_(SDK_Attempt_Count:_3)
baseline,v2-sync,24,internal-error,transient,2,immediate,3,2,2,2334,ok,-,-,-,-,-,-,-,-,-,-,-,-
baseline,v2-sync,24,throughput-exceeded,persistent,-1,immediate,3,3,2,2886,throw,software.amazon.awssdk.services.dynamodb.model.ProvisionedThroughputExceededException,-,ProvisionedThroughputExceededException,400,FAULTREQID000000000000000,-,false,true,false,DynamoDb,present,injected_fault_(Service:_DynamoDb;_Status_Code:_400;_Request_ID:_FAULTREQID000000000000000)_(SDK_Attempt_Count:_3)
baseline,v2-sync,24,throughput-exceeded,transient,2,immediate,3,2,2,2223,ok,-,-,-,-,-,-,-,-,-,-,-,-
baseline,v2-sync,24,unavailable,persistent,-1,immediate,3,3,2,2417,throw,software.amazon.awssdk.services.dynamodb.model.DynamoDbException,-,-,503,FAULTREQID000000000000000,-,false,false,false,DynamoDb,present,Service_returned_HTTP_status_code_503_(Service:_DynamoDb;_Status_Code:_503;_Request_ID:_FAULTREQID000000000000000)_(SDK_Attempt_Count:_3)
baseline,v2-sync,24,unavailable,transient,2,immediate,3,2,2,2147,ok,-,-,-,-,-,-,-,-,-,-,-,-
baseline,v2-sync,24,empty-500,persistent,-1,immediate,3,3,2,2516,throw,software.amazon.awssdk.services.dynamodb.model.DynamoDbException,-,-,500,FAULTREQID000000000000000,-,false,false,false,DynamoDb,present,Service_returned_HTTP_status_code_500_(Service:_DynamoDb;_Status_Code:_500;_Request_ID:_FAULTREQID000000000000000)_(SDK_Attempt_Count:_3)
baseline,v2-sync,24,empty-500,transient,2,immediate,3,2,2,2179,ok,-,-,-,-,-,-,-,-,-,-,-,-
baseline,v2-sync,24,malformed-body,persistent,-1,immediate,3,3,2,2447,throw,software.amazon.awssdk.core.exception.SdkClientException,java.io.UncheckedIOException,-,-,-,-,false,-,-,-,-,Unable_to_unmarshall_response_(software.amazon.awssdk.thirdparty.jackson.core.io.JsonEOFException:_Unexpected_end-of-input_in_VALUE_STRING_at_[Source:_(software...
baseline,v2-sync,24,malformed-body,transient,2,immediate,3,2,16,16771,ok,-,-,-,-,-,-,-,-,-,-,-,-
baseline,v2-sync,24,resource-not-found,persistent,-1,immediate,1,1,1,1307,throw,software.amazon.awssdk.services.dynamodb.model.ResourceNotFoundException,-,ResourceNotFoundException,400,FAULTREQID000000000000000,-,false,false,false,DynamoDb,present,injected_fault_(Service:_DynamoDb;_Status_Code:_400;_Request_ID:_FAULTREQID000000000000000)_(SDK_Attempt_Count:_1)
baseline,v2-sync,24,resource-not-found,transient,2,immediate,1,1,1,1080,throw,software.amazon.awssdk.services.dynamodb.model.ResourceNotFoundException,-,ResourceNotFoundException,400,FAULTREQID000000000000000,-,false,false,false,DynamoDb,present,injected_fault_(Service:_DynamoDb;_Status_Code:_400;_Request_ID:_FAULTREQID000000000000000)_(SDK_Attempt_Count:_1)
baseline,v2-sync,25,none,control,-1,immediate,1,0,0,999,ok,-,-,-,-,-,-,-,-,-,-,-,-
baseline,v2-sync,25,internal-error,persistent,-1,immediate,3,3,2,2375,throw,software.amazon.awssdk.services.dynamodb.model.InternalServerErrorException,-,InternalServerError,500,FAULTREQID000000000000000,-,false,false,false,DynamoDb,present,injected_fault_(Service:_DynamoDb;_Status_Code:_500;_Request_ID:_FAULTREQID000000000000000)_(SDK_Attempt_Count:_3)
baseline,v2-sync,25,internal-error,transient,2,immediate,3,2,2,2776,ok,-,-,-,-,-,-,-,-,-,-,-,-
baseline,v2-sync,25,throughput-exceeded,persistent,-1,immediate,3,3,3,3063,throw,software.amazon.awssdk.services.dynamodb.model.ProvisionedThroughputExceededException,-,ProvisionedThroughputExceededException,400,FAULTREQID000000000000000,-,false,true,false,DynamoDb,present,injected_fault_(Service:_DynamoDb;_Status_Code:_400;_Request_ID:_FAULTREQID000000000000000)_(SDK_Attempt_Count:_3)
baseline,v2-sync,25,throughput-exceeded,transient,2,immediate,3,2,2,2852,ok,-,-,-,-,-,-,-,-,-,-,-,-
baseline,v2-sync,25,unavailable,persistent,-1,immediate,3,3,2,2533,throw,software.amazon.awssdk.services.dynamodb.model.DynamoDbException,-,-,503,FAULTREQID000000000000000,-,false,false,false,DynamoDb,present,Service_returned_HTTP_status_code_503_(Service:_DynamoDb;_Status_Code:_503;_Request_ID:_FAULTREQID000000000000000)_(SDK_Attempt_Count:_3)
baseline,v2-sync,25,unavailable,transient,2,immediate,3,2,2,2539,ok,-,-,-,-,-,-,-,-,-,-,-,-
baseline,v2-sync,25,empty-500,persistent,-1,immediate,3,3,2,2577,throw,software.amazon.awssdk.services.dynamodb.model.DynamoDbException,-,-,500,FAULTREQID000000000000000,-,false,false,false,DynamoDb,present,Service_returned_HTTP_status_code_500_(Service:_DynamoDb;_Status_Code:_500;_Request_ID:_FAULTREQID000000000000000)_(SDK_Attempt_Count:_3)
baseline,v2-sync,25,empty-500,transient,2,immediate,3,2,2,2309,ok,-,-,-,-,-,-,-,-,-,-,-,-
baseline,v2-sync,25,malformed-body,persistent,-1,immediate,3,3,2,2562,throw,software.amazon.awssdk.core.exception.SdkClientException,java.io.UncheckedIOException,-,-,-,-,false,-,-,-,-,Unable_to_unmarshall_response_(software.amazon.awssdk.thirdparty.jackson.core.io.JsonEOFException:_Unexpected_end-of-input_in_VALUE_STRING_at_[Source:_(software...
baseline,v2-sync,25,malformed-body,transient,2,immediate,3,2,2,2303,ok,-,-,-,-,-,-,-,-,-,-,-,-
baseline,v2-sync,25,resource-not-found,persistent,-1,immediate,1,1,1,1067,throw,software.amazon.awssdk.services.dynamodb.model.ResourceNotFoundException,-,ResourceNotFoundException,400,FAULTREQID000000000000000,-,false,false,false,DynamoDb,present,injected_fault_(Service:_DynamoDb;_Status_Code:_400;_Request_ID:_FAULTREQID000000000000000)_(SDK_Attempt_Count:_1)
baseline,v2-sync,25,resource-not-found,transient,2,immediate,1,1,1,1050,throw,software.amazon.awssdk.services.dynamodb.model.ResourceNotFoundException,-,ResourceNotFoundException,400,FAULTREQID000000000000000,-,false,false,false,DynamoDb,present,injected_fault_(Service:_DynamoDb;_Status_Code:_400;_Request_ID:_FAULTREQID000000000000000)_(SDK_Attempt_Count:_1)
baseline,v2-sync,26,none,control,-1,immediate,1,0,1,1173,ok,-,-,-,-,-,-,-,-,-,-,-,-
baseline,v2-sync,26,internal-error,persistent,-1,immediate,3,3,2,2323,throw,software.amazon.awssdk.services.dynamodb.model.InternalServerErrorException,-,InternalServerError,500,FAULTREQID000000000000000,-,false,false,false,DynamoDb,present,injected_fault_(Service:_DynamoDb;_Status_Code:_500;_Request_ID:_FAULTREQID000000000000000)_(SDK_Attempt_Count:_3)
baseline,v2-sync,26,internal-error,transient,2,immediate,3,2,2,2223,ok,-,-,-,-,-,-,-,-,-,-,-,-
baseline,v2-sync,26,throughput-exceeded,persistent,-1,immediate,3,3,2,2156,throw,software.amazon.awssdk.services.dynamodb.model.ProvisionedThroughputExceededException,-,ProvisionedThroughputExceededException,400,FAULTREQID000000000000000,-,false,true,false,DynamoDb,present,injected_fault_(Service:_DynamoDb;_Status_Code:_400;_Request_ID:_FAULTREQID000000000000000)_(SDK_Attempt_Count:_3)
baseline,v2-sync,26,throughput-exceeded,transient,2,immediate,3,2,2,2106,ok,-,-,-,-,-,-,-,-,-,-,-,-
baseline,v2-sync,26,unavailable,persistent,-1,immediate,3,3,2,2474,throw,software.amazon.awssdk.services.dynamodb.model.DynamoDbException,-,-,503,FAULTREQID000000000000000,-,false,false,false,DynamoDb,present,Service_returned_HTTP_status_code_503_(Service:_DynamoDb;_Status_Code:_503;_Request_ID:_FAULTREQID000000000000000)_(SDK_Attempt_Count:_3)
baseline,v2-sync,26,unavailable,transient,2,immediate,3,2,3,3081,ok,-,-,-,-,-,-,-,-,-,-,-,-
baseline,v2-sync,26,empty-500,persistent,-1,immediate,3,3,2,2614,throw,software.amazon.awssdk.services.dynamodb.model.DynamoDbException,-,-,500,FAULTREQID000000000000000,-,false,false,false,DynamoDb,present,Service_returned_HTTP_status_code_500_(Service:_DynamoDb;_Status_Code:_500;_Request_ID:_FAULTREQID000000000000000)_(SDK_Attempt_Count:_3)
baseline,v2-sync,26,empty-500,transient,2,immediate,3,2,2,2170,ok,-,-,-,-,-,-,-,-,-,-,-,-
baseline,v2-sync,26,malformed-body,persistent,-1,immediate,3,3,2,2777,throw,software.amazon.awssdk.core.exception.SdkClientException,java.io.UncheckedIOException,-,-,-,-,false,-,-,-,-,Unable_to_unmarshall_response_(software.amazon.awssdk.thirdparty.jackson.core.io.JsonEOFException:_Unexpected_end-of-input_in_VALUE_STRING_at_[Source:_(software...
baseline,v2-sync,26,malformed-body,transient,2,immediate,3,2,2,2144,ok,-,-,-,-,-,-,-,-,-,-,-,-
baseline,v2-sync,26,resource-not-found,persistent,-1,immediate,1,1,1,1107,throw,software.amazon.awssdk.services.dynamodb.model.ResourceNotFoundException,-,ResourceNotFoundException,400,FAULTREQID000000000000000,-,false,false,false,DynamoDb,present,injected_fault_(Service:_DynamoDb;_Status_Code:_400;_Request_ID:_FAULTREQID000000000000000)_(SDK_Attempt_Count:_1)
baseline,v2-sync,26,resource-not-found,transient,2,immediate,1,1,1,1308,throw,software.amazon.awssdk.services.dynamodb.model.ResourceNotFoundException,-,ResourceNotFoundException,400,FAULTREQID000000000000000,-,false,false,false,DynamoDb,present,injected_fault_(Service:_DynamoDb;_Status_Code:_400;_Request_ID:_FAULTREQID000000000000000)_(SDK_Attempt_Count:_1)
baseline,v2-sync,27,none,control,-1,immediate,1,0,1,1055,ok,-,-,-,-,-,-,-,-,-,-,-,-
baseline,v2-sync,27,internal-error,persistent,-1,immediate,3,3,2,2420,throw,software.amazon.awssdk.services.dynamodb.model.InternalServerErrorException,-,InternalServerError,500,FAULTREQID000000000000000,-,false,false,false,DynamoDb,present,injected_fault_(Service:_DynamoDb;_Status_Code:_500;_Request_ID:_FAULTREQID000000000000000)_(SDK_Attempt_Count:_3)
baseline,v2-sync,27,internal-error,transient,2,immediate,3,2,2,2497,ok,-,-,-,-,-,-,-,-,-,-,-,-
baseline,v2-sync,27,throughput-exceeded,persistent,-1,immediate,3,3,2,2907,throw,software.amazon.awssdk.services.dynamodb.model.ProvisionedThroughputExceededException,-,ProvisionedThroughputExceededException,400,FAULTREQID000000000000000,-,false,true,false,DynamoDb,present,injected_fault_(Service:_DynamoDb;_Status_Code:_400;_Request_ID:_FAULTREQID000000000000000)_(SDK_Attempt_Count:_3)
baseline,v2-sync,27,throughput-exceeded,transient,2,immediate,3,2,2,2509,ok,-,-,-,-,-,-,-,-,-,-,-,-
baseline,v2-sync,27,unavailable,persistent,-1,immediate,3,3,2,2708,throw,software.amazon.awssdk.services.dynamodb.model.DynamoDbException,-,-,503,FAULTREQID000000000000000,-,false,false,false,DynamoDb,present,Service_returned_HTTP_status_code_503_(Service:_DynamoDb;_Status_Code:_503;_Request_ID:_FAULTREQID000000000000000)_(SDK_Attempt_Count:_3)
baseline,v2-sync,27,unavailable,transient,2,immediate,3,2,2,2266,ok,-,-,-,-,-,-,-,-,-,-,-,-
baseline,v2-sync,27,empty-500,persistent,-1,immediate,3,3,2,2181,throw,software.amazon.awssdk.services.dynamodb.model.DynamoDbException,-,-,500,FAULTREQID000000000000000,-,false,false,false,DynamoDb,present,Service_returned_HTTP_status_code_500_(Service:_DynamoDb;_Status_Code:_500;_Request_ID:_FAULTREQID000000000000000)_(SDK_Attempt_Count:_3)
baseline,v2-sync,27,empty-500,transient,2,immediate,3,2,2,2588,ok,-,-,-,-,-,-,-,-,-,-,-,-
baseline,v2-sync,27,malformed-body,persistent,-1,immediate,3,3,2,2832,throw,software.amazon.awssdk.core.exception.SdkClientException,java.io.UncheckedIOException,-,-,-,-,false,-,-,-,-,Unable_to_unmarshall_response_(software.amazon.awssdk.thirdparty.jackson.core.io.JsonEOFException:_Unexpected_end-of-input_in_VALUE_STRING_at_[Source:_(software...
baseline,v2-sync,27,malformed-body,transient,2,immediate,3,2,2,2520,ok,-,-,-,-,-,-,-,-,-,-,-,-
baseline,v2-sync,27,resource-not-found,persistent,-1,immediate,1,1,2,2213,throw,software.amazon.awssdk.services.dynamodb.model.ResourceNotFoundException,-,ResourceNotFoundException,400,FAULTREQID000000000000000,-,false,false,false,DynamoDb,present,injected_fault_(Service:_DynamoDb;_Status_Code:_400;_Request_ID:_FAULTREQID000000000000000)_(SDK_Attempt_Count:_1)
baseline,v2-sync,27,resource-not-found,transient,2,immediate,1,1,1,1146,throw,software.amazon.awssdk.services.dynamodb.model.ResourceNotFoundException,-,ResourceNotFoundException,400,FAULTREQID000000000000000,-,false,false,false,DynamoDb,present,injected_fault_(Service:_DynamoDb;_Status_Code:_400;_Request_ID:_FAULTREQID000000000000000)_(SDK_Attempt_Count:_1)
baseline,v2-sync,28,none,control,-1,immediate,1,0,1,1009,ok,-,-,-,-,-,-,-,-,-,-,-,-
baseline,v2-sync,28,internal-error,persistent,-1,immediate,3,3,2,2341,throw,software.amazon.awssdk.services.dynamodb.model.InternalServerErrorException,-,InternalServerError,500,FAULTREQID000000000000000,-,false,false,false,DynamoDb,present,injected_fault_(Service:_DynamoDb;_Status_Code:_500;_Request_ID:_FAULTREQID000000000000000)_(SDK_Attempt_Count:_3)
baseline,v2-sync,28,internal-error,transient,2,immediate,3,2,2,2384,ok,-,-,-,-,-,-,-,-,-,-,-,-
baseline,v2-sync,28,throughput-exceeded,persistent,-1,immediate,3,3,3,3621,throw,software.amazon.awssdk.services.dynamodb.model.ProvisionedThroughputExceededException,-,ProvisionedThroughputExceededException,400,FAULTREQID000000000000000,-,false,true,false,DynamoDb,present,injected_fault_(Service:_DynamoDb;_Status_Code:_400;_Request_ID:_FAULTREQID000000000000000)_(SDK_Attempt_Count:_3)
baseline,v2-sync,28,throughput-exceeded,transient,2,immediate,3,2,2,2653,ok,-,-,-,-,-,-,-,-,-,-,-,-
baseline,v2-sync,28,unavailable,persistent,-1,immediate,3,3,2,2741,throw,software.amazon.awssdk.services.dynamodb.model.DynamoDbException,-,-,503,FAULTREQID000000000000000,-,false,false,false,DynamoDb,present,Service_returned_HTTP_status_code_503_(Service:_DynamoDb;_Status_Code:_503;_Request_ID:_FAULTREQID000000000000000)_(SDK_Attempt_Count:_3)
baseline,v2-sync,28,unavailable,transient,2,immediate,3,2,2,2912,ok,-,-,-,-,-,-,-,-,-,-,-,-
baseline,v2-sync,28,empty-500,persistent,-1,immediate,3,3,2,2422,throw,software.amazon.awssdk.services.dynamodb.model.DynamoDbException,-,-,500,FAULTREQID000000000000000,-,false,false,false,DynamoDb,present,Service_returned_HTTP_status_code_500_(Service:_DynamoDb;_Status_Code:_500;_Request_ID:_FAULTREQID000000000000000)_(SDK_Attempt_Count:_3)
baseline,v2-sync,28,empty-500,transient,2,immediate,3,2,2,2554,ok,-,-,-,-,-,-,-,-,-,-,-,-
baseline,v2-sync,28,malformed-body,persistent,-1,immediate,3,3,2,2766,throw,software.amazon.awssdk.core.exception.SdkClientException,java.io.UncheckedIOException,-,-,-,-,false,-,-,-,-,Unable_to_unmarshall_response_(software.amazon.awssdk.thirdparty.jackson.core.io.JsonEOFException:_Unexpected_end-of-input_in_VALUE_STRING_at_[Source:_(software...
baseline,v2-sync,28,malformed-body,transient,2,immediate,3,2,2,2637,ok,-,-,-,-,-,-,-,-,-,-,-,-
baseline,v2-sync,28,resource-not-found,persistent,-1,immediate,1,1,1,1105,throw,software.amazon.awssdk.services.dynamodb.model.ResourceNotFoundException,-,ResourceNotFoundException,400,FAULTREQID000000000000000,-,false,false,false,DynamoDb,present,injected_fault_(Service:_DynamoDb;_Status_Code:_400;_Request_ID:_FAULTREQID000000000000000)_(SDK_Attempt_Count:_1)
baseline,v2-sync,28,resource-not-found,transient,2,immediate,1,1,1,1964,throw,software.amazon.awssdk.services.dynamodb.model.ResourceNotFoundException,-,ResourceNotFoundException,400,FAULTREQID000000000000000,-,false,false,false,DynamoDb,present,injected_fault_(Service:_DynamoDb;_Status_Code:_400;_Request_ID:_FAULTREQID000000000000000)_(SDK_Attempt_Count:_1)
baseline,v2-sync,29,none,control,-1,immediate,1,0,1,1813,ok,-,-,-,-,-,-,-,-,-,-,-,-
baseline,v2-sync,29,internal-error,persistent,-1,immediate,3,3,3,3221,throw,software.amazon.awssdk.services.dynamodb.model.InternalServerErrorException,-,InternalServerError,500,FAULTREQID000000000000000,-,false,false,false,DynamoDb,present,injected_fault_(Service:_DynamoDb;_Status_Code:_500;_Request_ID:_FAULTREQID000000000000000)_(SDK_Attempt_Count:_3)
baseline,v2-sync,29,internal-error,transient,2,immediate,3,2,3,3390,ok,-,-,-,-,-,-,-,-,-,-,-,-
baseline,v2-sync,29,throughput-exceeded,persistent,-1,immediate,3,3,3,3375,throw,software.amazon.awssdk.services.dynamodb.model.ProvisionedThroughputExceededException,-,ProvisionedThroughputExceededException,400,FAULTREQID000000000000000,-,false,true,false,DynamoDb,present,injected_fault_(Service:_DynamoDb;_Status_Code:_400;_Request_ID:_FAULTREQID000000000000000)_(SDK_Attempt_Count:_3)
baseline,v2-sync,29,throughput-exceeded,transient,2,immediate,3,2,2,2922,ok,-,-,-,-,-,-,-,-,-,-,-,-
baseline,v2-sync,29,unavailable,persistent,-1,immediate,3,3,3,3097,throw,software.amazon.awssdk.services.dynamodb.model.DynamoDbException,-,-,503,FAULTREQID000000000000000,-,false,false,false,DynamoDb,present,Service_returned_HTTP_status_code_503_(Service:_DynamoDb;_Status_Code:_503;_Request_ID:_FAULTREQID000000000000000)_(SDK_Attempt_Count:_3)
baseline,v2-sync,29,unavailable,transient,2,immediate,3,2,2,2456,ok,-,-,-,-,-,-,-,-,-,-,-,-
baseline,v2-sync,29,empty-500,persistent,-1,immediate,3,3,2,2275,throw,software.amazon.awssdk.services.dynamodb.model.DynamoDbException,-,-,500,FAULTREQID000000000000000,-,false,false,false,DynamoDb,present,Service_returned_HTTP_status_code_500_(Service:_DynamoDb;_Status_Code:_500;_Request_ID:_FAULTREQID000000000000000)_(SDK_Attempt_Count:_3)
baseline,v2-sync,29,empty-500,transient,2,immediate,3,2,2,2197,ok,-,-,-,-,-,-,-,-,-,-,-,-
baseline,v2-sync,29,malformed-body,persistent,-1,immediate,3,3,4,4525,throw,software.amazon.awssdk.core.exception.SdkClientException,java.io.UncheckedIOException,-,-,-,-,false,-,-,-,-,Unable_to_unmarshall_response_(software.amazon.awssdk.thirdparty.jackson.core.io.JsonEOFException:_Unexpected_end-of-input_in_VALUE_STRING_at_[Source:_(software...
baseline,v2-sync,29,malformed-body,transient,2,immediate,3,2,4,4952,ok,-,-,-,-,-,-,-,-,-,-,-,-
baseline,v2-sync,29,resource-not-found,persistent,-1,immediate,1,1,1,1803,throw,software.amazon.awssdk.services.dynamodb.model.ResourceNotFoundException,-,ResourceNotFoundException,400,FAULTREQID000000000000000,-,false,false,false,DynamoDb,present,injected_fault_(Service:_DynamoDb;_Status_Code:_400;_Request_ID:_FAULTREQID000000000000000)_(SDK_Attempt_Count:_1)
baseline,v2-sync,29,resource-not-found,transient,2,immediate,1,1,1,1690,throw,software.amazon.awssdk.services.dynamodb.model.ResourceNotFoundException,-,ResourceNotFoundException,400,FAULTREQID000000000000000,-,false,false,false,DynamoDb,present,injected_fault_(Service:_DynamoDb;_Status_Code:_400;_Request_ID:_FAULTREQID000000000000000)_(SDK_Attempt_Count:_1)
baseline,v2-sync,30,none,control,-1,immediate,1,0,1,1107,ok,-,-,-,-,-,-,-,-,-,-,-,-
baseline,v2-sync,30,internal-error,persistent,-1,immediate,3,3,2,2385,throw,software.amazon.awssdk.services.dynamodb.model.InternalServerErrorException,-,InternalServerError,500,FAULTREQID000000000000000,-,false,false,false,DynamoDb,present,injected_fault_(Service:_DynamoDb;_Status_Code:_500;_Request_ID:_FAULTREQID000000000000000)_(SDK_Attempt_Count:_3)
baseline,v2-sync,30,internal-error,transient,2,immediate,3,2,2,2487,ok,-,-,-,-,-,-,-,-,-,-,-,-
baseline,v2-sync,30,throughput-exceeded,persistent,-1,immediate,3,3,2,2406,throw,software.amazon.awssdk.services.dynamodb.model.ProvisionedThroughputExceededException,-,ProvisionedThroughputExceededException,400,FAULTREQID000000000000000,-,false,true,false,DynamoDb,present,injected_fault_(Service:_DynamoDb;_Status_Code:_400;_Request_ID:_FAULTREQID000000000000000)_(SDK_Attempt_Count:_3)
baseline,v2-sync,30,throughput-exceeded,transient,2,immediate,3,2,2,2688,ok,-,-,-,-,-,-,-,-,-,-,-,-
baseline,v2-sync,30,unavailable,persistent,-1,immediate,3,3,2,2678,throw,software.amazon.awssdk.services.dynamodb.model.DynamoDbException,-,-,503,FAULTREQID000000000000000,-,false,false,false,DynamoDb,present,Service_returned_HTTP_status_code_503_(Service:_DynamoDb;_Status_Code:_503;_Request_ID:_FAULTREQID000000000000000)_(SDK_Attempt_Count:_3)
baseline,v2-sync,30,unavailable,transient,2,immediate,3,2,3,3513,ok,-,-,-,-,-,-,-,-,-,-,-,-
baseline,v2-sync,30,empty-500,persistent,-1,immediate,3,3,5,5298,throw,software.amazon.awssdk.services.dynamodb.model.DynamoDbException,-,-,500,FAULTREQID000000000000000,-,false,false,false,DynamoDb,present,Service_returned_HTTP_status_code_500_(Service:_DynamoDb;_Status_Code:_500;_Request_ID:_FAULTREQID000000000000000)_(SDK_Attempt_Count:_3)
baseline,v2-sync,30,empty-500,transient,2,immediate,3,2,2,2766,ok,-,-,-,-,-,-,-,-,-,-,-,-
baseline,v2-sync,30,malformed-body,persistent,-1,immediate,3,3,2,2447,throw,software.amazon.awssdk.core.exception.SdkClientException,java.io.UncheckedIOException,-,-,-,-,false,-,-,-,-,Unable_to_unmarshall_response_(software.amazon.awssdk.thirdparty.jackson.core.io.JsonEOFException:_Unexpected_end-of-input_in_VALUE_STRING_at_[Source:_(software...
baseline,v2-sync,30,malformed-body,transient,2,immediate,3,2,2,2227,ok,-,-,-,-,-,-,-,-,-,-,-,-
baseline,v2-sync,30,resource-not-found,persistent,-1,immediate,1,1,1,1118,throw,software.amazon.awssdk.services.dynamodb.model.ResourceNotFoundException,-,ResourceNotFoundException,400,FAULTREQID000000000000000,-,false,false,false,DynamoDb,present,injected_fault_(Service:_DynamoDb;_Status_Code:_400;_Request_ID:_FAULTREQID000000000000000)_(SDK_Attempt_Count:_1)
baseline,v2-sync,30,resource-not-found,transient,2,immediate,1,1,1,1010,throw,software.amazon.awssdk.services.dynamodb.model.ResourceNotFoundException,-,ResourceNotFoundException,400,FAULTREQID000000000000000,-,false,false,false,DynamoDb,present,injected_fault_(Service:_DynamoDb;_Status_Code:_400;_Request_ID:_FAULTREQID000000000000000)_(SDK_Attempt_Count:_1)
baseline,v2-sync,31,none,control,-1,immediate,1,0,0,950,ok,-,-,-,-,-,-,-,-,-,-,-,-
baseline,v2-sync,31,internal-error,persistent,-1,immediate,3,3,2,2228,throw,software.amazon.awssdk.services.dynamodb.model.InternalServerErrorException,-,InternalServerError,500,FAULTREQID000000000000000,-,false,false,false,DynamoDb,present,injected_fault_(Service:_DynamoDb;_Status_Code:_500;_Request_ID:_FAULTREQID000000000000000)_(SDK_Attempt_Count:_3)
baseline,v2-sync,31,internal-error,transient,2,immediate,3,2,2,2224,ok,-,-,-,-,-,-,-,-,-,-,-,-
baseline,v2-sync,31,throughput-exceeded,persistent,-1,immediate,3,3,2,2317,throw,software.amazon.awssdk.services.dynamodb.model.ProvisionedThroughputExceededException,-,ProvisionedThroughputExceededException,400,FAULTREQID000000000000000,-,false,true,false,DynamoDb,present,injected_fault_(Service:_DynamoDb;_Status_Code:_400;_Request_ID:_FAULTREQID000000000000000)_(SDK_Attempt_Count:_3)
baseline,v2-sync,31,throughput-exceeded,transient,2,immediate,3,2,2,2272,ok,-,-,-,-,-,-,-,-,-,-,-,-
baseline,v2-sync,31,unavailable,persistent,-1,immediate,3,3,2,2494,throw,software.amazon.awssdk.services.dynamodb.model.DynamoDbException,-,-,503,FAULTREQID000000000000000,-,false,false,false,DynamoDb,present,Service_returned_HTTP_status_code_503_(Service:_DynamoDb;_Status_Code:_503;_Request_ID:_FAULTREQID000000000000000)_(SDK_Attempt_Count:_3)
baseline,v2-sync,31,unavailable,transient,2,immediate,3,2,2,2456,ok,-,-,-,-,-,-,-,-,-,-,-,-
baseline,v2-sync,31,empty-500,persistent,-1,immediate,3,3,2,2433,throw,software.amazon.awssdk.services.dynamodb.model.DynamoDbException,-,-,500,FAULTREQID000000000000000,-,false,false,false,DynamoDb,present,Service_returned_HTTP_status_code_500_(Service:_DynamoDb;_Status_Code:_500;_Request_ID:_FAULTREQID000000000000000)_(SDK_Attempt_Count:_3)
baseline,v2-sync,31,empty-500,transient,2,immediate,3,2,2,2271,ok,-,-,-,-,-,-,-,-,-,-,-,-
baseline,v2-sync,31,malformed-body,persistent,-1,immediate,3,3,2,2298,throw,software.amazon.awssdk.core.exception.SdkClientException,java.io.UncheckedIOException,-,-,-,-,false,-,-,-,-,Unable_to_unmarshall_response_(software.amazon.awssdk.thirdparty.jackson.core.io.JsonEOFException:_Unexpected_end-of-input_in_VALUE_STRING_at_[Source:_(software...
baseline,v2-sync,31,malformed-body,transient,2,immediate,3,2,2,2114,ok,-,-,-,-,-,-,-,-,-,-,-,-
baseline,v2-sync,31,resource-not-found,persistent,-1,immediate,1,1,1,1047,throw,software.amazon.awssdk.services.dynamodb.model.ResourceNotFoundException,-,ResourceNotFoundException,400,FAULTREQID000000000000000,-,false,false,false,DynamoDb,present,injected_fault_(Service:_DynamoDb;_Status_Code:_400;_Request_ID:_FAULTREQID000000000000000)_(SDK_Attempt_Count:_1)
baseline,v2-sync,31,resource-not-found,transient,2,immediate,1,1,1,1165,throw,software.amazon.awssdk.services.dynamodb.model.ResourceNotFoundException,-,ResourceNotFoundException,400,FAULTREQID000000000000000,-,false,false,false,DynamoDb,present,injected_fault_(Service:_DynamoDb;_Status_Code:_400;_Request_ID:_FAULTREQID000000000000000)_(SDK_Attempt_Count:_1)
baseline,v2-sync,32,none,control,-1,immediate,1,0,0,945,ok,-,-,-,-,-,-,-,-,-,-,-,-
baseline,v2-sync,32,internal-error,persistent,-1,immediate,3,3,2,2252,throw,software.amazon.awssdk.services.dynamodb.model.InternalServerErrorException,-,InternalServerError,500,FAULTREQID000000000000000,-,false,false,false,DynamoDb,present,injected_fault_(Service:_DynamoDb;_Status_Code:_500;_Request_ID:_FAULTREQID000000000000000)_(SDK_Attempt_Count:_3)
baseline,v2-sync,32,internal-error,transient,2,immediate,3,2,2,2276,ok,-,-,-,-,-,-,-,-,-,-,-,-
baseline,v2-sync,32,throughput-exceeded,persistent,-1,immediate,3,3,2,2212,throw,software.amazon.awssdk.services.dynamodb.model.ProvisionedThroughputExceededException,-,ProvisionedThroughputExceededException,400,FAULTREQID000000000000000,-,false,true,false,DynamoDb,present,injected_fault_(Service:_DynamoDb;_Status_Code:_400;_Request_ID:_FAULTREQID000000000000000)_(SDK_Attempt_Count:_3)
baseline,v2-sync,32,throughput-exceeded,transient,2,immediate,3,2,2,2271,ok,-,-,-,-,-,-,-,-,-,-,-,-
baseline,v2-sync,32,unavailable,persistent,-1,immediate,3,3,2,2384,throw,software.amazon.awssdk.services.dynamodb.model.DynamoDbException,-,-,503,FAULTREQID000000000000000,-,false,false,false,DynamoDb,present,Service_returned_HTTP_status_code_503_(Service:_DynamoDb;_Status_Code:_503;_Request_ID:_FAULTREQID000000000000000)_(SDK_Attempt_Count:_3)
baseline,v2-sync,32,unavailable,transient,2,immediate,3,2,2,2179,ok,-,-,-,-,-,-,-,-,-,-,-,-
baseline,v2-sync,32,empty-500,persistent,-1,immediate,3,3,2,2253,throw,software.amazon.awssdk.services.dynamodb.model.DynamoDbException,-,-,500,FAULTREQID000000000000000,-,false,false,false,DynamoDb,present,Service_returned_HTTP_status_code_500_(Service:_DynamoDb;_Status_Code:_500;_Request_ID:_FAULTREQID000000000000000)_(SDK_Attempt_Count:_3)
baseline,v2-sync,32,empty-500,transient,2,immediate,3,2,2,2036,ok,-,-,-,-,-,-,-,-,-,-,-,-
baseline,v2-sync,32,malformed-body,persistent,-1,immediate,3,3,2,2355,throw,software.amazon.awssdk.core.exception.SdkClientException,java.io.UncheckedIOException,-,-,-,-,false,-,-,-,-,Unable_to_unmarshall_response_(software.amazon.awssdk.thirdparty.jackson.core.io.JsonEOFException:_Unexpected_end-of-input_in_VALUE_STRING_at_[Source:_(software...
baseline,v2-sync,32,malformed-body,transient,2,immediate,3,2,2,2212,ok,-,-,-,-,-,-,-,-,-,-,-,-
baseline,v2-sync,32,resource-not-found,persistent,-1,immediate,1,1,1,1174,throw,software.amazon.awssdk.services.dynamodb.model.ResourceNotFoundException,-,ResourceNotFoundException,400,FAULTREQID000000000000000,-,false,false,false,DynamoDb,present,injected_fault_(Service:_DynamoDb;_Status_Code:_400;_Request_ID:_FAULTREQID000000000000000)_(SDK_Attempt_Count:_1)
baseline,v2-sync,32,resource-not-found,transient,2,immediate,1,1,1,1302,throw,software.amazon.awssdk.services.dynamodb.model.ResourceNotFoundException,-,ResourceNotFoundException,400,FAULTREQID000000000000000,-,false,false,false,DynamoDb,present,injected_fault_(Service:_DynamoDb;_Status_Code:_400;_Request_ID:_FAULTREQID000000000000000)_(SDK_Attempt_Count:_1)
baseline,v2-sync,33,none,control,-1,immediate,1,0,1,1352,ok,-,-,-,-,-,-,-,-,-,-,-,-
baseline,v2-sync,33,internal-error,persistent,-1,immediate,3,3,2,2641,throw,software.amazon.awssdk.services.dynamodb.model.InternalServerErrorException,-,InternalServerError,500,FAULTREQID000000000000000,-,false,false,false,DynamoDb,present,injected_fault_(Service:_DynamoDb;_Status_Code:_500;_Request_ID:_FAULTREQID000000000000000)_(SDK_Attempt_Count:_3)
baseline,v2-sync,33,internal-error,transient,2,immediate,3,2,2,2175,ok,-,-,-,-,-,-,-,-,-,-,-,-
baseline,v2-sync,33,throughput-exceeded,persistent,-1,immediate,3,3,2,2130,throw,software.amazon.awssdk.services.dynamodb.model.ProvisionedThroughputExceededException,-,ProvisionedThroughputExceededException,400,FAULTREQID000000000000000,-,false,true,false,DynamoDb,present,injected_fault_(Service:_DynamoDb;_Status_Code:_400;_Request_ID:_FAULTREQID000000000000000)_(SDK_Attempt_Count:_3)
baseline,v2-sync,33,throughput-exceeded,transient,2,immediate,3,2,2,2086,ok,-,-,-,-,-,-,-,-,-,-,-,-
baseline,v2-sync,33,unavailable,persistent,-1,immediate,3,3,2,2170,throw,software.amazon.awssdk.services.dynamodb.model.DynamoDbException,-,-,503,FAULTREQID000000000000000,-,false,false,false,DynamoDb,present,Service_returned_HTTP_status_code_503_(Service:_DynamoDb;_Status_Code:_503;_Request_ID:_FAULTREQID000000000000000)_(SDK_Attempt_Count:_3)
baseline,v2-sync,33,unavailable,transient,2,immediate,3,2,2,2225,ok,-,-,-,-,-,-,-,-,-,-,-,-
baseline,v2-sync,33,empty-500,persistent,-1,immediate,3,3,2,2011,throw,software.amazon.awssdk.services.dynamodb.model.DynamoDbException,-,-,500,FAULTREQID000000000000000,-,false,false,false,DynamoDb,present,Service_returned_HTTP_status_code_500_(Service:_DynamoDb;_Status_Code:_500;_Request_ID:_FAULTREQID000000000000000)_(SDK_Attempt_Count:_3)
baseline,v2-sync,33,empty-500,transient,2,immediate,3,2,2,2295,ok,-,-,-,-,-,-,-,-,-,-,-,-
baseline,v2-sync,33,malformed-body,persistent,-1,immediate,3,3,2,2211,throw,software.amazon.awssdk.core.exception.SdkClientException,java.io.UncheckedIOException,-,-,-,-,false,-,-,-,-,Unable_to_unmarshall_response_(software.amazon.awssdk.thirdparty.jackson.core.io.JsonEOFException:_Unexpected_end-of-input_in_VALUE_STRING_at_[Source:_(software...
baseline,v2-sync,33,malformed-body,transient,2,immediate,3,2,2,2010,ok,-,-,-,-,-,-,-,-,-,-,-,-
baseline,v2-sync,33,resource-not-found,persistent,-1,immediate,1,1,1,1073,throw,software.amazon.awssdk.services.dynamodb.model.ResourceNotFoundException,-,ResourceNotFoundException,400,FAULTREQID000000000000000,-,false,false,false,DynamoDb,present,injected_fault_(Service:_DynamoDb;_Status_Code:_400;_Request_ID:_FAULTREQID000000000000000)_(SDK_Attempt_Count:_1)
baseline,v2-sync,33,resource-not-found,transient,2,immediate,1,1,1,1207,throw,software.amazon.awssdk.services.dynamodb.model.ResourceNotFoundException,-,ResourceNotFoundException,400,FAULTREQID000000000000000,-,false,false,false,DynamoDb,present,injected_fault_(Service:_DynamoDb;_Status_Code:_400;_Request_ID:_FAULTREQID000000000000000)_(SDK_Attempt_Count:_1)
baseline,v2-sync,34,none,control,-1,immediate,1,0,1,1021,ok,-,-,-,-,-,-,-,-,-,-,-,-
baseline,v2-sync,34,internal-error,persistent,-1,immediate,3,3,2,2442,throw,software.amazon.awssdk.services.dynamodb.model.InternalServerErrorException,-,InternalServerError,500,FAULTREQID000000000000000,-,false,false,false,DynamoDb,present,injected_fault_(Service:_DynamoDb;_Status_Code:_500;_Request_ID:_FAULTREQID000000000000000)_(SDK_Attempt_Count:_3)
baseline,v2-sync,34,internal-error,transient,2,immediate,3,2,2,2691,ok,-,-,-,-,-,-,-,-,-,-,-,-
baseline,v2-sync,34,throughput-exceeded,persistent,-1,immediate,3,3,2,2893,throw,software.amazon.awssdk.services.dynamodb.model.ProvisionedThroughputExceededException,-,ProvisionedThroughputExceededException,400,FAULTREQID000000000000000,-,false,true,false,DynamoDb,present,injected_fault_(Service:_DynamoDb;_Status_Code:_400;_Request_ID:_FAULTREQID000000000000000)_(SDK_Attempt_Count:_3)
baseline,v2-sync,34,throughput-exceeded,transient,2,immediate,3,2,3,3458,ok,-,-,-,-,-,-,-,-,-,-,-,-
baseline,v2-sync,34,unavailable,persistent,-1,immediate,3,3,3,3902,throw,software.amazon.awssdk.services.dynamodb.model.DynamoDbException,-,-,503,FAULTREQID000000000000000,-,false,false,false,DynamoDb,present,Service_returned_HTTP_status_code_503_(Service:_DynamoDb;_Status_Code:_503;_Request_ID:_FAULTREQID000000000000000)_(SDK_Attempt_Count:_3)
baseline,v2-sync,34,unavailable,transient,2,immediate,3,2,2,2806,ok,-,-,-,-,-,-,-,-,-,-,-,-
baseline,v2-sync,34,empty-500,persistent,-1,immediate,3,3,2,2772,throw,software.amazon.awssdk.services.dynamodb.model.DynamoDbException,-,-,500,FAULTREQID000000000000000,-,false,false,false,DynamoDb,present,Service_returned_HTTP_status_code_500_(Service:_DynamoDb;_Status_Code:_500;_Request_ID:_FAULTREQID000000000000000)_(SDK_Attempt_Count:_3)
baseline,v2-sync,34,empty-500,transient,2,immediate,3,2,3,3328,ok,-,-,-,-,-,-,-,-,-,-,-,-
baseline,v2-sync,34,malformed-body,persistent,-1,immediate,3,3,2,2845,throw,software.amazon.awssdk.core.exception.SdkClientException,java.io.UncheckedIOException,-,-,-,-,false,-,-,-,-,Unable_to_unmarshall_response_(software.amazon.awssdk.thirdparty.jackson.core.io.JsonEOFException:_Unexpected_end-of-input_in_VALUE_STRING_at_[Source:_(software...
baseline,v2-sync,34,malformed-body,transient,2,immediate,3,2,3,3365,ok,-,-,-,-,-,-,-,-,-,-,-,-
baseline,v2-sync,34,resource-not-found,persistent,-1,immediate,1,1,1,1439,throw,software.amazon.awssdk.services.dynamodb.model.ResourceNotFoundException,-,ResourceNotFoundException,400,FAULTREQID000000000000000,-,false,false,false,DynamoDb,present,injected_fault_(Service:_DynamoDb;_Status_Code:_400;_Request_ID:_FAULTREQID000000000000000)_(SDK_Attempt_Count:_1)
baseline,v2-sync,34,resource-not-found,transient,2,immediate,1,1,1,1430,throw,software.amazon.awssdk.services.dynamodb.model.ResourceNotFoundException,-,ResourceNotFoundException,400,FAULTREQID000000000000000,-,false,false,false,DynamoDb,present,injected_fault_(Service:_DynamoDb;_Status_Code:_400;_Request_ID:_FAULTREQID000000000000000)_(SDK_Attempt_Count:_1)
baseline,v2-sync,35,none,control,-1,immediate,1,0,0,992,ok,-,-,-,-,-,-,-,-,-,-,-,-
baseline,v2-sync,35,internal-error,persistent,-1,immediate,3,3,2,2224,throw,software.amazon.awssdk.services.dynamodb.model.InternalServerErrorException,-,InternalServerError,500,FAULTREQID000000000000000,-,false,false,false,DynamoDb,present,injected_fault_(Service:_DynamoDb;_Status_Code:_500;_Request_ID:_FAULTREQID000000000000000)_(SDK_Attempt_Count:_3)
baseline,v2-sync,35,internal-error,transient,2,immediate,3,2,2,2265,ok,-,-,-,-,-,-,-,-,-,-,-,-
baseline,v2-sync,35,throughput-exceeded,persistent,-1,immediate,3,3,2,2556,throw,software.amazon.awssdk.services.dynamodb.model.ProvisionedThroughputExceededException,-,ProvisionedThroughputExceededException,400,FAULTREQID000000000000000,-,false,true,false,DynamoDb,present,injected_fault_(Service:_DynamoDb;_Status_Code:_400;_Request_ID:_FAULTREQID000000000000000)_(SDK_Attempt_Count:_3)
baseline,v2-sync,35,throughput-exceeded,transient,2,immediate,3,2,2,2591,ok,-,-,-,-,-,-,-,-,-,-,-,-
baseline,v2-sync,35,unavailable,persistent,-1,immediate,3,3,5,5234,throw,software.amazon.awssdk.services.dynamodb.model.DynamoDbException,-,-,503,FAULTREQID000000000000000,-,false,false,false,DynamoDb,present,Service_returned_HTTP_status_code_503_(Service:_DynamoDb;_Status_Code:_503;_Request_ID:_FAULTREQID000000000000000)_(SDK_Attempt_Count:_3)
baseline,v2-sync,35,unavailable,transient,2,immediate,3,2,2,2449,ok,-,-,-,-,-,-,-,-,-,-,-,-
baseline,v2-sync,35,empty-500,persistent,-1,immediate,3,3,2,2065,throw,software.amazon.awssdk.services.dynamodb.model.DynamoDbException,-,-,500,FAULTREQID000000000000000,-,false,false,false,DynamoDb,present,Service_returned_HTTP_status_code_500_(Service:_DynamoDb;_Status_Code:_500;_Request_ID:_FAULTREQID000000000000000)_(SDK_Attempt_Count:_3)
baseline,v2-sync,35,empty-500,transient,2,immediate,3,2,1,1988,ok,-,-,-,-,-,-,-,-,-,-,-,-
baseline,v2-sync,35,malformed-body,persistent,-1,immediate,3,3,2,2005,throw,software.amazon.awssdk.core.exception.SdkClientException,java.io.UncheckedIOException,-,-,-,-,false,-,-,-,-,Unable_to_unmarshall_response_(software.amazon.awssdk.thirdparty.jackson.core.io.JsonEOFException:_Unexpected_end-of-input_in_VALUE_STRING_at_[Source:_(software...
baseline,v2-sync,35,malformed-body,transient,2,immediate,3,2,2,2073,ok,-,-,-,-,-,-,-,-,-,-,-,-
baseline,v2-sync,35,resource-not-found,persistent,-1,immediate,1,1,1,1178,throw,software.amazon.awssdk.services.dynamodb.model.ResourceNotFoundException,-,ResourceNotFoundException,400,FAULTREQID000000000000000,-,false,false,false,DynamoDb,present,injected_fault_(Service:_DynamoDb;_Status_Code:_400;_Request_ID:_FAULTREQID000000000000000)_(SDK_Attempt_Count:_1)
baseline,v2-sync,35,resource-not-found,transient,2,immediate,1,1,1,1084,throw,software.amazon.awssdk.services.dynamodb.model.ResourceNotFoundException,-,ResourceNotFoundException,400,FAULTREQID000000000000000,-,false,false,false,DynamoDb,present,injected_fault_(Service:_DynamoDb;_Status_Code:_400;_Request_ID:_FAULTREQID000000000000000)_(SDK_Attempt_Count:_1)
baseline,v2-sync,36,none,control,-1,immediate,1,0,0,937,ok,-,-,-,-,-,-,-,-,-,-,-,-
baseline,v2-sync,36,internal-error,persistent,-1,immediate,3,3,2,2050,throw,software.amazon.awssdk.services.dynamodb.model.InternalServerErrorException,-,InternalServerError,500,FAULTREQID000000000000000,-,false,false,false,DynamoDb,present,injected_fault_(Service:_DynamoDb;_Status_Code:_500;_Request_ID:_FAULTREQID000000000000000)_(SDK_Attempt_Count:_3)
baseline,v2-sync,36,internal-error,transient,2,immediate,3,2,1,1923,ok,-,-,-,-,-,-,-,-,-,-,-,-
baseline,v2-sync,36,throughput-exceeded,persistent,-1,immediate,3,3,2,2188,throw,software.amazon.awssdk.services.dynamodb.model.ProvisionedThroughputExceededException,-,ProvisionedThroughputExceededException,400,FAULTREQID000000000000000,-,false,true,false,DynamoDb,present,injected_fault_(Service:_DynamoDb;_Status_Code:_400;_Request_ID:_FAULTREQID000000000000000)_(SDK_Attempt_Count:_3)
baseline,v2-sync,36,throughput-exceeded,transient,2,immediate,3,2,2,2164,ok,-,-,-,-,-,-,-,-,-,-,-,-
baseline,v2-sync,36,unavailable,persistent,-1,immediate,3,3,2,2290,throw,software.amazon.awssdk.services.dynamodb.model.DynamoDbException,-,-,503,FAULTREQID000000000000000,-,false,false,false,DynamoDb,present,Service_returned_HTTP_status_code_503_(Service:_DynamoDb;_Status_Code:_503;_Request_ID:_FAULTREQID000000000000000)_(SDK_Attempt_Count:_3)
baseline,v2-sync,36,unavailable,transient,2,immediate,3,2,2,2235,ok,-,-,-,-,-,-,-,-,-,-,-,-
baseline,v2-sync,36,empty-500,persistent,-1,immediate,3,3,2,2163,throw,software.amazon.awssdk.services.dynamodb.model.DynamoDbException,-,-,500,FAULTREQID000000000000000,-,false,false,false,DynamoDb,present,Service_returned_HTTP_status_code_500_(Service:_DynamoDb;_Status_Code:_500;_Request_ID:_FAULTREQID000000000000000)_(SDK_Attempt_Count:_3)
baseline,v2-sync,36,empty-500,transient,2,immediate,3,2,2,2030,ok,-,-,-,-,-,-,-,-,-,-,-,-
baseline,v2-sync,36,malformed-body,persistent,-1,immediate,3,3,2,2046,throw,software.amazon.awssdk.core.exception.SdkClientException,java.io.UncheckedIOException,-,-,-,-,false,-,-,-,-,Unable_to_unmarshall_response_(software.amazon.awssdk.thirdparty.jackson.core.io.JsonEOFException:_Unexpected_end-of-input_in_VALUE_STRING_at_[Source:_(software...
baseline,v2-sync,36,malformed-body,transient,2,immediate,3,2,1,1971,ok,-,-,-,-,-,-,-,-,-,-,-,-
baseline,v2-sync,36,resource-not-found,persistent,-1,immediate,1,1,0,958,throw,software.amazon.awssdk.services.dynamodb.model.ResourceNotFoundException,-,ResourceNotFoundException,400,FAULTREQID000000000000000,-,false,false,false,DynamoDb,present,injected_fault_(Service:_DynamoDb;_Status_Code:_400;_Request_ID:_FAULTREQID000000000000000)_(SDK_Attempt_Count:_1)
baseline,v2-sync,36,resource-not-found,transient,2,immediate,1,1,0,936,throw,software.amazon.awssdk.services.dynamodb.model.ResourceNotFoundException,-,ResourceNotFoundException,400,FAULTREQID000000000000000,-,false,false,false,DynamoDb,present,injected_fault_(Service:_DynamoDb;_Status_Code:_400;_Request_ID:_FAULTREQID000000000000000)_(SDK_Attempt_Count:_1)
baseline,v2-sync,37,none,control,-1,immediate,1,0,0,889,ok,-,-,-,-,-,-,-,-,-,-,-,-
baseline,v2-sync,37,internal-error,persistent,-1,immediate,3,3,2,2411,throw,software.amazon.awssdk.services.dynamodb.model.InternalServerErrorException,-,InternalServerError,500,FAULTREQID000000000000000,-,false,false,false,DynamoDb,present,injected_fault_(Service:_DynamoDb;_Status_Code:_500;_Request_ID:_FAULTREQID000000000000000)_(SDK_Attempt_Count:_3)
baseline,v2-sync,37,internal-error,transient,2,immediate,3,2,6,6650,ok,-,-,-,-,-,-,-,-,-,-,-,-
baseline,v2-sync,37,throughput-exceeded,persistent,-1,immediate,3,3,2,2485,throw,software.amazon.awssdk.services.dynamodb.model.ProvisionedThroughputExceededException,-,ProvisionedThroughputExceededException,400,FAULTREQID000000000000000,-,false,true,false,DynamoDb,present,injected_fault_(Service:_DynamoDb;_Status_Code:_400;_Request_ID:_FAULTREQID000000000000000)_(SDK_Attempt_Count:_3)
baseline,v2-sync,37,throughput-exceeded,transient,2,immediate,3,2,2,2133,ok,-,-,-,-,-,-,-,-,-,-,-,-
baseline,v2-sync,37,unavailable,persistent,-1,immediate,3,3,2,2271,throw,software.amazon.awssdk.services.dynamodb.model.DynamoDbException,-,-,503,FAULTREQID000000000000000,-,false,false,false,DynamoDb,present,Service_returned_HTTP_status_code_503_(Service:_DynamoDb;_Status_Code:_503;_Request_ID:_FAULTREQID000000000000000)_(SDK_Attempt_Count:_3)
baseline,v2-sync,37,unavailable,transient,2,immediate,3,2,2,2143,ok,-,-,-,-,-,-,-,-,-,-,-,-
baseline,v2-sync,37,empty-500,persistent,-1,immediate,3,3,2,2264,throw,software.amazon.awssdk.services.dynamodb.model.DynamoDbException,-,-,500,FAULTREQID000000000000000,-,false,false,false,DynamoDb,present,Service_returned_HTTP_status_code_500_(Service:_DynamoDb;_Status_Code:_500;_Request_ID:_FAULTREQID000000000000000)_(SDK_Attempt_Count:_3)
baseline,v2-sync,37,empty-500,transient,2,immediate,3,2,2,2207,ok,-,-,-,-,-,-,-,-,-,-,-,-
baseline,v2-sync,37,malformed-body,persistent,-1,immediate,3,3,2,2402,throw,software.amazon.awssdk.core.exception.SdkClientException,java.io.UncheckedIOException,-,-,-,-,false,-,-,-,-,Unable_to_unmarshall_response_(software.amazon.awssdk.thirdparty.jackson.core.io.JsonEOFException:_Unexpected_end-of-input_in_VALUE_STRING_at_[Source:_(software...
baseline,v2-sync,37,malformed-body,transient,2,immediate,3,2,2,2279,ok,-,-,-,-,-,-,-,-,-,-,-,-
baseline,v2-sync,37,resource-not-found,persistent,-1,immediate,1,1,1,1192,throw,software.amazon.awssdk.services.dynamodb.model.ResourceNotFoundException,-,ResourceNotFoundException,400,FAULTREQID000000000000000,-,false,false,false,DynamoDb,present,injected_fault_(Service:_DynamoDb;_Status_Code:_400;_Request_ID:_FAULTREQID000000000000000)_(SDK_Attempt_Count:_1)
baseline,v2-sync,37,resource-not-found,transient,2,immediate,1,1,1,1172,throw,software.amazon.awssdk.services.dynamodb.model.ResourceNotFoundException,-,ResourceNotFoundException,400,FAULTREQID000000000000000,-,false,false,false,DynamoDb,present,injected_fault_(Service:_DynamoDb;_Status_Code:_400;_Request_ID:_FAULTREQID000000000000000)_(SDK_Attempt_Count:_1)
baseline,v2-sync,38,none,control,-1,immediate,1,0,1,1202,ok,-,-,-,-,-,-,-,-,-,-,-,-
baseline,v2-sync,38,internal-error,persistent,-1,immediate,3,3,2,2168,throw,software.amazon.awssdk.services.dynamodb.model.InternalServerErrorException,-,InternalServerError,500,FAULTREQID000000000000000,-,false,false,false,DynamoDb,present,injected_fault_(Service:_DynamoDb;_Status_Code:_500;_Request_ID:_FAULTREQID000000000000000)_(SDK_Attempt_Count:_3)
baseline,v2-sync,38,internal-error,transient,2,immediate,3,2,1,1975,ok,-,-,-,-,-,-,-,-,-,-,-,-
baseline,v2-sync,38,throughput-exceeded,persistent,-1,immediate,3,3,2,2489,throw,software.amazon.awssdk.services.dynamodb.model.ProvisionedThroughputExceededException,-,ProvisionedThroughputExceededException,400,FAULTREQID000000000000000,-,false,true,false,DynamoDb,present,injected_fault_(Service:_DynamoDb;_Status_Code:_400;_Request_ID:_FAULTREQID000000000000000)_(SDK_Attempt_Count:_3)
baseline,v2-sync,38,throughput-exceeded,transient,2,immediate,3,2,2,2193,ok,-,-,-,-,-,-,-,-,-,-,-,-
baseline,v2-sync,38,unavailable,persistent,-1,immediate,3,3,2,2508,throw,software.amazon.awssdk.services.dynamodb.model.DynamoDbException,-,-,503,FAULTREQID000000000000000,-,false,false,false,DynamoDb,present,Service_returned_HTTP_status_code_503_(Service:_DynamoDb;_Status_Code:_503;_Request_ID:_FAULTREQID000000000000000)_(SDK_Attempt_Count:_3)
baseline,v2-sync,38,unavailable,transient,2,immediate,3,2,2,2253,ok,-,-,-,-,-,-,-,-,-,-,-,-
baseline,v2-sync,38,empty-500,persistent,-1,immediate,3,3,2,2131,throw,software.amazon.awssdk.services.dynamodb.model.DynamoDbException,-,-,500,FAULTREQID000000000000000,-,false,false,false,DynamoDb,present,Service_returned_HTTP_status_code_500_(Service:_DynamoDb;_Status_Code:_500;_Request_ID:_FAULTREQID000000000000000)_(SDK_Attempt_Count:_3)
baseline,v2-sync,38,empty-500,transient,2,immediate,3,2,2,2315,ok,-,-,-,-,-,-,-,-,-,-,-,-
baseline,v2-sync,38,malformed-body,persistent,-1,immediate,3,3,2,2354,throw,software.amazon.awssdk.core.exception.SdkClientException,java.io.UncheckedIOException,-,-,-,-,false,-,-,-,-,Unable_to_unmarshall_response_(software.amazon.awssdk.thirdparty.jackson.core.io.JsonEOFException:_Unexpected_end-of-input_in_VALUE_STRING_at_[Source:_(software...
baseline,v2-sync,38,malformed-body,transient,2,immediate,3,2,2,2108,ok,-,-,-,-,-,-,-,-,-,-,-,-
baseline,v2-sync,38,resource-not-found,persistent,-1,immediate,1,1,1,1133,throw,software.amazon.awssdk.services.dynamodb.model.ResourceNotFoundException,-,ResourceNotFoundException,400,FAULTREQID000000000000000,-,false,false,false,DynamoDb,present,injected_fault_(Service:_DynamoDb;_Status_Code:_400;_Request_ID:_FAULTREQID000000000000000)_(SDK_Attempt_Count:_1)
baseline,v2-sync,38,resource-not-found,transient,2,immediate,1,1,1,1074,throw,software.amazon.awssdk.services.dynamodb.model.ResourceNotFoundException,-,ResourceNotFoundException,400,FAULTREQID000000000000000,-,false,false,false,DynamoDb,present,injected_fault_(Service:_DynamoDb;_Status_Code:_400;_Request_ID:_FAULTREQID000000000000000)_(SDK_Attempt_Count:_1)
baseline,v2-sync,39,none,control,-1,immediate,1,0,1,1367,ok,-,-,-,-,-,-,-,-,-,-,-,-
baseline,v2-sync,39,internal-error,persistent,-1,immediate,3,3,2,2544,throw,software.amazon.awssdk.services.dynamodb.model.InternalServerErrorException,-,InternalServerError,500,FAULTREQID000000000000000,-,false,false,false,DynamoDb,present,injected_fault_(Service:_DynamoDb;_Status_Code:_500;_Request_ID:_FAULTREQID000000000000000)_(SDK_Attempt_Count:_3)
baseline,v2-sync,39,internal-error,transient,2,immediate,3,2,2,2060,ok,-,-,-,-,-,-,-,-,-,-,-,-
baseline,v2-sync,39,throughput-exceeded,persistent,-1,immediate,3,3,2,2045,throw,software.amazon.awssdk.services.dynamodb.model.ProvisionedThroughputExceededException,-,ProvisionedThroughputExceededException,400,FAULTREQID000000000000000,-,false,true,false,DynamoDb,present,injected_fault_(Service:_DynamoDb;_Status_Code:_400;_Request_ID:_FAULTREQID000000000000000)_(SDK_Attempt_Count:_3)
baseline,v2-sync,39,throughput-exceeded,transient,2,immediate,3,2,1,1962,ok,-,-,-,-,-,-,-,-,-,-,-,-
baseline,v2-sync,39,unavailable,persistent,-1,immediate,3,3,2,2436,throw,software.amazon.awssdk.services.dynamodb.model.DynamoDbException,-,-,503,FAULTREQID000000000000000,-,false,false,false,DynamoDb,present,Service_returned_HTTP_status_code_503_(Service:_DynamoDb;_Status_Code:_503;_Request_ID:_FAULTREQID000000000000000)_(SDK_Attempt_Count:_3)
baseline,v2-sync,39,unavailable,transient,2,immediate,3,2,2,2174,ok,-,-,-,-,-,-,-,-,-,-,-,-
baseline,v2-sync,39,empty-500,persistent,-1,immediate,3,3,2,2041,throw,software.amazon.awssdk.services.dynamodb.model.DynamoDbException,-,-,500,FAULTREQID000000000000000,-,false,false,false,DynamoDb,present,Service_returned_HTTP_status_code_500_(Service:_DynamoDb;_Status_Code:_500;_Request_ID:_FAULTREQID000000000000000)_(SDK_Attempt_Count:_3)
baseline,v2-sync,39,empty-500,transient,2,immediate,3,2,2,2088,ok,-,-,-,-,-,-,-,-,-,-,-,-
baseline,v2-sync,39,malformed-body,persistent,-1,immediate,3,3,2,2275,throw,software.amazon.awssdk.core.exception.SdkClientException,java.io.UncheckedIOException,-,-,-,-,false,-,-,-,-,Unable_to_unmarshall_response_(software.amazon.awssdk.thirdparty.jackson.core.io.JsonEOFException:_Unexpected_end-of-input_in_VALUE_STRING_at_[Source:_(software...
baseline,v2-sync,39,malformed-body,transient,2,immediate,3,2,2,2117,ok,-,-,-,-,-,-,-,-,-,-,-,-
baseline,v2-sync,39,resource-not-found,persistent,-1,immediate,1,1,1,1420,throw,software.amazon.awssdk.services.dynamodb.model.ResourceNotFoundException,-,ResourceNotFoundException,400,FAULTREQID000000000000000,-,false,false,false,DynamoDb,present,injected_fault_(Service:_DynamoDb;_Status_Code:_400;_Request_ID:_FAULTREQID000000000000000)_(SDK_Attempt_Count:_1)
baseline,v2-sync,39,resource-not-found,transient,2,immediate,1,1,1,1362,throw,software.amazon.awssdk.services.dynamodb.model.ResourceNotFoundException,-,ResourceNotFoundException,400,FAULTREQID000000000000000,-,false,false,false,DynamoDb,present,injected_fault_(Service:_DynamoDb;_Status_Code:_400;_Request_ID:_FAULTREQID000000000000000)_(SDK_Attempt_Count:_1)
baseline,v2-sync,40,none,control,-1,immediate,1,0,5,5690,ok,-,-,-,-,-,-,-,-,-,-,-,-
baseline,v2-sync,40,internal-error,persistent,-1,immediate,3,3,2,2485,throw,software.amazon.awssdk.services.dynamodb.model.InternalServerErrorException,-,InternalServerError,500,FAULTREQID000000000000000,-,false,false,false,DynamoDb,present,injected_fault_(Service:_DynamoDb;_Status_Code:_500;_Request_ID:_FAULTREQID000000000000000)_(SDK_Attempt_Count:_3)
baseline,v2-sync,40,internal-error,transient,2,immediate,3,2,2,2190,ok,-,-,-,-,-,-,-,-,-,-,-,-
baseline,v2-sync,40,throughput-exceeded,persistent,-1,immediate,3,3,2,2869,throw,software.amazon.awssdk.services.dynamodb.model.ProvisionedThroughputExceededException,-,ProvisionedThroughputExceededException,400,FAULTREQID000000000000000,-,false,true,false,DynamoDb,present,injected_fault_(Service:_DynamoDb;_Status_Code:_400;_Request_ID:_FAULTREQID000000000000000)_(SDK_Attempt_Count:_3)
baseline,v2-sync,40,throughput-exceeded,transient,2,immediate,3,2,3,3658,ok,-,-,-,-,-,-,-,-,-,-,-,-
baseline,v2-sync,40,unavailable,persistent,-1,immediate,3,3,2,2433,throw,software.amazon.awssdk.services.dynamodb.model.DynamoDbException,-,-,503,FAULTREQID000000000000000,-,false,false,false,DynamoDb,present,Service_returned_HTTP_status_code_503_(Service:_DynamoDb;_Status_Code:_503;_Request_ID:_FAULTREQID000000000000000)_(SDK_Attempt_Count:_3)
baseline,v2-sync,40,unavailable,transient,2,immediate,3,2,2,2296,ok,-,-,-,-,-,-,-,-,-,-,-,-
baseline,v2-sync,40,empty-500,persistent,-1,immediate,3,3,2,2320,throw,software.amazon.awssdk.services.dynamodb.model.DynamoDbException,-,-,500,FAULTREQID000000000000000,-,false,false,false,DynamoDb,present,Service_returned_HTTP_status_code_500_(Service:_DynamoDb;_Status_Code:_500;_Request_ID:_FAULTREQID000000000000000)_(SDK_Attempt_Count:_3)
baseline,v2-sync,40,empty-500,transient,2,immediate,3,2,1,1911,ok,-,-,-,-,-,-,-,-,-,-,-,-
baseline,v2-sync,40,malformed-body,persistent,-1,immediate,3,3,3,3644,throw,software.amazon.awssdk.core.exception.SdkClientException,java.io.UncheckedIOException,-,-,-,-,false,-,-,-,-,Unable_to_unmarshall_response_(software.amazon.awssdk.thirdparty.jackson.core.io.JsonEOFException:_Unexpected_end-of-input_in_VALUE_STRING_at_[Source:_(software...
baseline,v2-sync,40,malformed-body,transient,2,immediate,3,2,1,1890,ok,-,-,-,-,-,-,-,-,-,-,-,-
baseline,v2-sync,40,resource-not-found,persistent,-1,immediate,1,1,0,955,throw,software.amazon.awssdk.services.dynamodb.model.ResourceNotFoundException,-,ResourceNotFoundException,400,FAULTREQID000000000000000,-,false,false,false,DynamoDb,present,injected_fault_(Service:_DynamoDb;_Status_Code:_400;_Request_ID:_FAULTREQID000000000000000)_(SDK_Attempt_Count:_1)
baseline,v2-sync,40,resource-not-found,transient,2,immediate,1,1,0,941,throw,software.amazon.awssdk.services.dynamodb.model.ResourceNotFoundException,-,ResourceNotFoundException,400,FAULTREQID000000000000000,-,false,false,false,DynamoDb,present,injected_fault_(Service:_DynamoDb;_Status_Code:_400;_Request_ID:_FAULTREQID000000000000000)_(SDK_Attempt_Count:_1)
baseline,v2-sync,41,none,control,-1,immediate,1,0,1,1091,ok,-,-,-,-,-,-,-,-,-,-,-,-
baseline,v2-sync,41,internal-error,persistent,-1,immediate,3,3,2,2164,throw,software.amazon.awssdk.services.dynamodb.model.InternalServerErrorException,-,InternalServerError,500,FAULTREQID000000000000000,-,false,false,false,DynamoDb,present,injected_fault_(Service:_DynamoDb;_Status_Code:_500;_Request_ID:_FAULTREQID000000000000000)_(SDK_Attempt_Count:_3)
baseline,v2-sync,41,internal-error,transient,2,immediate,3,2,1,1963,ok,-,-,-,-,-,-,-,-,-,-,-,-
baseline,v2-sync,41,throughput-exceeded,persistent,-1,immediate,3,3,2,2213,throw,software.amazon.awssdk.services.dynamodb.model.ProvisionedThroughputExceededException,-,ProvisionedThroughputExceededException,400,FAULTREQID000000000000000,-,false,true,false,DynamoDb,present,injected_fault_(Service:_DynamoDb;_Status_Code:_400;_Request_ID:_FAULTREQID000000000000000)_(SDK_Attempt_Count:_3)
baseline,v2-sync,41,throughput-exceeded,transient,2,immediate,3,2,1,1969,ok,-,-,-,-,-,-,-,-,-,-,-,-
baseline,v2-sync,41,unavailable,persistent,-1,immediate,3,3,3,3255,throw,software.amazon.awssdk.services.dynamodb.model.DynamoDbException,-,-,503,FAULTREQID000000000000000,-,false,false,false,DynamoDb,present,Service_returned_HTTP_status_code_503_(Service:_DynamoDb;_Status_Code:_503;_Request_ID:_FAULTREQID000000000000000)_(SDK_Attempt_Count:_3)
baseline,v2-sync,41,unavailable,transient,2,immediate,3,2,1,1952,ok,-,-,-,-,-,-,-,-,-,-,-,-
baseline,v2-sync,41,empty-500,persistent,-1,immediate,3,3,1,1953,throw,software.amazon.awssdk.services.dynamodb.model.DynamoDbException,-,-,500,FAULTREQID000000000000000,-,false,false,false,DynamoDb,present,Service_returned_HTTP_status_code_500_(Service:_DynamoDb;_Status_Code:_500;_Request_ID:_FAULTREQID000000000000000)_(SDK_Attempt_Count:_3)
baseline,v2-sync,41,empty-500,transient,2,immediate,3,2,1,1731,ok,-,-,-,-,-,-,-,-,-,-,-,-
baseline,v2-sync,41,malformed-body,persistent,-1,immediate,3,3,2,2030,throw,software.amazon.awssdk.core.exception.SdkClientException,java.io.UncheckedIOException,-,-,-,-,false,-,-,-,-,Unable_to_unmarshall_response_(software.amazon.awssdk.thirdparty.jackson.core.io.JsonEOFException:_Unexpected_end-of-input_in_VALUE_STRING_at_[Source:_(software...
baseline,v2-sync,41,malformed-body,transient,2,immediate,3,2,1,1834,ok,-,-,-,-,-,-,-,-,-,-,-,-
baseline,v2-sync,41,resource-not-found,persistent,-1,immediate,1,1,0,942,throw,software.amazon.awssdk.services.dynamodb.model.ResourceNotFoundException,-,ResourceNotFoundException,400,FAULTREQID000000000000000,-,false,false,false,DynamoDb,present,injected_fault_(Service:_DynamoDb;_Status_Code:_400;_Request_ID:_FAULTREQID000000000000000)_(SDK_Attempt_Count:_1)
baseline,v2-sync,41,resource-not-found,transient,2,immediate,1,1,0,977,throw,software.amazon.awssdk.services.dynamodb.model.ResourceNotFoundException,-,ResourceNotFoundException,400,FAULTREQID000000000000000,-,false,false,false,DynamoDb,present,injected_fault_(Service:_DynamoDb;_Status_Code:_400;_Request_ID:_FAULTREQID000000000000000)_(SDK_Attempt_Count:_1)
baseline,v2-sync,42,none,control,-1,immediate,1,0,0,953,ok,-,-,-,-,-,-,-,-,-,-,-,-
baseline,v2-sync,42,internal-error,persistent,-1,immediate,3,3,2,2004,throw,software.amazon.awssdk.services.dynamodb.model.InternalServerErrorException,-,InternalServerError,500,FAULTREQID000000000000000,-,false,false,false,DynamoDb,present,injected_fault_(Service:_DynamoDb;_Status_Code:_500;_Request_ID:_FAULTREQID000000000000000)_(SDK_Attempt_Count:_3)
baseline,v2-sync,42,internal-error,transient,2,immediate,3,2,1,1902,ok,-,-,-,-,-,-,-,-,-,-,-,-
baseline,v2-sync,42,throughput-exceeded,persistent,-1,immediate,3,3,2,2069,throw,software.amazon.awssdk.services.dynamodb.model.ProvisionedThroughputExceededException,-,ProvisionedThroughputExceededException,400,FAULTREQID000000000000000,-,false,true,false,DynamoDb,present,injected_fault_(Service:_DynamoDb;_Status_Code:_400;_Request_ID:_FAULTREQID000000000000000)_(SDK_Attempt_Count:_3)
baseline,v2-sync,42,throughput-exceeded,transient,2,immediate,3,2,1,1933,ok,-,-,-,-,-,-,-,-,-,-,-,-
baseline,v2-sync,42,unavailable,persistent,-1,immediate,3,3,2,2127,throw,software.amazon.awssdk.services.dynamodb.model.DynamoDbException,-,-,503,FAULTREQID000000000000000,-,false,false,false,DynamoDb,present,Service_returned_HTTP_status_code_503_(Service:_DynamoDb;_Status_Code:_503;_Request_ID:_FAULTREQID000000000000000)_(SDK_Attempt_Count:_3)
baseline,v2-sync,42,unavailable,transient,2,immediate,3,2,2,2702,ok,-,-,-,-,-,-,-,-,-,-,-,-
baseline,v2-sync,42,empty-500,persistent,-1,immediate,3,3,1,1957,throw,software.amazon.awssdk.services.dynamodb.model.DynamoDbException,-,-,500,FAULTREQID000000000000000,-,false,false,false,DynamoDb,present,Service_returned_HTTP_status_code_500_(Service:_DynamoDb;_Status_Code:_500;_Request_ID:_FAULTREQID000000000000000)_(SDK_Attempt_Count:_3)
baseline,v2-sync,42,empty-500,transient,2,immediate,3,2,19,19170,ok,-,-,-,-,-,-,-,-,-,-,-,-
baseline,v2-sync,42,malformed-body,persistent,-1,immediate,3,3,2,2419,throw,software.amazon.awssdk.core.exception.SdkClientException,java.io.UncheckedIOException,-,-,-,-,false,-,-,-,-,Unable_to_unmarshall_response_(software.amazon.awssdk.thirdparty.jackson.core.io.JsonEOFException:_Unexpected_end-of-input_in_VALUE_STRING_at_[Source:_(software...
baseline,v2-sync,42,malformed-body,transient,2,immediate,3,2,2,2203,ok,-,-,-,-,-,-,-,-,-,-,-,-
baseline,v2-sync,42,resource-not-found,persistent,-1,immediate,1,1,2,2008,throw,software.amazon.awssdk.services.dynamodb.model.ResourceNotFoundException,-,ResourceNotFoundException,400,FAULTREQID000000000000000,-,false,false,false,DynamoDb,present,injected_fault_(Service:_DynamoDb;_Status_Code:_400;_Request_ID:_FAULTREQID000000000000000)_(SDK_Attempt_Count:_1)
baseline,v2-sync,42,resource-not-found,transient,2,immediate,1,1,1,1013,throw,software.amazon.awssdk.services.dynamodb.model.ResourceNotFoundException,-,ResourceNotFoundException,400,FAULTREQID000000000000000,-,false,false,false,DynamoDb,present,injected_fault_(Service:_DynamoDb;_Status_Code:_400;_Request_ID:_FAULTREQID000000000000000)_(SDK_Attempt_Count:_1)
baseline,v2-sync,43,none,control,-1,immediate,1,0,0,781,ok,-,-,-,-,-,-,-,-,-,-,-,-
baseline,v2-sync,43,internal-error,persistent,-1,immediate,3,3,1,1983,throw,software.amazon.awssdk.services.dynamodb.model.InternalServerErrorException,-,InternalServerError,500,FAULTREQID000000000000000,-,false,false,false,DynamoDb,present,injected_fault_(Service:_DynamoDb;_Status_Code:_500;_Request_ID:_FAULTREQID000000000000000)_(SDK_Attempt_Count:_3)
baseline,v2-sync,43,internal-error,transient,2,immediate,3,2,1,1831,ok,-,-,-,-,-,-,-,-,-,-,-,-
baseline,v2-sync,43,throughput-exceeded,persistent,-1,immediate,3,3,1,1915,throw,software.amazon.awssdk.services.dynamodb.model.ProvisionedThroughputExceededException,-,ProvisionedThroughputExceededException,400,FAULTREQID000000000000000,-,false,true,false,DynamoDb,present,injected_fault_(Service:_DynamoDb;_Status_Code:_400;_Request_ID:_FAULTREQID000000000000000)_(SDK_Attempt_Count:_3)
baseline,v2-sync,43,throughput-exceeded,transient,2,immediate,3,2,1,1920,ok,-,-,-,-,-,-,-,-,-,-,-,-
baseline,v2-sync,43,unavailable,persistent,-1,immediate,3,3,2,2038,throw,software.amazon.awssdk.services.dynamodb.model.DynamoDbException,-,-,503,FAULTREQID000000000000000,-,false,false,false,DynamoDb,present,Service_returned_HTTP_status_code_503_(Service:_DynamoDb;_Status_Code:_503;_Request_ID:_FAULTREQID000000000000000)_(SDK_Attempt_Count:_3)
baseline,v2-sync,43,unavailable,transient,2,immediate,3,2,2,2459,ok,-,-,-,-,-,-,-,-,-,-,-,-
baseline,v2-sync,43,empty-500,persistent,-1,immediate,3,3,2,2937,throw,software.amazon.awssdk.services.dynamodb.model.DynamoDbException,-,-,500,FAULTREQID000000000000000,-,false,false,false,DynamoDb,present,Service_returned_HTTP_status_code_500_(Service:_DynamoDb;_Status_Code:_500;_Request_ID:_FAULTREQID000000000000000)_(SDK_Attempt_Count:_3)
baseline,v2-sync,43,empty-500,transient,2,immediate,3,2,2,2332,ok,-,-,-,-,-,-,-,-,-,-,-,-
baseline,v2-sync,43,malformed-body,persistent,-1,immediate,3,3,2,2488,throw,software.amazon.awssdk.core.exception.SdkClientException,java.io.UncheckedIOException,-,-,-,-,false,-,-,-,-,Unable_to_unmarshall_response_(software.amazon.awssdk.thirdparty.jackson.core.io.JsonEOFException:_Unexpected_end-of-input_in_VALUE_STRING_at_[Source:_(software...
baseline,v2-sync,43,malformed-body,transient,2,immediate,3,2,1,1936,ok,-,-,-,-,-,-,-,-,-,-,-,-
baseline,v2-sync,43,resource-not-found,persistent,-1,immediate,1,1,0,888,throw,software.amazon.awssdk.services.dynamodb.model.ResourceNotFoundException,-,ResourceNotFoundException,400,FAULTREQID000000000000000,-,false,false,false,DynamoDb,present,injected_fault_(Service:_DynamoDb;_Status_Code:_400;_Request_ID:_FAULTREQID000000000000000)_(SDK_Attempt_Count:_1)
baseline,v2-sync,43,resource-not-found,transient,2,immediate,1,1,0,879,throw,software.amazon.awssdk.services.dynamodb.model.ResourceNotFoundException,-,ResourceNotFoundException,400,FAULTREQID000000000000000,-,false,false,false,DynamoDb,present,injected_fault_(Service:_DynamoDb;_Status_Code:_400;_Request_ID:_FAULTREQID000000000000000)_(SDK_Attempt_Count:_1)
baseline,v2-sync,44,none,control,-1,immediate,1,0,0,879,ok,-,-,-,-,-,-,-,-,-,-,-,-
baseline,v2-sync,44,internal-error,persistent,-1,immediate,3,3,1,1811,throw,software.amazon.awssdk.services.dynamodb.model.InternalServerErrorException,-,InternalServerError,500,FAULTREQID000000000000000,-,false,false,false,DynamoDb,present,injected_fault_(Service:_DynamoDb;_Status_Code:_500;_Request_ID:_FAULTREQID000000000000000)_(SDK_Attempt_Count:_3)
baseline,v2-sync,44,internal-error,transient,2,immediate,3,2,1,1750,ok,-,-,-,-,-,-,-,-,-,-,-,-
baseline,v2-sync,44,throughput-exceeded,persistent,-1,immediate,3,3,1,1860,throw,software.amazon.awssdk.services.dynamodb.model.ProvisionedThroughputExceededException,-,ProvisionedThroughputExceededException,400,FAULTREQID000000000000000,-,false,true,false,DynamoDb,present,injected_fault_(Service:_DynamoDb;_Status_Code:_400;_Request_ID:_FAULTREQID000000000000000)_(SDK_Attempt_Count:_3)
baseline,v2-sync,44,throughput-exceeded,transient,2,immediate,3,2,2,2191,ok,-,-,-,-,-,-,-,-,-,-,-,-
baseline,v2-sync,44,unavailable,persistent,-1,immediate,3,3,2,2156,throw,software.amazon.awssdk.services.dynamodb.model.DynamoDbException,-,-,503,FAULTREQID000000000000000,-,false,false,false,DynamoDb,present,Service_returned_HTTP_status_code_503_(Service:_DynamoDb;_Status_Code:_503;_Request_ID:_FAULTREQID000000000000000)_(SDK_Attempt_Count:_3)
baseline,v2-sync,44,unavailable,transient,2,immediate,3,2,2,2096,ok,-,-,-,-,-,-,-,-,-,-,-,-
baseline,v2-sync,44,empty-500,persistent,-1,immediate,3,3,1,1887,throw,software.amazon.awssdk.services.dynamodb.model.DynamoDbException,-,-,500,FAULTREQID000000000000000,-,false,false,false,DynamoDb,present,Service_returned_HTTP_status_code_500_(Service:_DynamoDb;_Status_Code:_500;_Request_ID:_FAULTREQID000000000000000)_(SDK_Attempt_Count:_3)
baseline,v2-sync,44,empty-500,transient,2,immediate,3,2,1,1787,ok,-,-,-,-,-,-,-,-,-,-,-,-
baseline,v2-sync,44,malformed-body,persistent,-1,immediate,3,3,1,1954,throw,software.amazon.awssdk.core.exception.SdkClientException,java.io.UncheckedIOException,-,-,-,-,false,-,-,-,-,Unable_to_unmarshall_response_(software.amazon.awssdk.thirdparty.jackson.core.io.JsonEOFException:_Unexpected_end-of-input_in_VALUE_STRING_at_[Source:_(software...
baseline,v2-sync,44,malformed-body,transient,2,immediate,3,2,1,1779,ok,-,-,-,-,-,-,-,-,-,-,-,-
baseline,v2-sync,44,resource-not-found,persistent,-1,immediate,1,1,1,1104,throw,software.amazon.awssdk.services.dynamodb.model.ResourceNotFoundException,-,ResourceNotFoundException,400,FAULTREQID000000000000000,-,false,false,false,DynamoDb,present,injected_fault_(Service:_DynamoDb;_Status_Code:_400;_Request_ID:_FAULTREQID000000000000000)_(SDK_Attempt_Count:_1)
baseline,v2-sync,44,resource-not-found,transient,2,immediate,1,1,1,1080,throw,software.amazon.awssdk.services.dynamodb.model.ResourceNotFoundException,-,ResourceNotFoundException,400,FAULTREQID000000000000000,-,false,false,false,DynamoDb,present,injected_fault_(Service:_DynamoDb;_Status_Code:_400;_Request_ID:_FAULTREQID000000000000000)_(SDK_Attempt_Count:_1)
baseline,v2-sync,45,none,control,-1,immediate,1,0,0,901,ok,-,-,-,-,-,-,-,-,-,-,-,-
baseline,v2-sync,45,internal-error,persistent,-1,immediate,3,3,3,3608,throw,software.amazon.awssdk.services.dynamodb.model.InternalServerErrorException,-,InternalServerError,500,FAULTREQID000000000000000,-,false,false,false,DynamoDb,present,injected_fault_(Service:_DynamoDb;_Status_Code:_500;_Request_ID:_FAULTREQID000000000000000)_(SDK_Attempt_Count:_3)
baseline,v2-sync,45,internal-error,transient,2,immediate,3,2,3,3215,ok,-,-,-,-,-,-,-,-,-,-,-,-
baseline,v2-sync,45,throughput-exceeded,persistent,-1,immediate,3,3,12,12189,throw,software.amazon.awssdk.services.dynamodb.model.ProvisionedThroughputExceededException,-,ProvisionedThroughputExceededException,400,FAULTREQID000000000000000,-,false,true,false,DynamoDb,present,injected_fault_(Service:_DynamoDb;_Status_Code:_400;_Request_ID:_FAULTREQID000000000000000)_(SDK_Attempt_Count:_3)
baseline,v2-sync,45,throughput-exceeded,transient,2,immediate,3,2,2,2188,ok,-,-,-,-,-,-,-,-,-,-,-,-
baseline,v2-sync,45,unavailable,persistent,-1,immediate,3,3,2,2211,throw,software.amazon.awssdk.services.dynamodb.model.DynamoDbException,-,-,503,FAULTREQID000000000000000,-,false,false,false,DynamoDb,present,Service_returned_HTTP_status_code_503_(Service:_DynamoDb;_Status_Code:_503;_Request_ID:_FAULTREQID000000000000000)_(SDK_Attempt_Count:_3)
baseline,v2-sync,45,unavailable,transient,2,immediate,3,2,3,3976,ok,-,-,-,-,-,-,-,-,-,-,-,-
baseline,v2-sync,45,empty-500,persistent,-1,immediate,3,3,2,2541,throw,software.amazon.awssdk.services.dynamodb.model.DynamoDbException,-,-,500,FAULTREQID000000000000000,-,false,false,false,DynamoDb,present,Service_returned_HTTP_status_code_500_(Service:_DynamoDb;_Status_Code:_500;_Request_ID:_FAULTREQID000000000000000)_(SDK_Attempt_Count:_3)
baseline,v2-sync,45,empty-500,transient,2,immediate,3,2,2,2550,ok,-,-,-,-,-,-,-,-,-,-,-,-
baseline,v2-sync,45,malformed-body,persistent,-1,immediate,3,3,2,2349,throw,software.amazon.awssdk.core.exception.SdkClientException,java.io.UncheckedIOException,-,-,-,-,false,-,-,-,-,Unable_to_unmarshall_response_(software.amazon.awssdk.thirdparty.jackson.core.io.JsonEOFException:_Unexpected_end-of-input_in_VALUE_STRING_at_[Source:_(software...
baseline,v2-sync,45,malformed-body,transient,2,immediate,3,2,3,3309,ok,-,-,-,-,-,-,-,-,-,-,-,-
baseline,v2-sync,45,resource-not-found,persistent,-1,immediate,1,1,1,1319,throw,software.amazon.awssdk.services.dynamodb.model.ResourceNotFoundException,-,ResourceNotFoundException,400,FAULTREQID000000000000000,-,false,false,false,DynamoDb,present,injected_fault_(Service:_DynamoDb;_Status_Code:_400;_Request_ID:_FAULTREQID000000000000000)_(SDK_Attempt_Count:_1)
baseline,v2-sync,45,resource-not-found,transient,2,immediate,1,1,1,1191,throw,software.amazon.awssdk.services.dynamodb.model.ResourceNotFoundException,-,ResourceNotFoundException,400,FAULTREQID000000000000000,-,false,false,false,DynamoDb,present,injected_fault_(Service:_DynamoDb;_Status_Code:_400;_Request_ID:_FAULTREQID000000000000000)_(SDK_Attempt_Count:_1)
baseline,v2-sync,46,none,control,-1,immediate,1,0,4,4318,ok,-,-,-,-,-,-,-,-,-,-,-,-
baseline,v2-sync,46,internal-error,persistent,-1,immediate,3,3,2,2145,throw,software.amazon.awssdk.services.dynamodb.model.InternalServerErrorException,-,InternalServerError,500,FAULTREQID000000000000000,-,false,false,false,DynamoDb,present,injected_fault_(Service:_DynamoDb;_Status_Code:_500;_Request_ID:_FAULTREQID000000000000000)_(SDK_Attempt_Count:_3)
baseline,v2-sync,46,internal-error,transient,2,immediate,3,2,2,2826,ok,-,-,-,-,-,-,-,-,-,-,-,-
baseline,v2-sync,46,throughput-exceeded,persistent,-1,immediate,3,3,2,2050,throw,software.amazon.awssdk.services.dynamodb.model.ProvisionedThroughputExceededException,-,ProvisionedThroughputExceededException,400,FAULTREQID000000000000000,-,false,true,false,DynamoDb,present,injected_fault_(Service:_DynamoDb;_Status_Code:_400;_Request_ID:_FAULTREQID000000000000000)_(SDK_Attempt_Count:_3)
baseline,v2-sync,46,throughput-exceeded,transient,2,immediate,3,2,1,1918,ok,-,-,-,-,-,-,-,-,-,-,-,-
baseline,v2-sync,46,unavailable,persistent,-1,immediate,3,3,2,2413,throw,software.amazon.awssdk.services.dynamodb.model.DynamoDbException,-,-,503,FAULTREQID000000000000000,-,false,false,false,DynamoDb,present,Service_returned_HTTP_status_code_503_(Service:_DynamoDb;_Status_Code:_503;_Request_ID:_FAULTREQID000000000000000)_(SDK_Attempt_Count:_3)
baseline,v2-sync,46,unavailable,transient,2,immediate,3,2,3,3089,ok,-,-,-,-,-,-,-,-,-,-,-,-
baseline,v2-sync,46,empty-500,persistent,-1,immediate,3,3,2,2146,throw,software.amazon.awssdk.services.dynamodb.model.DynamoDbException,-,-,500,FAULTREQID000000000000000,-,false,false,false,DynamoDb,present,Service_returned_HTTP_status_code_500_(Service:_DynamoDb;_Status_Code:_500;_Request_ID:_FAULTREQID000000000000000)_(SDK_Attempt_Count:_3)
baseline,v2-sync,46,empty-500,transient,2,immediate,3,2,1,1700,ok,-,-,-,-,-,-,-,-,-,-,-,-
baseline,v2-sync,46,malformed-body,persistent,-1,immediate,3,3,1,1974,throw,software.amazon.awssdk.core.exception.SdkClientException,java.io.UncheckedIOException,-,-,-,-,false,-,-,-,-,Unable_to_unmarshall_response_(software.amazon.awssdk.thirdparty.jackson.core.io.JsonEOFException:_Unexpected_end-of-input_in_VALUE_STRING_at_[Source:_(software...
baseline,v2-sync,46,malformed-body,transient,2,immediate,3,2,2,2014,ok,-,-,-,-,-,-,-,-,-,-,-,-
baseline,v2-sync,46,resource-not-found,persistent,-1,immediate,1,1,1,1247,throw,software.amazon.awssdk.services.dynamodb.model.ResourceNotFoundException,-,ResourceNotFoundException,400,FAULTREQID000000000000000,-,false,false,false,DynamoDb,present,injected_fault_(Service:_DynamoDb;_Status_Code:_400;_Request_ID:_FAULTREQID000000000000000)_(SDK_Attempt_Count:_1)
baseline,v2-sync,46,resource-not-found,transient,2,immediate,1,1,1,1258,throw,software.amazon.awssdk.services.dynamodb.model.ResourceNotFoundException,-,ResourceNotFoundException,400,FAULTREQID000000000000000,-,false,false,false,DynamoDb,present,injected_fault_(Service:_DynamoDb;_Status_Code:_400;_Request_ID:_FAULTREQID000000000000000)_(SDK_Attempt_Count:_1)
baseline,v2-sync,47,none,control,-1,immediate,1,0,1,1098,ok,-,-,-,-,-,-,-,-,-,-,-,-
baseline,v2-sync,47,internal-error,persistent,-1,immediate,3,3,1,1997,throw,software.amazon.awssdk.services.dynamodb.model.InternalServerErrorException,-,InternalServerError,500,FAULTREQID000000000000000,-,false,false,false,DynamoDb,present,injected_fault_(Service:_DynamoDb;_Status_Code:_500;_Request_ID:_FAULTREQID000000000000000)_(SDK_Attempt_Count:_3)
baseline,v2-sync,47,internal-error,transient,2,immediate,3,2,1,1676,ok,-,-,-,-,-,-,-,-,-,-,-,-
baseline,v2-sync,47,throughput-exceeded,persistent,-1,immediate,3,3,1,1716,throw,software.amazon.awssdk.services.dynamodb.model.ProvisionedThroughputExceededException,-,ProvisionedThroughputExceededException,400,FAULTREQID000000000000000,-,false,true,false,DynamoDb,present,injected_fault_(Service:_DynamoDb;_Status_Code:_400;_Request_ID:_FAULTREQID000000000000000)_(SDK_Attempt_Count:_3)
baseline,v2-sync,47,throughput-exceeded,transient,2,immediate,3,2,1,1692,ok,-,-,-,-,-,-,-,-,-,-,-,-
baseline,v2-sync,47,unavailable,persistent,-1,immediate,3,3,2,2299,throw,software.amazon.awssdk.services.dynamodb.model.DynamoDbException,-,-,503,FAULTREQID000000000000000,-,false,false,false,DynamoDb,present,Service_returned_HTTP_status_code_503_(Service:_DynamoDb;_Status_Code:_503;_Request_ID:_FAULTREQID000000000000000)_(SDK_Attempt_Count:_3)
baseline,v2-sync,47,unavailable,transient,2,immediate,3,2,1,1985,ok,-,-,-,-,-,-,-,-,-,-,-,-
baseline,v2-sync,47,empty-500,persistent,-1,immediate,3,3,1,1999,throw,software.amazon.awssdk.services.dynamodb.model.DynamoDbException,-,-,500,FAULTREQID000000000000000,-,false,false,false,DynamoDb,present,Service_returned_HTTP_status_code_500_(Service:_DynamoDb;_Status_Code:_500;_Request_ID:_FAULTREQID000000000000000)_(SDK_Attempt_Count:_3)
baseline,v2-sync,47,empty-500,transient,2,immediate,3,2,1,1626,ok,-,-,-,-,-,-,-,-,-,-,-,-
baseline,v2-sync,47,malformed-body,persistent,-1,immediate,3,3,1,1741,throw,software.amazon.awssdk.core.exception.SdkClientException,java.io.UncheckedIOException,-,-,-,-,false,-,-,-,-,Unable_to_unmarshall_response_(software.amazon.awssdk.thirdparty.jackson.core.io.JsonEOFException:_Unexpected_end-of-input_in_VALUE_STRING_at_[Source:_(software...
baseline,v2-sync,47,malformed-body,transient,2,immediate,3,2,1,1747,ok,-,-,-,-,-,-,-,-,-,-,-,-
baseline,v2-sync,47,resource-not-found,persistent,-1,immediate,1,1,0,870,throw,software.amazon.awssdk.services.dynamodb.model.ResourceNotFoundException,-,ResourceNotFoundException,400,FAULTREQID000000000000000,-,false,false,false,DynamoDb,present,injected_fault_(Service:_DynamoDb;_Status_Code:_400;_Request_ID:_FAULTREQID000000000000000)_(SDK_Attempt_Count:_1)
baseline,v2-sync,47,resource-not-found,transient,2,immediate,1,1,0,855,throw,software.amazon.awssdk.services.dynamodb.model.ResourceNotFoundException,-,ResourceNotFoundException,400,FAULTREQID000000000000000,-,false,false,false,DynamoDb,present,injected_fault_(Service:_DynamoDb;_Status_Code:_400;_Request_ID:_FAULTREQID000000000000000)_(SDK_Attempt_Count:_1)
baseline,v2-sync,48,none,control,-1,immediate,1,0,0,763,ok,-,-,-,-,-,-,-,-,-,-,-,-
baseline,v2-sync,48,internal-error,persistent,-1,immediate,3,3,1,1697,throw,software.amazon.awssdk.services.dynamodb.model.InternalServerErrorException,-,InternalServerError,500,FAULTREQID000000000000000,-,false,false,false,DynamoDb,present,injected_fault_(Service:_DynamoDb;_Status_Code:_500;_Request_ID:_FAULTREQID000000000000000)_(SDK_Attempt_Count:_3)
baseline,v2-sync,48,internal-error,transient,2,immediate,3,2,1,1753,ok,-,-,-,-,-,-,-,-,-,-,-,-
baseline,v2-sync,48,throughput-exceeded,persistent,-1,immediate,3,3,1,1709,throw,software.amazon.awssdk.services.dynamodb.model.ProvisionedThroughputExceededException,-,ProvisionedThroughputExceededException,400,FAULTREQID000000000000000,-,false,true,false,DynamoDb,present,injected_fault_(Service:_DynamoDb;_Status_Code:_400;_Request_ID:_FAULTREQID000000000000000)_(SDK_Attempt_Count:_3)
baseline,v2-sync,48,throughput-exceeded,transient,2,immediate,3,2,2,2206,ok,-,-,-,-,-,-,-,-,-,-,-,-
baseline,v2-sync,48,unavailable,persistent,-1,immediate,3,3,1,1892,throw,software.amazon.awssdk.services.dynamodb.model.DynamoDbException,-,-,503,FAULTREQID000000000000000,-,false,false,false,DynamoDb,present,Service_returned_HTTP_status_code_503_(Service:_DynamoDb;_Status_Code:_503;_Request_ID:_FAULTREQID000000000000000)_(SDK_Attempt_Count:_3)
baseline,v2-sync,48,unavailable,transient,2,immediate,3,2,1,1563,ok,-,-,-,-,-,-,-,-,-,-,-,-
baseline,v2-sync,48,empty-500,persistent,-1,immediate,3,3,1,1552,throw,software.amazon.awssdk.services.dynamodb.model.DynamoDbException,-,-,500,FAULTREQID000000000000000,-,false,false,false,DynamoDb,present,Service_returned_HTTP_status_code_500_(Service:_DynamoDb;_Status_Code:_500;_Request_ID:_FAULTREQID000000000000000)_(SDK_Attempt_Count:_3)
baseline,v2-sync,48,empty-500,transient,2,immediate,3,2,1,1752,ok,-,-,-,-,-,-,-,-,-,-,-,-
baseline,v2-sync,48,malformed-body,persistent,-1,immediate,3,3,1,1840,throw,software.amazon.awssdk.core.exception.SdkClientException,java.io.UncheckedIOException,-,-,-,-,false,-,-,-,-,Unable_to_unmarshall_response_(software.amazon.awssdk.thirdparty.jackson.core.io.JsonEOFException:_Unexpected_end-of-input_in_VALUE_STRING_at_[Source:_(software...
baseline,v2-sync,48,malformed-body,transient,2,immediate,3,2,1,1555,ok,-,-,-,-,-,-,-,-,-,-,-,-
baseline,v2-sync,48,resource-not-found,persistent,-1,immediate,1,1,0,846,throw,software.amazon.awssdk.services.dynamodb.model.ResourceNotFoundException,-,ResourceNotFoundException,400,FAULTREQID000000000000000,-,false,false,false,DynamoDb,present,injected_fault_(Service:_DynamoDb;_Status_Code:_400;_Request_ID:_FAULTREQID000000000000000)_(SDK_Attempt_Count:_1)
baseline,v2-sync,48,resource-not-found,transient,2,immediate,1,1,0,842,throw,software.amazon.awssdk.services.dynamodb.model.ResourceNotFoundException,-,ResourceNotFoundException,400,FAULTREQID000000000000000,-,false,false,false,DynamoDb,present,injected_fault_(Service:_DynamoDb;_Status_Code:_400;_Request_ID:_FAULTREQID000000000000000)_(SDK_Attempt_Count:_1)
baseline,v2-sync,49,none,control,-1,immediate,1,0,0,674,ok,-,-,-,-,-,-,-,-,-,-,-,-
baseline,v2-sync,49,internal-error,persistent,-1,immediate,3,3,1,1771,throw,software.amazon.awssdk.services.dynamodb.model.InternalServerErrorException,-,InternalServerError,500,FAULTREQID000000000000000,-,false,false,false,DynamoDb,present,injected_fault_(Service:_DynamoDb;_Status_Code:_500;_Request_ID:_FAULTREQID000000000000000)_(SDK_Attempt_Count:_3)
baseline,v2-sync,49,internal-error,transient,2,immediate,3,2,1,1468,ok,-,-,-,-,-,-,-,-,-,-,-,-
baseline,v2-sync,49,throughput-exceeded,persistent,-1,immediate,3,3,2,2095,throw,software.amazon.awssdk.services.dynamodb.model.ProvisionedThroughputExceededException,-,ProvisionedThroughputExceededException,400,FAULTREQID000000000000000,-,false,true,false,DynamoDb,present,injected_fault_(Service:_DynamoDb;_Status_Code:_400;_Request_ID:_FAULTREQID000000000000000)_(SDK_Attempt_Count:_3)
baseline,v2-sync,49,throughput-exceeded,transient,2,immediate,3,2,1,1605,ok,-,-,-,-,-,-,-,-,-,-,-,-
baseline,v2-sync,49,unavailable,persistent,-1,immediate,3,3,1,1829,throw,software.amazon.awssdk.services.dynamodb.model.DynamoDbException,-,-,503,FAULTREQID000000000000000,-,false,false,false,DynamoDb,present,Service_returned_HTTP_status_code_503_(Service:_DynamoDb;_Status_Code:_503;_Request_ID:_FAULTREQID000000000000000)_(SDK_Attempt_Count:_3)
baseline,v2-sync,49,unavailable,transient,2,immediate,3,2,1,1703,ok,-,-,-,-,-,-,-,-,-,-,-,-
baseline,v2-sync,49,empty-500,persistent,-1,immediate,3,3,1,1598,throw,software.amazon.awssdk.services.dynamodb.model.DynamoDbException,-,-,500,FAULTREQID000000000000000,-,false,false,false,DynamoDb,present,Service_returned_HTTP_status_code_500_(Service:_DynamoDb;_Status_Code:_500;_Request_ID:_FAULTREQID000000000000000)_(SDK_Attempt_Count:_3)
baseline,v2-sync,49,empty-500,transient,2,immediate,3,2,1,1617,ok,-,-,-,-,-,-,-,-,-,-,-,-
baseline,v2-sync,49,malformed-body,persistent,-1,immediate,3,3,1,1745,throw,software.amazon.awssdk.core.exception.SdkClientException,java.io.UncheckedIOException,-,-,-,-,false,-,-,-,-,Unable_to_unmarshall_response_(software.amazon.awssdk.thirdparty.jackson.core.io.JsonEOFException:_Unexpected_end-of-input_in_VALUE_STRING_at_[Source:_(software...
baseline,v2-sync,49,malformed-body,transient,2,immediate,3,2,1,1661,ok,-,-,-,-,-,-,-,-,-,-,-,-
baseline,v2-sync,49,resource-not-found,persistent,-1,immediate,1,1,0,789,throw,software.amazon.awssdk.services.dynamodb.model.ResourceNotFoundException,-,ResourceNotFoundException,400,FAULTREQID000000000000000,-,false,false,false,DynamoDb,present,injected_fault_(Service:_DynamoDb;_Status_Code:_400;_Request_ID:_FAULTREQID000000000000000)_(SDK_Attempt_Count:_1)
baseline,v2-sync,49,resource-not-found,transient,2,immediate,1,1,0,808,throw,software.amazon.awssdk.services.dynamodb.model.ResourceNotFoundException,-,ResourceNotFoundException,400,FAULTREQID000000000000000,-,false,false,false,DynamoDb,present,injected_fault_(Service:_DynamoDb;_Status_Code:_400;_Request_ID:_FAULTREQID000000000000000)_(SDK_Attempt_Count:_1)
baseline,v2-sync,50,none,control,-1,immediate,1,0,0,702,ok,-,-,-,-,-,-,-,-,-,-,-,-
baseline,v2-sync,50,internal-error,persistent,-1,immediate,3,3,1,1807,throw,software.amazon.awssdk.services.dynamodb.model.InternalServerErrorException,-,InternalServerError,500,FAULTREQID000000000000000,-,false,false,false,DynamoDb,present,injected_fault_(Service:_DynamoDb;_Status_Code:_500;_Request_ID:_FAULTREQID000000000000000)_(SDK_Attempt_Count:_3)
baseline,v2-sync,50,internal-error,transient,2,immediate,3,2,8,8913,ok,-,-,-,-,-,-,-,-,-,-,-,-
baseline,v2-sync,50,throughput-exceeded,persistent,-1,immediate,3,3,1,1845,throw,software.amazon.awssdk.services.dynamodb.model.ProvisionedThroughputExceededException,-,ProvisionedThroughputExceededException,400,FAULTREQID000000000000000,-,false,true,false,DynamoDb,present,injected_fault_(Service:_DynamoDb;_Status_Code:_400;_Request_ID:_FAULTREQID000000000000000)_(SDK_Attempt_Count:_3)
baseline,v2-sync,50,throughput-exceeded,transient,2,immediate,3,2,1,1584,ok,-,-,-,-,-,-,-,-,-,-,-,-
baseline,v2-sync,50,unavailable,persistent,-1,immediate,3,3,1,1832,throw,software.amazon.awssdk.services.dynamodb.model.DynamoDbException,-,-,503,FAULTREQID000000000000000,-,false,false,false,DynamoDb,present,Service_returned_HTTP_status_code_503_(Service:_DynamoDb;_Status_Code:_503;_Request_ID:_FAULTREQID000000000000000)_(SDK_Attempt_Count:_3)
baseline,v2-sync,50,unavailable,transient,2,immediate,3,2,1,1559,ok,-,-,-,-,-,-,-,-,-,-,-,-
baseline,v2-sync,50,empty-500,persistent,-1,immediate,3,3,1,1776,throw,software.amazon.awssdk.services.dynamodb.model.DynamoDbException,-,-,500,FAULTREQID000000000000000,-,false,false,false,DynamoDb,present,Service_returned_HTTP_status_code_500_(Service:_DynamoDb;_Status_Code:_500;_Request_ID:_FAULTREQID000000000000000)_(SDK_Attempt_Count:_3)
baseline,v2-sync,50,empty-500,transient,2,immediate,3,2,1,1469,ok,-,-,-,-,-,-,-,-,-,-,-,-
baseline,v2-sync,50,malformed-body,persistent,-1,immediate,3,3,1,1669,throw,software.amazon.awssdk.core.exception.SdkClientException,java.io.UncheckedIOException,-,-,-,-,false,-,-,-,-,Unable_to_unmarshall_response_(software.amazon.awssdk.thirdparty.jackson.core.io.JsonEOFException:_Unexpected_end-of-input_in_VALUE_STRING_at_[Source:_(software...
baseline,v2-sync,50,malformed-body,transient,2,immediate,3,2,1,1517,ok,-,-,-,-,-,-,-,-,-,-,-,-
baseline,v2-sync,50,resource-not-found,persistent,-1,immediate,1,1,0,838,throw,software.amazon.awssdk.services.dynamodb.model.ResourceNotFoundException,-,ResourceNotFoundException,400,FAULTREQID000000000000000,-,false,false,false,DynamoDb,present,injected_fault_(Service:_DynamoDb;_Status_Code:_400;_Request_ID:_FAULTREQID000000000000000)_(SDK_Attempt_Count:_1)
baseline,v2-sync,50,resource-not-found,transient,2,immediate,1,1,0,721,throw,software.amazon.awssdk.services.dynamodb.model.ResourceNotFoundException,-,ResourceNotFoundException,400,FAULTREQID000000000000000,-,false,false,false,DynamoDb,present,injected_fault_(Service:_DynamoDb;_Status_Code:_400;_Request_ID:_FAULTREQID000000000000000)_(SDK_Attempt_Count:_1)
baseline,v2-sync,51,none,control,-1,immediate,1,0,6,6906,ok,-,-,-,-,-,-,-,-,-,-,-,-
baseline,v2-sync,51,internal-error,persistent,-1,immediate,3,3,1,1579,throw,software.amazon.awssdk.services.dynamodb.model.InternalServerErrorException,-,InternalServerError,500,FAULTREQID000000000000000,-,false,false,false,DynamoDb,present,injected_fault_(Service:_DynamoDb;_Status_Code:_500;_Request_ID:_FAULTREQID000000000000000)_(SDK_Attempt_Count:_3)
baseline,v2-sync,51,internal-error,transient,2,immediate,3,2,1,1429,ok,-,-,-,-,-,-,-,-,-,-,-,-
baseline,v2-sync,51,throughput-exceeded,persistent,-1,immediate,3,3,1,1673,throw,software.amazon.awssdk.services.dynamodb.model.ProvisionedThroughputExceededException,-,ProvisionedThroughputExceededException,400,FAULTREQID000000000000000,-,false,true,false,DynamoDb,present,injected_fault_(Service:_DynamoDb;_Status_Code:_400;_Request_ID:_FAULTREQID000000000000000)_(SDK_Attempt_Count:_3)
baseline,v2-sync,51,throughput-exceeded,transient,2,immediate,3,2,1,1504,ok,-,-,-,-,-,-,-,-,-,-,-,-
baseline,v2-sync,51,unavailable,persistent,-1,immediate,3,3,1,1585,throw,software.amazon.awssdk.services.dynamodb.model.DynamoDbException,-,-,503,FAULTREQID000000000000000,-,false,false,false,DynamoDb,present,Service_returned_HTTP_status_code_503_(Service:_DynamoDb;_Status_Code:_503;_Request_ID:_FAULTREQID000000000000000)_(SDK_Attempt_Count:_3)
baseline,v2-sync,51,unavailable,transient,2,immediate,3,2,1,1528,ok,-,-,-,-,-,-,-,-,-,-,-,-
baseline,v2-sync,51,empty-500,persistent,-1,immediate,3,3,1,1552,throw,software.amazon.awssdk.services.dynamodb.model.DynamoDbException,-,-,500,FAULTREQID000000000000000,-,false,false,false,DynamoDb,present,Service_returned_HTTP_status_code_500_(Service:_DynamoDb;_Status_Code:_500;_Request_ID:_FAULTREQID000000000000000)_(SDK_Attempt_Count:_3)
baseline,v2-sync,51,empty-500,transient,2,immediate,3,2,1,1445,ok,-,-,-,-,-,-,-,-,-,-,-,-
baseline,v2-sync,51,malformed-body,persistent,-1,immediate,3,3,1,1633,throw,software.amazon.awssdk.core.exception.SdkClientException,java.io.UncheckedIOException,-,-,-,-,false,-,-,-,-,Unable_to_unmarshall_response_(software.amazon.awssdk.thirdparty.jackson.core.io.JsonEOFException:_Unexpected_end-of-input_in_VALUE_STRING_at_[Source:_(software...
baseline,v2-sync,51,malformed-body,transient,2,immediate,3,2,1,1730,ok,-,-,-,-,-,-,-,-,-,-,-,-
baseline,v2-sync,51,resource-not-found,persistent,-1,immediate,1,1,0,820,throw,software.amazon.awssdk.services.dynamodb.model.ResourceNotFoundException,-,ResourceNotFoundException,400,FAULTREQID000000000000000,-,false,false,false,DynamoDb,present,injected_fault_(Service:_DynamoDb;_Status_Code:_400;_Request_ID:_FAULTREQID000000000000000)_(SDK_Attempt_Count:_1)
baseline,v2-sync,51,resource-not-found,transient,2,immediate,1,1,0,871,throw,software.amazon.awssdk.services.dynamodb.model.ResourceNotFoundException,-,ResourceNotFoundException,400,FAULTREQID000000000000000,-,false,false,false,DynamoDb,present,injected_fault_(Service:_DynamoDb;_Status_Code:_400;_Request_ID:_FAULTREQID000000000000000)_(SDK_Attempt_Count:_1)
baseline,v2-sync,52,none,control,-1,immediate,1,0,0,679,ok,-,-,-,-,-,-,-,-,-,-,-,-
baseline,v2-sync,52,internal-error,persistent,-1,immediate,3,3,1,1675,throw,software.amazon.awssdk.services.dynamodb.model.InternalServerErrorException,-,InternalServerError,500,FAULTREQID000000000000000,-,false,false,false,DynamoDb,present,injected_fault_(Service:_DynamoDb;_Status_Code:_500;_Request_ID:_FAULTREQID000000000000000)_(SDK_Attempt_Count:_3)
baseline,v2-sync,52,internal-error,transient,2,immediate,3,2,1,1657,ok,-,-,-,-,-,-,-,-,-,-,-,-
baseline,v2-sync,52,throughput-exceeded,persistent,-1,immediate,3,3,2,2098,throw,software.amazon.awssdk.services.dynamodb.model.ProvisionedThroughputExceededException,-,ProvisionedThroughputExceededException,400,FAULTREQID000000000000000,-,false,true,false,DynamoDb,present,injected_fault_(Service:_DynamoDb;_Status_Code:_400;_Request_ID:_FAULTREQID000000000000000)_(SDK_Attempt_Count:_3)
baseline,v2-sync,52,throughput-exceeded,transient,2,immediate,3,2,1,1430,ok,-,-,-,-,-,-,-,-,-,-,-,-
baseline,v2-sync,52,unavailable,persistent,-1,immediate,3,3,8,8802,throw,software.amazon.awssdk.services.dynamodb.model.DynamoDbException,-,-,503,FAULTREQID000000000000000,-,false,false,false,DynamoDb,present,Service_returned_HTTP_status_code_503_(Service:_DynamoDb;_Status_Code:_503;_Request_ID:_FAULTREQID000000000000000)_(SDK_Attempt_Count:_3)
baseline,v2-sync,52,unavailable,transient,2,immediate,3,2,1,1632,ok,-,-,-,-,-,-,-,-,-,-,-,-
baseline,v2-sync,52,empty-500,persistent,-1,immediate,3,3,1,1491,throw,software.amazon.awssdk.services.dynamodb.model.DynamoDbException,-,-,500,FAULTREQID000000000000000,-,false,false,false,DynamoDb,present,Service_returned_HTTP_status_code_500_(Service:_DynamoDb;_Status_Code:_500;_Request_ID:_FAULTREQID000000000000000)_(SDK_Attempt_Count:_3)
baseline,v2-sync,52,empty-500,transient,2,immediate,3,2,1,1503,ok,-,-,-,-,-,-,-,-,-,-,-,-
baseline,v2-sync,52,malformed-body,persistent,-1,immediate,3,3,1,1730,throw,software.amazon.awssdk.core.exception.SdkClientException,java.io.UncheckedIOException,-,-,-,-,false,-,-,-,-,Unable_to_unmarshall_response_(software.amazon.awssdk.thirdparty.jackson.core.io.JsonEOFException:_Unexpected_end-of-input_in_VALUE_STRING_at_[Source:_(software...
baseline,v2-sync,52,malformed-body,transient,2,immediate,3,2,1,1470,ok,-,-,-,-,-,-,-,-,-,-,-,-
baseline,v2-sync,52,resource-not-found,persistent,-1,immediate,1,1,0,751,throw,software.amazon.awssdk.services.dynamodb.model.ResourceNotFoundException,-,ResourceNotFoundException,400,FAULTREQID000000000000000,-,false,false,false,DynamoDb,present,injected_fault_(Service:_DynamoDb;_Status_Code:_400;_Request_ID:_FAULTREQID000000000000000)_(SDK_Attempt_Count:_1)
baseline,v2-sync,52,resource-not-found,transient,2,immediate,1,1,0,731,throw,software.amazon.awssdk.services.dynamodb.model.ResourceNotFoundException,-,ResourceNotFoundException,400,FAULTREQID000000000000000,-,false,false,false,DynamoDb,present,injected_fault_(Service:_DynamoDb;_Status_Code:_400;_Request_ID:_FAULTREQID000000000000000)_(SDK_Attempt_Count:_1)
baseline,v2-sync,53,none,control,-1,immediate,1,0,0,718,ok,-,-,-,-,-,-,-,-,-,-,-,-
baseline,v2-sync,53,internal-error,persistent,-1,immediate,3,3,1,1630,throw,software.amazon.awssdk.services.dynamodb.model.InternalServerErrorException,-,InternalServerError,500,FAULTREQID000000000000000,-,false,false,false,DynamoDb,present,injected_fault_(Service:_DynamoDb;_Status_Code:_500;_Request_ID:_FAULTREQID000000000000000)_(SDK_Attempt_Count:_3)
baseline,v2-sync,53,internal-error,transient,2,immediate,3,2,1,1528,ok,-,-,-,-,-,-,-,-,-,-,-,-
baseline,v2-sync,53,throughput-exceeded,persistent,-1,immediate,3,3,1,1433,throw,software.amazon.awssdk.services.dynamodb.model.ProvisionedThroughputExceededException,-,ProvisionedThroughputExceededException,400,FAULTREQID000000000000000,-,false,true,false,DynamoDb,present,injected_fault_(Service:_DynamoDb;_Status_Code:_400;_Request_ID:_FAULTREQID000000000000000)_(SDK_Attempt_Count:_3)
baseline,v2-sync,53,throughput-exceeded,transient,2,immediate,3,2,1,1463,ok,-,-,-,-,-,-,-,-,-,-,-,-
baseline,v2-sync,53,unavailable,persistent,-1,immediate,3,3,1,1646,throw,software.amazon.awssdk.services.dynamodb.model.DynamoDbException,-,-,503,FAULTREQID000000000000000,-,false,false,false,DynamoDb,present,Service_returned_HTTP_status_code_503_(Service:_DynamoDb;_Status_Code:_503;_Request_ID:_FAULTREQID000000000000000)_(SDK_Attempt_Count:_3)
baseline,v2-sync,53,unavailable,transient,2,immediate,3,2,1,1527,ok,-,-,-,-,-,-,-,-,-,-,-,-
baseline,v2-sync,53,empty-500,persistent,-1,immediate,3,3,1,1449,throw,software.amazon.awssdk.services.dynamodb.model.DynamoDbException,-,-,500,FAULTREQID000000000000000,-,false,false,false,DynamoDb,present,Service_returned_HTTP_status_code_500_(Service:_DynamoDb;_Status_Code:_500;_Request_ID:_FAULTREQID000000000000000)_(SDK_Attempt_Count:_3)
baseline,v2-sync,53,empty-500,transient,2,immediate,3,2,1,1454,ok,-,-,-,-,-,-,-,-,-,-,-,-
baseline,v2-sync,53,malformed-body,persistent,-1,immediate,3,3,4,4251,throw,software.amazon.awssdk.core.exception.SdkClientException,java.io.UncheckedIOException,-,-,-,-,false,-,-,-,-,Unable_to_unmarshall_response_(software.amazon.awssdk.thirdparty.jackson.core.io.JsonEOFException:_Unexpected_end-of-input_in_VALUE_STRING_at_[Source:_(software...
baseline,v2-sync,53,malformed-body,transient,2,immediate,3,2,1,1652,ok,-,-,-,-,-,-,-,-,-,-,-,-
baseline,v2-sync,53,resource-not-found,persistent,-1,immediate,1,1,0,967,throw,software.amazon.awssdk.services.dynamodb.model.ResourceNotFoundException,-,ResourceNotFoundException,400,FAULTREQID000000000000000,-,false,false,false,DynamoDb,present,injected_fault_(Service:_DynamoDb;_Status_Code:_400;_Request_ID:_FAULTREQID000000000000000)_(SDK_Attempt_Count:_1)
baseline,v2-sync,53,resource-not-found,transient,2,immediate,1,1,0,915,throw,software.amazon.awssdk.services.dynamodb.model.ResourceNotFoundException,-,ResourceNotFoundException,400,FAULTREQID000000000000000,-,false,false,false,DynamoDb,present,injected_fault_(Service:_DynamoDb;_Status_Code:_400;_Request_ID:_FAULTREQID000000000000000)_(SDK_Attempt_Count:_1)
baseline,v2-sync,54,none,control,-1,immediate,1,0,0,803,ok,-,-,-,-,-,-,-,-,-,-,-,-
baseline,v2-sync,54,internal-error,persistent,-1,immediate,3,3,2,2071,throw,software.amazon.awssdk.services.dynamodb.model.InternalServerErrorException,-,InternalServerError,500,FAULTREQID000000000000000,-,false,false,false,DynamoDb,present,injected_fault_(Service:_DynamoDb;_Status_Code:_500;_Request_ID:_FAULTREQID000000000000000)_(SDK_Attempt_Count:_3)
baseline,v2-sync,54,internal-error,transient,2,immediate,3,2,1,1902,ok,-,-,-,-,-,-,-,-,-,-,-,-
baseline,v2-sync,54,throughput-exceeded,persistent,-1,immediate,3,3,1,1918,throw,software.amazon.awssdk.services.dynamodb.model.ProvisionedThroughputExceededException,-,ProvisionedThroughputExceededException,400,FAULTREQID000000000000000,-,false,true,false,DynamoDb,present,injected_fault_(Service:_DynamoDb;_Status_Code:_400;_Request_ID:_FAULTREQID000000000000000)_(SDK_Attempt_Count:_3)
baseline,v2-sync,54,throughput-exceeded,transient,2,immediate,3,2,1,1945,ok,-,-,-,-,-,-,-,-,-,-,-,-
baseline,v2-sync,54,unavailable,persistent,-1,immediate,3,3,1,1689,throw,software.amazon.awssdk.services.dynamodb.model.DynamoDbException,-,-,503,FAULTREQID000000000000000,-,false,false,false,DynamoDb,present,Service_returned_HTTP_status_code_503_(Service:_DynamoDb;_Status_Code:_503;_Request_ID:_FAULTREQID000000000000000)_(SDK_Attempt_Count:_3)
baseline,v2-sync,54,unavailable,transient,2,immediate,3,2,1,1518,ok,-,-,-,-,-,-,-,-,-,-,-,-
baseline,v2-sync,54,empty-500,persistent,-1,immediate,3,3,1,1547,throw,software.amazon.awssdk.services.dynamodb.model.DynamoDbException,-,-,500,FAULTREQID000000000000000,-,false,false,false,DynamoDb,present,Service_returned_HTTP_status_code_500_(Service:_DynamoDb;_Status_Code:_500;_Request_ID:_FAULTREQID000000000000000)_(SDK_Attempt_Count:_3)
baseline,v2-sync,54,empty-500,transient,2,immediate,3,2,1,1458,ok,-,-,-,-,-,-,-,-,-,-,-,-
baseline,v2-sync,54,malformed-body,persistent,-1,immediate,3,3,1,1648,throw,software.amazon.awssdk.core.exception.SdkClientException,java.io.UncheckedIOException,-,-,-,-,false,-,-,-,-,Unable_to_unmarshall_response_(software.amazon.awssdk.thirdparty.jackson.core.io.JsonEOFException:_Unexpected_end-of-input_in_VALUE_STRING_at_[Source:_(software...
baseline,v2-sync,54,malformed-body,transient,2,immediate,3,2,1,1508,ok,-,-,-,-,-,-,-,-,-,-,-,-
baseline,v2-sync,54,resource-not-found,persistent,-1,immediate,1,1,0,780,throw,software.amazon.awssdk.services.dynamodb.model.ResourceNotFoundException,-,ResourceNotFoundException,400,FAULTREQID000000000000000,-,false,false,false,DynamoDb,present,injected_fault_(Service:_DynamoDb;_Status_Code:_400;_Request_ID:_FAULTREQID000000000000000)_(SDK_Attempt_Count:_1)
baseline,v2-sync,54,resource-not-found,transient,2,immediate,1,1,0,758,throw,software.amazon.awssdk.services.dynamodb.model.ResourceNotFoundException,-,ResourceNotFoundException,400,FAULTREQID000000000000000,-,false,false,false,DynamoDb,present,injected_fault_(Service:_DynamoDb;_Status_Code:_400;_Request_ID:_FAULTREQID000000000000000)_(SDK_Attempt_Count:_1)
baseline,v2-sync,55,none,control,-1,immediate,1,0,0,654,ok,-,-,-,-,-,-,-,-,-,-,-,-
baseline,v2-sync,55,internal-error,persistent,-1,immediate,3,3,8,8520,throw,software.amazon.awssdk.services.dynamodb.model.InternalServerErrorException,-,InternalServerError,500,FAULTREQID000000000000000,-,false,false,false,DynamoDb,present,injected_fault_(Service:_DynamoDb;_Status_Code:_500;_Request_ID:_FAULTREQID000000000000000)_(SDK_Attempt_Count:_3)
baseline,v2-sync,55,internal-error,transient,2,immediate,3,2,2,2131,ok,-,-,-,-,-,-,-,-,-,-,-,-
baseline,v2-sync,55,throughput-exceeded,persistent,-1,immediate,3,3,1,1616,throw,software.amazon.awssdk.services.dynamodb.model.ProvisionedThroughputExceededException,-,ProvisionedThroughputExceededException,400,FAULTREQID000000000000000,-,false,true,false,DynamoDb,present,injected_fault_(Service:_DynamoDb;_Status_Code:_400;_Request_ID:_FAULTREQID000000000000000)_(SDK_Attempt_Count:_3)
baseline,v2-sync,55,throughput-exceeded,transient,2,immediate,3,2,1,1502,ok,-,-,-,-,-,-,-,-,-,-,-,-
baseline,v2-sync,55,unavailable,persistent,-1,immediate,3,3,1,1627,throw,software.amazon.awssdk.services.dynamodb.model.DynamoDbException,-,-,503,FAULTREQID000000000000000,-,false,false,false,DynamoDb,present,Service_returned_HTTP_status_code_503_(Service:_DynamoDb;_Status_Code:_503;_Request_ID:_FAULTREQID000000000000000)_(SDK_Attempt_Count:_3)
baseline,v2-sync,55,unavailable,transient,2,immediate,3,2,1,1564,ok,-,-,-,-,-,-,-,-,-,-,-,-
baseline,v2-sync,55,empty-500,persistent,-1,immediate,3,3,1,1502,throw,software.amazon.awssdk.services.dynamodb.model.DynamoDbException,-,-,500,FAULTREQID000000000000000,-,false,false,false,DynamoDb,present,Service_returned_HTTP_status_code_500_(Service:_DynamoDb;_Status_Code:_500;_Request_ID:_FAULTREQID000000000000000)_(SDK_Attempt_Count:_3)
baseline,v2-sync,55,empty-500,transient,2,immediate,3,2,1,1500,ok,-,-,-,-,-,-,-,-,-,-,-,-
baseline,v2-sync,55,malformed-body,persistent,-1,immediate,3,3,1,1659,throw,software.amazon.awssdk.core.exception.SdkClientException,java.io.UncheckedIOException,-,-,-,-,false,-,-,-,-,Unable_to_unmarshall_response_(software.amazon.awssdk.thirdparty.jackson.core.io.JsonEOFException:_Unexpected_end-of-input_in_VALUE_STRING_at_[Source:_(software...
baseline,v2-sync,55,malformed-body,transient,2,immediate,3,2,1,1482,ok,-,-,-,-,-,-,-,-,-,-,-,-
baseline,v2-sync,55,resource-not-found,persistent,-1,immediate,1,1,0,801,throw,software.amazon.awssdk.services.dynamodb.model.ResourceNotFoundException,-,ResourceNotFoundException,400,FAULTREQID000000000000000,-,false,false,false,DynamoDb,present,injected_fault_(Service:_DynamoDb;_Status_Code:_400;_Request_ID:_FAULTREQID000000000000000)_(SDK_Attempt_Count:_1)
baseline,v2-sync,55,resource-not-found,transient,2,immediate,1,1,0,847,throw,software.amazon.awssdk.services.dynamodb.model.ResourceNotFoundException,-,ResourceNotFoundException,400,FAULTREQID000000000000000,-,false,false,false,DynamoDb,present,injected_fault_(Service:_DynamoDb;_Status_Code:_400;_Request_ID:_FAULTREQID000000000000000)_(SDK_Attempt_Count:_1)
baseline,v2-sync,56,none,control,-1,immediate,1,0,0,648,ok,-,-,-,-,-,-,-,-,-,-,-,-
baseline,v2-sync,56,internal-error,persistent,-1,immediate,3,3,1,1546,throw,software.amazon.awssdk.services.dynamodb.model.InternalServerErrorException,-,InternalServerError,500,FAULTREQID000000000000000,-,false,false,false,DynamoDb,present,injected_fault_(Service:_DynamoDb;_Status_Code:_500;_Request_ID:_FAULTREQID000000000000000)_(SDK_Attempt_Count:_3)
baseline,v2-sync,56,internal-error,transient,2,immediate,3,2,1,1427,ok,-,-,-,-,-,-,-,-,-,-,-,-
baseline,v2-sync,56,throughput-exceeded,persistent,-1,immediate,3,3,1,1469,throw,software.amazon.awssdk.services.dynamodb.model.ProvisionedThroughputExceededException,-,ProvisionedThroughputExceededException,400,FAULTREQID000000000000000,-,false,true,false,DynamoDb,present,injected_fault_(Service:_DynamoDb;_Status_Code:_400;_Request_ID:_FAULTREQID000000000000000)_(SDK_Attempt_Count:_3)
baseline,v2-sync,56,throughput-exceeded,transient,2,immediate,3,2,1,1628,ok,-,-,-,-,-,-,-,-,-,-,-,-
baseline,v2-sync,56,unavailable,persistent,-1,immediate,3,3,1,1707,throw,software.amazon.awssdk.services.dynamodb.model.DynamoDbException,-,-,503,FAULTREQID000000000000000,-,false,false,false,DynamoDb,present,Service_returned_HTTP_status_code_503_(Service:_DynamoDb;_Status_Code:_503;_Request_ID:_FAULTREQID000000000000000)_(SDK_Attempt_Count:_3)
baseline,v2-sync,56,unavailable,transient,2,immediate,3,2,1,1604,ok,-,-,-,-,-,-,-,-,-,-,-,-
baseline,v2-sync,56,empty-500,persistent,-1,immediate,3,3,1,1691,throw,software.amazon.awssdk.services.dynamodb.model.DynamoDbException,-,-,500,FAULTREQID000000000000000,-,false,false,false,DynamoDb,present,Service_returned_HTTP_status_code_500_(Service:_DynamoDb;_Status_Code:_500;_Request_ID:_FAULTREQID000000000000000)_(SDK_Attempt_Count:_3)
baseline,v2-sync,56,empty-500,transient,2,immediate,3,2,1,1526,ok,-,-,-,-,-,-,-,-,-,-,-,-
baseline,v2-sync,56,malformed-body,persistent,-1,immediate,3,3,1,1809,throw,software.amazon.awssdk.core.exception.SdkClientException,java.io.UncheckedIOException,-,-,-,-,false,-,-,-,-,Unable_to_unmarshall_response_(software.amazon.awssdk.thirdparty.jackson.core.io.JsonEOFException:_Unexpected_end-of-input_in_VALUE_STRING_at_[Source:_(software...
baseline,v2-sync,56,malformed-body,transient,2,immediate,3,2,1,1517,ok,-,-,-,-,-,-,-,-,-,-,-,-
baseline,v2-sync,56,resource-not-found,persistent,-1,immediate,1,1,0,766,throw,software.amazon.awssdk.services.dynamodb.model.ResourceNotFoundException,-,ResourceNotFoundException,400,FAULTREQID000000000000000,-,false,false,false,DynamoDb,present,injected_fault_(Service:_DynamoDb;_Status_Code:_400;_Request_ID:_FAULTREQID000000000000000)_(SDK_Attempt_Count:_1)
baseline,v2-sync,56,resource-not-found,transient,2,immediate,1,1,0,751,throw,software.amazon.awssdk.services.dynamodb.model.ResourceNotFoundException,-,ResourceNotFoundException,400,FAULTREQID000000000000000,-,false,false,false,DynamoDb,present,injected_fault_(Service:_DynamoDb;_Status_Code:_400;_Request_ID:_FAULTREQID000000000000000)_(SDK_Attempt_Count:_1)
baseline,v2-sync,57,none,control,-1,immediate,1,0,0,636,ok,-,-,-,-,-,-,-,-,-,-,-,-
baseline,v2-sync,57,internal-error,persistent,-1,immediate,3,3,1,1547,throw,software.amazon.awssdk.services.dynamodb.model.InternalServerErrorException,-,InternalServerError,500,FAULTREQID000000000000000,-,false,false,false,DynamoDb,present,injected_fault_(Service:_DynamoDb;_Status_Code:_500;_Request_ID:_FAULTREQID000000000000000)_(SDK_Attempt_Count:_3)
baseline,v2-sync,57,internal-error,transient,2,immediate,3,2,1,1532,ok,-,-,-,-,-,-,-,-,-,-,-,-
baseline,v2-sync,57,throughput-exceeded,persistent,-1,immediate,3,3,1,1465,throw,software.amazon.awssdk.services.dynamodb.model.ProvisionedThroughputExceededException,-,ProvisionedThroughputExceededException,400,FAULTREQID000000000000000,-,false,true,false,DynamoDb,present,injected_fault_(Service:_DynamoDb;_Status_Code:_400;_Request_ID:_FAULTREQID000000000000000)_(SDK_Attempt_Count:_3)
baseline,v2-sync,57,throughput-exceeded,transient,2,immediate,3,2,1,1636,ok,-,-,-,-,-,-,-,-,-,-,-,-
baseline,v2-sync,57,unavailable,persistent,-1,immediate,3,3,1,1697,throw,software.amazon.awssdk.services.dynamodb.model.DynamoDbException,-,-,503,FAULTREQID000000000000000,-,false,false,false,DynamoDb,present,Service_returned_HTTP_status_code_503_(Service:_DynamoDb;_Status_Code:_503;_Request_ID:_FAULTREQID000000000000000)_(SDK_Attempt_Count:_3)
baseline,v2-sync,57,unavailable,transient,2,immediate,3,2,1,1633,ok,-,-,-,-,-,-,-,-,-,-,-,-
baseline,v2-sync,57,empty-500,persistent,-1,immediate,3,3,1,1454,throw,software.amazon.awssdk.services.dynamodb.model.DynamoDbException,-,-,500,FAULTREQID000000000000000,-,false,false,false,DynamoDb,present,Service_returned_HTTP_status_code_500_(Service:_DynamoDb;_Status_Code:_500;_Request_ID:_FAULTREQID000000000000000)_(SDK_Attempt_Count:_3)
baseline,v2-sync,57,empty-500,transient,2,immediate,3,2,1,1504,ok,-,-,-,-,-,-,-,-,-,-,-,-
baseline,v2-sync,57,malformed-body,persistent,-1,immediate,3,3,4,4138,throw,software.amazon.awssdk.core.exception.SdkClientException,java.io.UncheckedIOException,-,-,-,-,false,-,-,-,-,Unable_to_unmarshall_response_(software.amazon.awssdk.thirdparty.jackson.core.io.JsonEOFException:_Unexpected_end-of-input_in_VALUE_STRING_at_[Source:_(software...
baseline,v2-sync,57,malformed-body,transient,2,immediate,3,2,1,1619,ok,-,-,-,-,-,-,-,-,-,-,-,-
baseline,v2-sync,57,resource-not-found,persistent,-1,immediate,1,1,1,1038,throw,software.amazon.awssdk.services.dynamodb.model.ResourceNotFoundException,-,ResourceNotFoundException,400,FAULTREQID000000000000000,-,false,false,false,DynamoDb,present,injected_fault_(Service:_DynamoDb;_Status_Code:_400;_Request_ID:_FAULTREQID000000000000000)_(SDK_Attempt_Count:_1)
baseline,v2-sync,57,resource-not-found,transient,2,immediate,1,1,0,939,throw,software.amazon.awssdk.services.dynamodb.model.ResourceNotFoundException,-,ResourceNotFoundException,400,FAULTREQID000000000000000,-,false,false,false,DynamoDb,present,injected_fault_(Service:_DynamoDb;_Status_Code:_400;_Request_ID:_FAULTREQID000000000000000)_(SDK_Attempt_Count:_1)
baseline,v2-sync,58,none,control,-1,immediate,1,0,0,695,ok,-,-,-,-,-,-,-,-,-,-,-,-
baseline,v2-sync,58,internal-error,persistent,-1,immediate,3,3,1,1471,throw,software.amazon.awssdk.services.dynamodb.model.InternalServerErrorException,-,InternalServerError,500,FAULTREQID000000000000000,-,false,false,false,DynamoDb,present,injected_fault_(Service:_DynamoDb;_Status_Code:_500;_Request_ID:_FAULTREQID000000000000000)_(SDK_Attempt_Count:_3)
baseline,v2-sync,58,internal-error,transient,2,immediate,3,2,1,1456,ok,-,-,-,-,-,-,-,-,-,-,-,-
baseline,v2-sync,58,throughput-exceeded,persistent,-1,immediate,3,3,1,1524,throw,software.amazon.awssdk.services.dynamodb.model.ProvisionedThroughputExceededException,-,ProvisionedThroughputExceededException,400,FAULTREQID000000000000000,-,false,true,false,DynamoDb,present,injected_fault_(Service:_DynamoDb;_Status_Code:_400;_Request_ID:_FAULTREQID000000000000000)_(SDK_Attempt_Count:_3)
baseline,v2-sync,58,throughput-exceeded,transient,2,immediate,3,2,1,1614,ok,-,-,-,-,-,-,-,-,-,-,-,-
baseline,v2-sync,58,unavailable,persistent,-1,immediate,3,3,1,1763,throw,software.amazon.awssdk.services.dynamodb.model.DynamoDbException,-,-,503,FAULTREQID000000000000000,-,false,false,false,DynamoDb,present,Service_returned_HTTP_status_code_503_(Service:_DynamoDb;_Status_Code:_503;_Request_ID:_FAULTREQID000000000000000)_(SDK_Attempt_Count:_3)
baseline,v2-sync,58,unavailable,transient,2,immediate,3,2,1,1563,ok,-,-,-,-,-,-,-,-,-,-,-,-
baseline,v2-sync,58,empty-500,persistent,-1,immediate,3,3,1,1425,throw,software.amazon.awssdk.services.dynamodb.model.DynamoDbException,-,-,500,FAULTREQID000000000000000,-,false,false,false,DynamoDb,present,Service_returned_HTTP_status_code_500_(Service:_DynamoDb;_Status_Code:_500;_Request_ID:_FAULTREQID000000000000000)_(SDK_Attempt_Count:_3)
baseline,v2-sync,58,empty-500,transient,2,immediate,3,2,1,1398,ok,-,-,-,-,-,-,-,-,-,-,-,-
baseline,v2-sync,58,malformed-body,persistent,-1,immediate,3,3,1,1513,throw,software.amazon.awssdk.core.exception.SdkClientException,java.io.UncheckedIOException,-,-,-,-,false,-,-,-,-,Unable_to_unmarshall_response_(software.amazon.awssdk.thirdparty.jackson.core.io.JsonEOFException:_Unexpected_end-of-input_in_VALUE_STRING_at_[Source:_(software...
baseline,v2-sync,58,malformed-body,transient,2,immediate,3,2,1,1435,ok,-,-,-,-,-,-,-,-,-,-,-,-
baseline,v2-sync,58,resource-not-found,persistent,-1,immediate,1,1,1,1050,throw,software.amazon.awssdk.services.dynamodb.model.ResourceNotFoundException,-,ResourceNotFoundException,400,FAULTREQID000000000000000,-,false,false,false,DynamoDb,present,injected_fault_(Service:_DynamoDb;_Status_Code:_400;_Request_ID:_FAULTREQID000000000000000)_(SDK_Attempt_Count:_1)
baseline,v2-sync,58,resource-not-found,transient,2,immediate,1,1,1,1017,throw,software.amazon.awssdk.services.dynamodb.model.ResourceNotFoundException,-,ResourceNotFoundException,400,FAULTREQID000000000000000,-,false,false,false,DynamoDb,present,injected_fault_(Service:_DynamoDb;_Status_Code:_400;_Request_ID:_FAULTREQID000000000000000)_(SDK_Attempt_Count:_1)
baseline,v2-sync,59,none,control,-1,immediate,1,0,0,820,ok,-,-,-,-,-,-,-,-,-,-,-,-
baseline,v2-sync,59,internal-error,persistent,-1,immediate,3,3,1,1803,throw,software.amazon.awssdk.services.dynamodb.model.InternalServerErrorException,-,InternalServerError,500,FAULTREQID000000000000000,-,false,false,false,DynamoDb,present,injected_fault_(Service:_DynamoDb;_Status_Code:_500;_Request_ID:_FAULTREQID000000000000000)_(SDK_Attempt_Count:_3)
baseline,v2-sync,59,internal-error,transient,2,immediate,3,2,1,1481,ok,-,-,-,-,-,-,-,-,-,-,-,-
baseline,v2-sync,59,throughput-exceeded,persistent,-1,immediate,3,3,1,1526,throw,software.amazon.awssdk.services.dynamodb.model.ProvisionedThroughputExceededException,-,ProvisionedThroughputExceededException,400,FAULTREQID000000000000000,-,false,true,false,DynamoDb,present,injected_fault_(Service:_DynamoDb;_Status_Code:_400;_Request_ID:_FAULTREQID000000000000000)_(SDK_Attempt_Count:_3)
baseline,v2-sync,59,throughput-exceeded,transient,2,immediate,3,2,1,1574,ok,-,-,-,-,-,-,-,-,-,-,-,-
baseline,v2-sync,59,unavailable,persistent,-1,immediate,3,3,1,1818,throw,software.amazon.awssdk.services.dynamodb.model.DynamoDbException,-,-,503,FAULTREQID000000000000000,-,false,false,false,DynamoDb,present,Service_returned_HTTP_status_code_503_(Service:_DynamoDb;_Status_Code:_503;_Request_ID:_FAULTREQID000000000000000)_(SDK_Attempt_Count:_3)
baseline,v2-sync,59,unavailable,transient,2,immediate,3,2,1,1570,ok,-,-,-,-,-,-,-,-,-,-,-,-
baseline,v2-sync,59,empty-500,persistent,-1,immediate,3,3,1,1479,throw,software.amazon.awssdk.services.dynamodb.model.DynamoDbException,-,-,500,FAULTREQID000000000000000,-,false,false,false,DynamoDb,present,Service_returned_HTTP_status_code_500_(Service:_DynamoDb;_Status_Code:_500;_Request_ID:_FAULTREQID000000000000000)_(SDK_Attempt_Count:_3)
baseline,v2-sync,59,empty-500,transient,2,immediate,3,2,1,1445,ok,-,-,-,-,-,-,-,-,-,-,-,-
baseline,v2-sync,59,malformed-body,persistent,-1,immediate,3,3,1,1532,throw,software.amazon.awssdk.core.exception.SdkClientException,java.io.UncheckedIOException,-,-,-,-,false,-,-,-,-,Unable_to_unmarshall_response_(software.amazon.awssdk.thirdparty.jackson.core.io.JsonEOFException:_Unexpected_end-of-input_in_VALUE_STRING_at_[Source:_(software...
baseline,v2-sync,59,malformed-body,transient,2,immediate,3,2,1,1402,ok,-,-,-,-,-,-,-,-,-,-,-,-
baseline,v2-sync,59,resource-not-found,persistent,-1,immediate,1,1,0,721,throw,software.amazon.awssdk.services.dynamodb.model.ResourceNotFoundException,-,ResourceNotFoundException,400,FAULTREQID000000000000000,-,false,false,false,DynamoDb,present,injected_fault_(Service:_DynamoDb;_Status_Code:_400;_Request_ID:_FAULTREQID000000000000000)_(SDK_Attempt_Count:_1)
baseline,v2-sync,59,resource-not-found,transient,2,immediate,1,1,0,979,throw,software.amazon.awssdk.services.dynamodb.model.ResourceNotFoundException,-,ResourceNotFoundException,400,FAULTREQID000000000000000,-,false,false,false,DynamoDb,present,injected_fault_(Service:_DynamoDb;_Status_Code:_400;_Request_ID:_FAULTREQID000000000000000)_(SDK_Attempt_Count:_1)
baseline,v2-sync,60,none,control,-1,immediate,1,0,6,6352,ok,-,-,-,-,-,-,-,-,-,-,-,-
baseline,v2-sync,60,internal-error,persistent,-1,immediate,3,3,2,2186,throw,software.amazon.awssdk.services.dynamodb.model.InternalServerErrorException,-,InternalServerError,500,FAULTREQID000000000000000,-,false,false,false,DynamoDb,present,injected_fault_(Service:_DynamoDb;_Status_Code:_500;_Request_ID:_FAULTREQID000000000000000)_(SDK_Attempt_Count:_3)
baseline,v2-sync,60,internal-error,transient,2,immediate,3,2,1,1576,ok,-,-,-,-,-,-,-,-,-,-,-,-
baseline,v2-sync,60,throughput-exceeded,persistent,-1,immediate,3,3,1,1743,throw,software.amazon.awssdk.services.dynamodb.model.ProvisionedThroughputExceededException,-,ProvisionedThroughputExceededException,400,FAULTREQID000000000000000,-,false,true,false,DynamoDb,present,injected_fault_(Service:_DynamoDb;_Status_Code:_400;_Request_ID:_FAULTREQID000000000000000)_(SDK_Attempt_Count:_3)
baseline,v2-sync,60,throughput-exceeded,transient,2,immediate,3,2,1,1384,ok,-,-,-,-,-,-,-,-,-,-,-,-
baseline,v2-sync,60,unavailable,persistent,-1,immediate,3,3,1,1596,throw,software.amazon.awssdk.services.dynamodb.model.DynamoDbException,-,-,503,FAULTREQID000000000000000,-,false,false,false,DynamoDb,present,Service_returned_HTTP_status_code_503_(Service:_DynamoDb;_Status_Code:_503;_Request_ID:_FAULTREQID000000000000000)_(SDK_Attempt_Count:_3)
baseline,v2-sync,60,unavailable,transient,2,immediate,3,2,1,1444,ok,-,-,-,-,-,-,-,-,-,-,-,-
baseline,v2-sync,60,empty-500,persistent,-1,immediate,3,3,1,1298,throw,software.amazon.awssdk.services.dynamodb.model.DynamoDbException,-,-,500,FAULTREQID000000000000000,-,false,false,false,DynamoDb,present,Service_returned_HTTP_status_code_500_(Service:_DynamoDb;_Status_Code:_500;_Request_ID:_FAULTREQID000000000000000)_(SDK_Attempt_Count:_3)
baseline,v2-sync,60,empty-500,transient,2,immediate,3,2,1,1322,ok,-,-,-,-,-,-,-,-,-,-,-,-
baseline,v2-sync,60,malformed-body,persistent,-1,immediate,3,3,1,1631,throw,software.amazon.awssdk.core.exception.SdkClientException,java.io.UncheckedIOException,-,-,-,-,false,-,-,-,-,Unable_to_unmarshall_response_(software.amazon.awssdk.thirdparty.jackson.core.io.JsonEOFException:_Unexpected_end-of-input_in_VALUE_STRING_at_[Source:_(software...
baseline,v2-sync,60,malformed-body,transient,2,immediate,3,2,1,1442,ok,-,-,-,-,-,-,-,-,-,-,-,-
baseline,v2-sync,60,resource-not-found,persistent,-1,immediate,1,1,0,730,throw,software.amazon.awssdk.services.dynamodb.model.ResourceNotFoundException,-,ResourceNotFoundException,400,FAULTREQID000000000000000,-,false,false,false,DynamoDb,present,injected_fault_(Service:_DynamoDb;_Status_Code:_400;_Request_ID:_FAULTREQID000000000000000)_(SDK_Attempt_Count:_1)
baseline,v2-sync,60,resource-not-found,transient,2,immediate,1,1,0,798,throw,software.amazon.awssdk.services.dynamodb.model.ResourceNotFoundException,-,ResourceNotFoundException,400,FAULTREQID000000000000000,-,false,false,false,DynamoDb,present,injected_fault_(Service:_DynamoDb;_Status_Code:_400;_Request_ID:_FAULTREQID000000000000000)_(SDK_Attempt_Count:_1)
bridge,v2-sync,1,none,control,-1,immediate,1,0,2,2792,ok,-,-,-,-,-,-,-,-,-,-,-,-
bridge,v2-sync,1,internal-error,persistent,-1,immediate,3,3,24,24403,throw,software.amazon.awssdk.services.dynamodb.model.InternalServerErrorException,-,InternalServerError,500,FAULTREQID000000000000000,-,false,false,false,DynamoDb,absent,(Service:_DynamoDb;_Status_Code:_500;_Request_ID:_FAULTREQID000000000000000)
bridge,v2-sync,1,internal-error,transient,2,immediate,3,2,5,5495,ok,-,-,-,-,-,-,-,-,-,-,-,-
bridge,v2-sync,1,throughput-exceeded,persistent,-1,immediate,3,3,9,9655,throw,software.amazon.awssdk.services.dynamodb.model.ProvisionedThroughputExceededException,-,ProvisionedThroughputExceededException,400,FAULTREQID000000000000000,-,false,true,false,DynamoDb,absent,(Service:_DynamoDb;_Status_Code:_400;_Request_ID:_FAULTREQID000000000000000)
bridge,v2-sync,1,throughput-exceeded,transient,2,immediate,3,2,17,17405,ok,-,-,-,-,-,-,-,-,-,-,-,-
bridge,v2-sync,1,unavailable,persistent,-1,immediate,3,3,44,44056,throw,software.amazon.awssdk.services.dynamodb.model.DynamoDbException,-,-,503,FAULTREQID000000000000000,-,false,false,false,DynamoDb,absent,Service_returned_HTTP_status_code_503_(Service:_DynamoDb;_Status_Code:_503;_Request_ID:_FAULTREQID000000000000000)
bridge,v2-sync,1,unavailable,transient,2,immediate,3,2,7,7186,ok,-,-,-,-,-,-,-,-,-,-,-,-
bridge,v2-sync,1,empty-500,persistent,-1,immediate,3,3,3,3970,throw,software.amazon.awssdk.services.dynamodb.model.DynamoDbException,-,-,500,FAULTREQID000000000000000,-,false,false,false,DynamoDb,absent,Service_returned_HTTP_status_code_500_(Service:_DynamoDb;_Status_Code:_500;_Request_ID:_FAULTREQID000000000000000)
bridge,v2-sync,1,empty-500,transient,2,immediate,3,2,3,3710,ok,-,-,-,-,-,-,-,-,-,-,-,-
bridge,v2-sync,1,malformed-body,persistent,-1,immediate,3,3,3,3983,throw,software.amazon.awssdk.core.exception.SdkClientException,software.amazon.smithy.java.core.serde.SerializationException,-,-,-,-,false,-,-,-,-,Unexpected_end-of-input_in_VALUE_STRING_at_[Source:_REDACTED_(`StreamReadFeature.INCLUDE_SOURCE_IN_LOCATION`_disabled);_byte_offset:_#25]
bridge,v2-sync,1,malformed-body,transient,2,immediate,3,2,3,3505,ok,-,-,-,-,-,-,-,-,-,-,-,-
bridge,v2-sync,1,resource-not-found,persistent,-1,immediate,1,1,3,3135,throw,software.amazon.awssdk.services.dynamodb.model.ResourceNotFoundException,-,ResourceNotFoundException,400,FAULTREQID000000000000000,-,false,false,false,DynamoDb,absent,(Service:_DynamoDb;_Status_Code:_400;_Request_ID:_FAULTREQID000000000000000)
bridge,v2-sync,1,resource-not-found,transient,2,immediate,1,1,1,1534,throw,software.amazon.awssdk.services.dynamodb.model.ResourceNotFoundException,-,ResourceNotFoundException,400,FAULTREQID000000000000000,-,false,false,false,DynamoDb,absent,(Service:_DynamoDb;_Status_Code:_400;_Request_ID:_FAULTREQID000000000000000)
bridge,v2-sync,2,none,control,-1,immediate,1,0,5,5340,ok,-,-,-,-,-,-,-,-,-,-,-,-
bridge,v2-sync,2,internal-error,persistent,-1,immediate,3,3,5,5680,throw,software.amazon.awssdk.services.dynamodb.model.InternalServerErrorException,-,InternalServerError,500,FAULTREQID000000000000000,-,false,false,false,DynamoDb,absent,(Service:_DynamoDb;_Status_Code:_500;_Request_ID:_FAULTREQID000000000000000)
bridge,v2-sync,2,internal-error,transient,2,immediate,3,2,3,3319,ok,-,-,-,-,-,-,-,-,-,-,-,-
bridge,v2-sync,2,throughput-exceeded,persistent,-1,immediate,3,3,3,3629,throw,software.amazon.awssdk.services.dynamodb.model.ProvisionedThroughputExceededException,-,ProvisionedThroughputExceededException,400,FAULTREQID000000000000000,-,false,true,false,DynamoDb,absent,(Service:_DynamoDb;_Status_Code:_400;_Request_ID:_FAULTREQID000000000000000)
bridge,v2-sync,2,throughput-exceeded,transient,2,immediate,3,2,5,5531,ok,-,-,-,-,-,-,-,-,-,-,-,-
bridge,v2-sync,2,unavailable,persistent,-1,immediate,3,3,5,5887,throw,software.amazon.awssdk.services.dynamodb.model.DynamoDbException,-,-,503,FAULTREQID000000000000000,-,false,false,false,DynamoDb,absent,Service_returned_HTTP_status_code_503_(Service:_DynamoDb;_Status_Code:_503;_Request_ID:_FAULTREQID000000000000000)
bridge,v2-sync,2,unavailable,transient,2,immediate,3,2,3,3507,ok,-,-,-,-,-,-,-,-,-,-,-,-
bridge,v2-sync,2,empty-500,persistent,-1,immediate,3,3,3,3199,throw,software.amazon.awssdk.services.dynamodb.model.DynamoDbException,-,-,500,FAULTREQID000000000000000,-,false,false,false,DynamoDb,absent,Service_returned_HTTP_status_code_500_(Service:_DynamoDb;_Status_Code:_500;_Request_ID:_FAULTREQID000000000000000)
bridge,v2-sync,2,empty-500,transient,2,immediate,3,2,4,4546,ok,-,-,-,-,-,-,-,-,-,-,-,-
bridge,v2-sync,2,malformed-body,persistent,-1,immediate,3,3,4,4648,throw,software.amazon.awssdk.core.exception.SdkClientException,software.amazon.smithy.java.core.serde.SerializationException,-,-,-,-,false,-,-,-,-,Unexpected_end-of-input_in_VALUE_STRING_at_[Source:_REDACTED_(`StreamReadFeature.INCLUDE_SOURCE_IN_LOCATION`_disabled);_byte_offset:_#25]
bridge,v2-sync,2,malformed-body,transient,2,immediate,3,2,3,3604,ok,-,-,-,-,-,-,-,-,-,-,-,-
bridge,v2-sync,2,resource-not-found,persistent,-1,immediate,1,1,1,1308,throw,software.amazon.awssdk.services.dynamodb.model.ResourceNotFoundException,-,ResourceNotFoundException,400,FAULTREQID000000000000000,-,false,false,false,DynamoDb,absent,(Service:_DynamoDb;_Status_Code:_400;_Request_ID:_FAULTREQID000000000000000)
bridge,v2-sync,2,resource-not-found,transient,2,immediate,1,1,1,1472,throw,software.amazon.awssdk.services.dynamodb.model.ResourceNotFoundException,-,ResourceNotFoundException,400,FAULTREQID000000000000000,-,false,false,false,DynamoDb,absent,(Service:_DynamoDb;_Status_Code:_400;_Request_ID:_FAULTREQID000000000000000)
bridge,v2-sync,3,none,control,-1,immediate,1,0,1,1339,ok,-,-,-,-,-,-,-,-,-,-,-,-
bridge,v2-sync,3,internal-error,persistent,-1,immediate,3,3,3,3750,throw,software.amazon.awssdk.services.dynamodb.model.InternalServerErrorException,-,InternalServerError,500,FAULTREQID000000000000000,-,false,false,false,DynamoDb,absent,(Service:_DynamoDb;_Status_Code:_500;_Request_ID:_FAULTREQID000000000000000)
bridge,v2-sync,3,internal-error,transient,2,immediate,3,2,3,3379,ok,-,-,-,-,-,-,-,-,-,-,-,-
bridge,v2-sync,3,throughput-exceeded,persistent,-1,immediate,3,3,3,3531,throw,software.amazon.awssdk.services.dynamodb.model.ProvisionedThroughputExceededException,-,ProvisionedThroughputExceededException,400,FAULTREQID000000000000000,-,false,true,false,DynamoDb,absent,(Service:_DynamoDb;_Status_Code:_400;_Request_ID:_FAULTREQID000000000000000)
bridge,v2-sync,3,throughput-exceeded,transient,2,immediate,3,2,3,3500,ok,-,-,-,-,-,-,-,-,-,-,-,-
bridge,v2-sync,3,unavailable,persistent,-1,immediate,3,3,3,3517,throw,software.amazon.awssdk.services.dynamodb.model.DynamoDbException,-,-,503,FAULTREQID000000000000000,-,false,false,false,DynamoDb,absent,Service_returned_HTTP_status_code_503_(Service:_DynamoDb;_Status_Code:_503;_Request_ID:_FAULTREQID000000000000000)
bridge,v2-sync,3,unavailable,transient,2,immediate,3,2,3,3660,ok,-,-,-,-,-,-,-,-,-,-,-,-
bridge,v2-sync,3,empty-500,persistent,-1,immediate,3,3,3,3472,throw,software.amazon.awssdk.services.dynamodb.model.DynamoDbException,-,-,500,FAULTREQID000000000000000,-,false,false,false,DynamoDb,absent,Service_returned_HTTP_status_code_500_(Service:_DynamoDb;_Status_Code:_500;_Request_ID:_FAULTREQID000000000000000)
bridge,v2-sync,3,empty-500,transient,2,immediate,3,2,3,3118,ok,-,-,-,-,-,-,-,-,-,-,-,-
bridge,v2-sync,3,malformed-body,persistent,-1,immediate,3,3,4,4284,throw,software.amazon.awssdk.core.exception.SdkClientException,software.amazon.smithy.java.core.serde.SerializationException,-,-,-,-,false,-,-,-,-,Unexpected_end-of-input_in_VALUE_STRING_at_[Source:_REDACTED_(`StreamReadFeature.INCLUDE_SOURCE_IN_LOCATION`_disabled);_byte_offset:_#25]
bridge,v2-sync,3,malformed-body,transient,2,immediate,3,2,3,3098,ok,-,-,-,-,-,-,-,-,-,-,-,-
bridge,v2-sync,3,resource-not-found,persistent,-1,immediate,1,1,1,1272,throw,software.amazon.awssdk.services.dynamodb.model.ResourceNotFoundException,-,ResourceNotFoundException,400,FAULTREQID000000000000000,-,false,false,false,DynamoDb,absent,(Service:_DynamoDb;_Status_Code:_400;_Request_ID:_FAULTREQID000000000000000)
bridge,v2-sync,3,resource-not-found,transient,2,immediate,1,1,1,1357,throw,software.amazon.awssdk.services.dynamodb.model.ResourceNotFoundException,-,ResourceNotFoundException,400,FAULTREQID000000000000000,-,false,false,false,DynamoDb,absent,(Service:_DynamoDb;_Status_Code:_400;_Request_ID:_FAULTREQID000000000000000)
bridge,v2-sync,4,none,control,-1,immediate,1,0,1,1306,ok,-,-,-,-,-,-,-,-,-,-,-,-
bridge,v2-sync,4,internal-error,persistent,-1,immediate,3,3,3,3322,throw,software.amazon.awssdk.services.dynamodb.model.InternalServerErrorException,-,InternalServerError,500,FAULTREQID000000000000000,-,false,false,false,DynamoDb,absent,(Service:_DynamoDb;_Status_Code:_500;_Request_ID:_FAULTREQID000000000000000)
bridge,v2-sync,4,internal-error,transient,2,immediate,3,2,3,3179,ok,-,-,-,-,-,-,-,-,-,-,-,-
bridge,v2-sync,4,throughput-exceeded,persistent,-1,immediate,3,3,3,3281,throw,software.amazon.awssdk.services.dynamodb.model.ProvisionedThroughputExceededException,-,ProvisionedThroughputExceededException,400,FAULTREQID000000000000000,-,false,true,false,DynamoDb,absent,(Service:_DynamoDb;_Status_Code:_400;_Request_ID:_FAULTREQID000000000000000)
bridge,v2-sync,4,throughput-exceeded,transient,2,immediate,3,2,3,3079,ok,-,-,-,-,-,-,-,-,-,-,-,-
bridge,v2-sync,4,unavailable,persistent,-1,immediate,3,3,3,3323,throw,software.amazon.awssdk.services.dynamodb.model.DynamoDbException,-,-,503,FAULTREQID000000000000000,-,false,false,false,DynamoDb,absent,Service_returned_HTTP_status_code_503_(Service:_DynamoDb;_Status_Code:_503;_Request_ID:_FAULTREQID000000000000000)
bridge,v2-sync,4,unavailable,transient,2,immediate,3,2,2,2986,ok,-,-,-,-,-,-,-,-,-,-,-,-
bridge,v2-sync,4,empty-500,persistent,-1,immediate,3,3,2,2896,throw,software.amazon.awssdk.services.dynamodb.model.DynamoDbException,-,-,500,FAULTREQID000000000000000,-,false,false,false,DynamoDb,absent,Service_returned_HTTP_status_code_500_(Service:_DynamoDb;_Status_Code:_500;_Request_ID:_FAULTREQID000000000000000)
bridge,v2-sync,4,empty-500,transient,2,immediate,3,2,2,2860,ok,-,-,-,-,-,-,-,-,-,-,-,-
bridge,v2-sync,4,malformed-body,persistent,-1,immediate,3,3,3,3280,throw,software.amazon.awssdk.core.exception.SdkClientException,software.amazon.smithy.java.core.serde.SerializationException,-,-,-,-,false,-,-,-,-,Unexpected_end-of-input_in_VALUE_STRING_at_[Source:_REDACTED_(`StreamReadFeature.INCLUDE_SOURCE_IN_LOCATION`_disabled);_byte_offset:_#25]
bridge,v2-sync,4,malformed-body,transient,2,immediate,3,2,3,3125,ok,-,-,-,-,-,-,-,-,-,-,-,-
bridge,v2-sync,4,resource-not-found,persistent,-1,immediate,1,1,1,1251,throw,software.amazon.awssdk.services.dynamodb.model.ResourceNotFoundException,-,ResourceNotFoundException,400,FAULTREQID000000000000000,-,false,false,false,DynamoDb,absent,(Service:_DynamoDb;_Status_Code:_400;_Request_ID:_FAULTREQID000000000000000)
bridge,v2-sync,4,resource-not-found,transient,2,immediate,1,1,1,1204,throw,software.amazon.awssdk.services.dynamodb.model.ResourceNotFoundException,-,ResourceNotFoundException,400,FAULTREQID000000000000000,-,false,false,false,DynamoDb,absent,(Service:_DynamoDb;_Status_Code:_400;_Request_ID:_FAULTREQID000000000000000)
bridge,v2-sync,5,none,control,-1,immediate,1,0,1,1054,ok,-,-,-,-,-,-,-,-,-,-,-,-
bridge,v2-sync,5,internal-error,persistent,-1,immediate,3,3,3,3074,throw,software.amazon.awssdk.services.dynamodb.model.InternalServerErrorException,-,InternalServerError,500,FAULTREQID000000000000000,-,false,false,false,DynamoDb,absent,(Service:_DynamoDb;_Status_Code:_500;_Request_ID:_FAULTREQID000000000000000)
bridge,v2-sync,5,internal-error,transient,2,immediate,3,2,2,2971,ok,-,-,-,-,-,-,-,-,-,-,-,-
bridge,v2-sync,5,throughput-exceeded,persistent,-1,immediate,3,3,2,2960,throw,software.amazon.awssdk.services.dynamodb.model.ProvisionedThroughputExceededException,-,ProvisionedThroughputExceededException,400,FAULTREQID000000000000000,-,false,true,false,DynamoDb,absent,(Service:_DynamoDb;_Status_Code:_400;_Request_ID:_FAULTREQID000000000000000)
bridge,v2-sync,5,throughput-exceeded,transient,2,immediate,3,2,4,4303,ok,-,-,-,-,-,-,-,-,-,-,-,-
bridge,v2-sync,5,unavailable,persistent,-1,immediate,3,3,3,3126,throw,software.amazon.awssdk.services.dynamodb.model.DynamoDbException,-,-,503,FAULTREQID000000000000000,-,false,false,false,DynamoDb,absent,Service_returned_HTTP_status_code_503_(Service:_DynamoDb;_Status_Code:_503;_Request_ID:_FAULTREQID000000000000000)
bridge,v2-sync,5,unavailable,transient,2,immediate,3,2,3,3146,ok,-,-,-,-,-,-,-,-,-,-,-,-
bridge,v2-sync,5,empty-500,persistent,-1,immediate,3,3,2,2525,throw,software.amazon.awssdk.services.dynamodb.model.DynamoDbException,-,-,500,FAULTREQID000000000000000,-,false,false,false,DynamoDb,absent,Service_returned_HTTP_status_code_500_(Service:_DynamoDb;_Status_Code:_500;_Request_ID:_FAULTREQID000000000000000)
bridge,v2-sync,5,empty-500,transient,2,immediate,3,2,2,2574,ok,-,-,-,-,-,-,-,-,-,-,-,-
bridge,v2-sync,5,malformed-body,persistent,-1,immediate,3,3,2,2794,throw,software.amazon.awssdk.core.exception.SdkClientException,software.amazon.smithy.java.core.serde.SerializationException,-,-,-,-,false,-,-,-,-,Unexpected_end-of-input_in_VALUE_STRING_at_[Source:_REDACTED_(`StreamReadFeature.INCLUDE_SOURCE_IN_LOCATION`_disabled);_byte_offset:_#25]
bridge,v2-sync,5,malformed-body,transient,2,immediate,3,2,2,2696,ok,-,-,-,-,-,-,-,-,-,-,-,-
bridge,v2-sync,5,resource-not-found,persistent,-1,immediate,1,1,1,1255,throw,software.amazon.awssdk.services.dynamodb.model.ResourceNotFoundException,-,ResourceNotFoundException,400,FAULTREQID000000000000000,-,false,false,false,DynamoDb,absent,(Service:_DynamoDb;_Status_Code:_400;_Request_ID:_FAULTREQID000000000000000)
bridge,v2-sync,5,resource-not-found,transient,2,immediate,1,1,1,1085,throw,software.amazon.awssdk.services.dynamodb.model.ResourceNotFoundException,-,ResourceNotFoundException,400,FAULTREQID000000000000000,-,false,false,false,DynamoDb,absent,(Service:_DynamoDb;_Status_Code:_400;_Request_ID:_FAULTREQID000000000000000)
bridge,v2-sync,6,none,control,-1,immediate,1,0,1,1039,ok,-,-,-,-,-,-,-,-,-,-,-,-
bridge,v2-sync,6,internal-error,persistent,-1,immediate,3,3,3,3657,throw,software.amazon.awssdk.services.dynamodb.model.InternalServerErrorException,-,InternalServerError,500,FAULTREQID000000000000000,-,false,false,false,DynamoDb,absent,(Service:_DynamoDb;_Status_Code:_500;_Request_ID:_FAULTREQID000000000000000)
bridge,v2-sync,6,internal-error,transient,2,immediate,3,2,4,4960,ok,-,-,-,-,-,-,-,-,-,-,-,-
bridge,v2-sync,6,throughput-exceeded,persistent,-1,immediate,3,3,2,2971,throw,software.amazon.awssdk.services.dynamodb.model.ProvisionedThroughputExceededException,-,ProvisionedThroughputExceededException,400,FAULTREQID000000000000000,-,false,true,false,DynamoDb,absent,(Service:_DynamoDb;_Status_Code:_400;_Request_ID:_FAULTREQID000000000000000)
bridge,v2-sync,6,throughput-exceeded,transient,2,immediate,3,2,2,2871,ok,-,-,-,-,-,-,-,-,-,-,-,-
bridge,v2-sync,6,unavailable,persistent,-1,immediate,3,3,2,2850,throw,software.amazon.awssdk.services.dynamodb.model.DynamoDbException,-,-,503,FAULTREQID000000000000000,-,false,false,false,DynamoDb,absent,Service_returned_HTTP_status_code_503_(Service:_DynamoDb;_Status_Code:_503;_Request_ID:_FAULTREQID000000000000000)
bridge,v2-sync,6,unavailable,transient,2,immediate,3,2,3,3208,ok,-,-,-,-,-,-,-,-,-,-,-,-
bridge,v2-sync,6,empty-500,persistent,-1,immediate,3,3,2,2434,throw,software.amazon.awssdk.services.dynamodb.model.DynamoDbException,-,-,500,FAULTREQID000000000000000,-,false,false,false,DynamoDb,absent,Service_returned_HTTP_status_code_500_(Service:_DynamoDb;_Status_Code:_500;_Request_ID:_FAULTREQID000000000000000)
bridge,v2-sync,6,empty-500,transient,2,immediate,3,2,2,2597,ok,-,-,-,-,-,-,-,-,-,-,-,-
bridge,v2-sync,6,malformed-body,persistent,-1,immediate,3,3,2,2931,throw,software.amazon.awssdk.core.exception.SdkClientException,software.amazon.smithy.java.core.serde.SerializationException,-,-,-,-,false,-,-,-,-,Unexpected_end-of-input_in_VALUE_STRING_at_[Source:_REDACTED_(`StreamReadFeature.INCLUDE_SOURCE_IN_LOCATION`_disabled);_byte_offset:_#25]
bridge,v2-sync,6,malformed-body,transient,2,immediate,3,2,2,2622,ok,-,-,-,-,-,-,-,-,-,-,-,-
bridge,v2-sync,6,resource-not-found,persistent,-1,immediate,1,1,1,1807,throw,software.amazon.awssdk.services.dynamodb.model.ResourceNotFoundException,-,ResourceNotFoundException,400,FAULTREQID000000000000000,-,false,false,false,DynamoDb,absent,(Service:_DynamoDb;_Status_Code:_400;_Request_ID:_FAULTREQID000000000000000)
bridge,v2-sync,6,resource-not-found,transient,2,immediate,1,1,1,1194,throw,software.amazon.awssdk.services.dynamodb.model.ResourceNotFoundException,-,ResourceNotFoundException,400,FAULTREQID000000000000000,-,false,false,false,DynamoDb,absent,(Service:_DynamoDb;_Status_Code:_400;_Request_ID:_FAULTREQID000000000000000)
bridge,v2-sync,7,none,control,-1,immediate,1,0,1,1176,ok,-,-,-,-,-,-,-,-,-,-,-,-
bridge,v2-sync,7,internal-error,persistent,-1,immediate,3,3,2,2700,throw,software.amazon.awssdk.services.dynamodb.model.InternalServerErrorException,-,InternalServerError,500,FAULTREQID000000000000000,-,false,false,false,DynamoDb,absent,(Service:_DynamoDb;_Status_Code:_500;_Request_ID:_FAULTREQID000000000000000)
bridge,v2-sync,7,internal-error,transient,2,immediate,3,2,2,2408,ok,-,-,-,-,-,-,-,-,-,-,-,-
bridge,v2-sync,7,throughput-exceeded,persistent,-1,immediate,3,3,2,2449,throw,software.amazon.awssdk.services.dynamodb.model.ProvisionedThroughputExceededException,-,ProvisionedThroughputExceededException,400,FAULTREQID000000000000000,-,false,true,false,DynamoDb,absent,(Service:_DynamoDb;_Status_Code:_400;_Request_ID:_FAULTREQID000000000000000)
bridge,v2-sync,7,throughput-exceeded,transient,2,immediate,3,2,2,2646,ok,-,-,-,-,-,-,-,-,-,-,-,-
bridge,v2-sync,7,unavailable,persistent,-1,immediate,3,3,2,2635,throw,software.amazon.awssdk.services.dynamodb.model.DynamoDbException,-,-,503,FAULTREQID000000000000000,-,false,false,false,DynamoDb,absent,Service_returned_HTTP_status_code_503_(Service:_DynamoDb;_Status_Code:_503;_Request_ID:_FAULTREQID000000000000000)
bridge,v2-sync,7,unavailable,transient,2,immediate,3,2,2,2523,ok,-,-,-,-,-,-,-,-,-,-,-,-
bridge,v2-sync,7,empty-500,persistent,-1,immediate,3,3,2,2468,throw,software.amazon.awssdk.services.dynamodb.model.DynamoDbException,-,-,500,FAULTREQID000000000000000,-,false,false,false,DynamoDb,absent,Service_returned_HTTP_status_code_500_(Service:_DynamoDb;_Status_Code:_500;_Request_ID:_FAULTREQID000000000000000)
bridge,v2-sync,7,empty-500,transient,2,immediate,3,2,2,2377,ok,-,-,-,-,-,-,-,-,-,-,-,-
bridge,v2-sync,7,malformed-body,persistent,-1,immediate,3,3,2,2606,throw,software.amazon.awssdk.core.exception.SdkClientException,software.amazon.smithy.java.core.serde.SerializationException,-,-,-,-,false,-,-,-,-,Unexpected_end-of-input_in_VALUE_STRING_at_[Source:_REDACTED_(`StreamReadFeature.INCLUDE_SOURCE_IN_LOCATION`_disabled);_byte_offset:_#25]
bridge,v2-sync,7,malformed-body,transient,2,immediate,3,2,2,2531,ok,-,-,-,-,-,-,-,-,-,-,-,-
bridge,v2-sync,7,resource-not-found,persistent,-1,immediate,1,1,1,1168,throw,software.amazon.awssdk.services.dynamodb.model.ResourceNotFoundException,-,ResourceNotFoundException,400,FAULTREQID000000000000000,-,false,false,false,DynamoDb,absent,(Service:_DynamoDb;_Status_Code:_400;_Request_ID:_FAULTREQID000000000000000)
bridge,v2-sync,7,resource-not-found,transient,2,immediate,1,1,1,1019,throw,software.amazon.awssdk.services.dynamodb.model.ResourceNotFoundException,-,ResourceNotFoundException,400,FAULTREQID000000000000000,-,false,false,false,DynamoDb,absent,(Service:_DynamoDb;_Status_Code:_400;_Request_ID:_FAULTREQID000000000000000)
bridge,v2-sync,8,none,control,-1,immediate,1,0,1,1266,ok,-,-,-,-,-,-,-,-,-,-,-,-
bridge,v2-sync,8,internal-error,persistent,-1,immediate,3,3,2,2515,throw,software.amazon.awssdk.services.dynamodb.model.InternalServerErrorException,-,InternalServerError,500,FAULTREQID000000000000000,-,false,false,false,DynamoDb,absent,(Service:_DynamoDb;_Status_Code:_500;_Request_ID:_FAULTREQID000000000000000)
bridge,v2-sync,8,internal-error,transient,2,immediate,3,2,2,2395,ok,-,-,-,-,-,-,-,-,-,-,-,-
bridge,v2-sync,8,throughput-exceeded,persistent,-1,immediate,3,3,2,2292,throw,software.amazon.awssdk.services.dynamodb.model.ProvisionedThroughputExceededException,-,ProvisionedThroughputExceededException,400,FAULTREQID000000000000000,-,false,true,false,DynamoDb,absent,(Service:_DynamoDb;_Status_Code:_400;_Request_ID:_FAULTREQID000000000000000)
bridge,v2-sync,8,throughput-exceeded,transient,2,immediate,3,2,2,2342,ok,-,-,-,-,-,-,-,-,-,-,-,-
bridge,v2-sync,8,unavailable,persistent,-1,immediate,3,3,2,2760,throw,software.amazon.awssdk.services.dynamodb.model.DynamoDbException,-,-,503,FAULTREQID000000000000000,-,false,false,false,DynamoDb,absent,Service_returned_HTTP_status_code_503_(Service:_DynamoDb;_Status_Code:_503;_Request_ID:_FAULTREQID000000000000000)
bridge,v2-sync,8,unavailable,transient,2,immediate,3,2,2,2322,ok,-,-,-,-,-,-,-,-,-,-,-,-
bridge,v2-sync,8,empty-500,persistent,-1,immediate,3,3,2,2321,throw,software.amazon.awssdk.services.dynamodb.model.DynamoDbException,-,-,500,FAULTREQID000000000000000,-,false,false,false,DynamoDb,absent,Service_returned_HTTP_status_code_500_(Service:_DynamoDb;_Status_Code:_500;_Request_ID:_FAULTREQID000000000000000)
bridge,v2-sync,8,empty-500,transient,2,immediate,3,2,6,6433,ok,-,-,-,-,-,-,-,-,-,-,-,-
bridge,v2-sync,8,malformed-body,persistent,-1,immediate,3,3,3,3547,throw,software.amazon.awssdk.core.exception.SdkClientException,software.amazon.smithy.java.core.serde.SerializationException,-,-,-,-,false,-,-,-,-,Unexpected_end-of-input_in_VALUE_STRING_at_[Source:_REDACTED_(`StreamReadFeature.INCLUDE_SOURCE_IN_LOCATION`_disabled);_byte_offset:_#25]
bridge,v2-sync,8,malformed-body,transient,2,immediate,3,2,2,2993,ok,-,-,-,-,-,-,-,-,-,-,-,-
bridge,v2-sync,8,resource-not-found,persistent,-1,immediate,1,1,1,1026,throw,software.amazon.awssdk.services.dynamodb.model.ResourceNotFoundException,-,ResourceNotFoundException,400,FAULTREQID000000000000000,-,false,false,false,DynamoDb,absent,(Service:_DynamoDb;_Status_Code:_400;_Request_ID:_FAULTREQID000000000000000)
bridge,v2-sync,8,resource-not-found,transient,2,immediate,1,1,1,1048,throw,software.amazon.awssdk.services.dynamodb.model.ResourceNotFoundException,-,ResourceNotFoundException,400,FAULTREQID000000000000000,-,false,false,false,DynamoDb,absent,(Service:_DynamoDb;_Status_Code:_400;_Request_ID:_FAULTREQID000000000000000)
bridge,v2-sync,9,none,control,-1,immediate,1,0,0,937,ok,-,-,-,-,-,-,-,-,-,-,-,-
bridge,v2-sync,9,internal-error,persistent,-1,immediate,3,3,2,2655,throw,software.amazon.awssdk.services.dynamodb.model.InternalServerErrorException,-,InternalServerError,500,FAULTREQID000000000000000,-,false,false,false,DynamoDb,absent,(Service:_DynamoDb;_Status_Code:_500;_Request_ID:_FAULTREQID000000000000000)
bridge,v2-sync,9,internal-error,transient,2,immediate,3,2,2,2453,ok,-,-,-,-,-,-,-,-,-,-,-,-
bridge,v2-sync,9,throughput-exceeded,persistent,-1,immediate,3,3,4,4346,throw,software.amazon.awssdk.services.dynamodb.model.ProvisionedThroughputExceededException,-,ProvisionedThroughputExceededException,400,FAULTREQID000000000000000,-,false,true,false,DynamoDb,absent,(Service:_DynamoDb;_Status_Code:_400;_Request_ID:_FAULTREQID000000000000000)
bridge,v2-sync,9,throughput-exceeded,transient,2,immediate,3,2,2,2600,ok,-,-,-,-,-,-,-,-,-,-,-,-
bridge,v2-sync,9,unavailable,persistent,-1,immediate,3,3,2,2475,throw,software.amazon.awssdk.services.dynamodb.model.DynamoDbException,-,-,503,FAULTREQID000000000000000,-,false,false,false,DynamoDb,absent,Service_returned_HTTP_status_code_503_(Service:_DynamoDb;_Status_Code:_503;_Request_ID:_FAULTREQID000000000000000)
bridge,v2-sync,9,unavailable,transient,2,immediate,3,2,2,2874,ok,-,-,-,-,-,-,-,-,-,-,-,-
bridge,v2-sync,9,empty-500,persistent,-1,immediate,3,3,2,2414,throw,software.amazon.awssdk.services.dynamodb.model.DynamoDbException,-,-,500,FAULTREQID000000000000000,-,false,false,false,DynamoDb,absent,Service_returned_HTTP_status_code_500_(Service:_DynamoDb;_Status_Code:_500;_Request_ID:_FAULTREQID000000000000000)
bridge,v2-sync,9,empty-500,transient,2,immediate,3,2,2,2199,ok,-,-,-,-,-,-,-,-,-,-,-,-
bridge,v2-sync,9,malformed-body,persistent,-1,immediate,3,3,2,2584,throw,software.amazon.awssdk.core.exception.SdkClientException,software.amazon.smithy.java.core.serde.SerializationException,-,-,-,-,false,-,-,-,-,Unexpected_end-of-input_in_VALUE_STRING_at_[Source:_REDACTED_(`StreamReadFeature.INCLUDE_SOURCE_IN_LOCATION`_disabled);_byte_offset:_#25]
bridge,v2-sync,9,malformed-body,transient,2,immediate,3,2,2,2228,ok,-,-,-,-,-,-,-,-,-,-,-,-
bridge,v2-sync,9,resource-not-found,persistent,-1,immediate,1,1,0,992,throw,software.amazon.awssdk.services.dynamodb.model.ResourceNotFoundException,-,ResourceNotFoundException,400,FAULTREQID000000000000000,-,false,false,false,DynamoDb,absent,(Service:_DynamoDb;_Status_Code:_400;_Request_ID:_FAULTREQID000000000000000)
bridge,v2-sync,9,resource-not-found,transient,2,immediate,1,1,0,938,throw,software.amazon.awssdk.services.dynamodb.model.ResourceNotFoundException,-,ResourceNotFoundException,400,FAULTREQID000000000000000,-,false,false,false,DynamoDb,absent,(Service:_DynamoDb;_Status_Code:_400;_Request_ID:_FAULTREQID000000000000000)
bridge,v2-sync,10,none,control,-1,immediate,1,0,0,889,ok,-,-,-,-,-,-,-,-,-,-,-,-
bridge,v2-sync,10,internal-error,persistent,-1,immediate,3,3,2,2446,throw,software.amazon.awssdk.services.dynamodb.model.InternalServerErrorException,-,InternalServerError,500,FAULTREQID000000000000000,-,false,false,false,DynamoDb,absent,(Service:_DynamoDb;_Status_Code:_500;_Request_ID:_FAULTREQID000000000000000)
bridge,v2-sync,10,internal-error,transient,2,immediate,3,2,2,2334,ok,-,-,-,-,-,-,-,-,-,-,-,-
bridge,v2-sync,10,throughput-exceeded,persistent,-1,immediate,3,3,2,2319,throw,software.amazon.awssdk.services.dynamodb.model.ProvisionedThroughputExceededException,-,ProvisionedThroughputExceededException,400,FAULTREQID000000000000000,-,false,true,false,DynamoDb,absent,(Service:_DynamoDb;_Status_Code:_400;_Request_ID:_FAULTREQID000000000000000)
bridge,v2-sync,10,throughput-exceeded,transient,2,immediate,3,2,2,2298,ok,-,-,-,-,-,-,-,-,-,-,-,-
bridge,v2-sync,10,unavailable,persistent,-1,immediate,3,3,2,2406,throw,software.amazon.awssdk.services.dynamodb.model.DynamoDbException,-,-,503,FAULTREQID000000000000000,-,false,false,false,DynamoDb,absent,Service_returned_HTTP_status_code_503_(Service:_DynamoDb;_Status_Code:_503;_Request_ID:_FAULTREQID000000000000000)
bridge,v2-sync,10,unavailable,transient,2,immediate,3,2,2,2474,ok,-,-,-,-,-,-,-,-,-,-,-,-
bridge,v2-sync,10,empty-500,persistent,-1,immediate,3,3,2,2283,throw,software.amazon.awssdk.services.dynamodb.model.DynamoDbException,-,-,500,FAULTREQID000000000000000,-,false,false,false,DynamoDb,absent,Service_returned_HTTP_status_code_500_(Service:_DynamoDb;_Status_Code:_500;_Request_ID:_FAULTREQID000000000000000)
bridge,v2-sync,10,empty-500,transient,2,immediate,3,2,2,2214,ok,-,-,-,-,-,-,-,-,-,-,-,-
bridge,v2-sync,10,malformed-body,persistent,-1,immediate,3,3,4,4535,throw,software.amazon.awssdk.core.exception.SdkClientException,software.amazon.smithy.java.core.serde.SerializationException,-,-,-,-,false,-,-,-,-,Unexpected_end-of-input_in_VALUE_STRING_at_[Source:_REDACTED_(`StreamReadFeature.INCLUDE_SOURCE_IN_LOCATION`_disabled);_byte_offset:_#25]
bridge,v2-sync,10,malformed-body,transient,2,immediate,3,2,4,4387,ok,-,-,-,-,-,-,-,-,-,-,-,-
bridge,v2-sync,10,resource-not-found,persistent,-1,immediate,1,1,1,1198,throw,software.amazon.awssdk.services.dynamodb.model.ResourceNotFoundException,-,ResourceNotFoundException,400,FAULTREQID000000000000000,-,false,false,false,DynamoDb,absent,(Service:_DynamoDb;_Status_Code:_400;_Request_ID:_FAULTREQID000000000000000)
bridge,v2-sync,10,resource-not-found,transient,2,immediate,1,1,1,1031,throw,software.amazon.awssdk.services.dynamodb.model.ResourceNotFoundException,-,ResourceNotFoundException,400,FAULTREQID000000000000000,-,false,false,false,DynamoDb,absent,(Service:_DynamoDb;_Status_Code:_400;_Request_ID:_FAULTREQID000000000000000)
bridge,v2-sync,11,none,control,-1,immediate,1,0,1,1923,ok,-,-,-,-,-,-,-,-,-,-,-,-
bridge,v2-sync,11,internal-error,persistent,-1,immediate,3,3,2,2843,throw,software.amazon.awssdk.services.dynamodb.model.InternalServerErrorException,-,InternalServerError,500,FAULTREQID000000000000000,-,false,false,false,DynamoDb,absent,(Service:_DynamoDb;_Status_Code:_500;_Request_ID:_FAULTREQID000000000000000)
bridge,v2-sync,11,internal-error,transient,2,immediate,3,2,10,10249,ok,-,-,-,-,-,-,-,-,-,-,-,-
bridge,v2-sync,11,throughput-exceeded,persistent,-1,immediate,3,3,3,3101,throw,software.amazon.awssdk.services.dynamodb.model.ProvisionedThroughputExceededException,-,ProvisionedThroughputExceededException,400,FAULTREQID000000000000000,-,false,true,false,DynamoDb,absent,(Service:_DynamoDb;_Status_Code:_400;_Request_ID:_FAULTREQID000000000000000)
bridge,v2-sync,11,throughput-exceeded,transient,2,immediate,3,2,2,2584,ok,-,-,-,-,-,-,-,-,-,-,-,-
bridge,v2-sync,11,unavailable,persistent,-1,immediate,3,3,3,3304,throw,software.amazon.awssdk.services.dynamodb.model.DynamoDbException,-,-,503,FAULTREQID000000000000000,-,false,false,false,DynamoDb,absent,Service_returned_HTTP_status_code_503_(Service:_DynamoDb;_Status_Code:_503;_Request_ID:_FAULTREQID000000000000000)
bridge,v2-sync,11,unavailable,transient,2,immediate,3,2,4,4048,ok,-,-,-,-,-,-,-,-,-,-,-,-
bridge,v2-sync,11,empty-500,persistent,-1,immediate,3,3,5,5036,throw,software.amazon.awssdk.services.dynamodb.model.DynamoDbException,-,-,500,FAULTREQID000000000000000,-,false,false,false,DynamoDb,absent,Service_returned_HTTP_status_code_500_(Service:_DynamoDb;_Status_Code:_500;_Request_ID:_FAULTREQID000000000000000)
bridge,v2-sync,11,empty-500,transient,2,immediate,3,2,2,2580,ok,-,-,-,-,-,-,-,-,-,-,-,-
bridge,v2-sync,11,malformed-body,persistent,-1,immediate,3,3,2,2740,throw,software.amazon.awssdk.core.exception.SdkClientException,software.amazon.smithy.java.core.serde.SerializationException,-,-,-,-,false,-,-,-,-,Unexpected_end-of-input_in_VALUE_STRING_at_[Source:_REDACTED_(`StreamReadFeature.INCLUDE_SOURCE_IN_LOCATION`_disabled);_byte_offset:_#25]
bridge,v2-sync,11,malformed-body,transient,2,immediate,3,2,2,2332,ok,-,-,-,-,-,-,-,-,-,-,-,-
bridge,v2-sync,11,resource-not-found,persistent,-1,immediate,1,1,0,975,throw,software.amazon.awssdk.services.dynamodb.model.ResourceNotFoundException,-,ResourceNotFoundException,400,FAULTREQID000000000000000,-,false,false,false,DynamoDb,absent,(Service:_DynamoDb;_Status_Code:_400;_Request_ID:_FAULTREQID000000000000000)
bridge,v2-sync,11,resource-not-found,transient,2,immediate,1,1,0,944,throw,software.amazon.awssdk.services.dynamodb.model.ResourceNotFoundException,-,ResourceNotFoundException,400,FAULTREQID000000000000000,-,false,false,false,DynamoDb,absent,(Service:_DynamoDb;_Status_Code:_400;_Request_ID:_FAULTREQID000000000000000)
bridge,v2-sync,12,none,control,-1,immediate,1,0,1,1427,ok,-,-,-,-,-,-,-,-,-,-,-,-
bridge,v2-sync,12,internal-error,persistent,-1,immediate,3,3,5,5489,throw,software.amazon.awssdk.services.dynamodb.model.InternalServerErrorException,-,InternalServerError,500,FAULTREQID000000000000000,-,false,false,false,DynamoDb,absent,(Service:_DynamoDb;_Status_Code:_500;_Request_ID:_FAULTREQID000000000000000)
bridge,v2-sync,12,internal-error,transient,2,immediate,3,2,2,2725,ok,-,-,-,-,-,-,-,-,-,-,-,-
bridge,v2-sync,12,throughput-exceeded,persistent,-1,immediate,3,3,3,3149,throw,software.amazon.awssdk.services.dynamodb.model.ProvisionedThroughputExceededException,-,ProvisionedThroughputExceededException,400,FAULTREQID000000000000000,-,false,true,false,DynamoDb,absent,(Service:_DynamoDb;_Status_Code:_400;_Request_ID:_FAULTREQID000000000000000)
bridge,v2-sync,12,throughput-exceeded,transient,2,immediate,3,2,3,3617,ok,-,-,-,-,-,-,-,-,-,-,-,-
bridge,v2-sync,12,unavailable,persistent,-1,immediate,3,3,3,3000,throw,software.amazon.awssdk.services.dynamodb.model.DynamoDbException,-,-,503,FAULTREQID000000000000000,-,false,false,false,DynamoDb,absent,Service_returned_HTTP_status_code_503_(Service:_DynamoDb;_Status_Code:_503;_Request_ID:_FAULTREQID000000000000000)
bridge,v2-sync,12,unavailable,transient,2,immediate,3,2,5,5642,ok,-,-,-,-,-,-,-,-,-,-,-,-
bridge,v2-sync,12,empty-500,persistent,-1,immediate,3,3,4,4497,throw,software.amazon.awssdk.services.dynamodb.model.DynamoDbException,-,-,500,FAULTREQID000000000000000,-,false,false,false,DynamoDb,absent,Service_returned_HTTP_status_code_500_(Service:_DynamoDb;_Status_Code:_500;_Request_ID:_FAULTREQID000000000000000)
bridge,v2-sync,12,empty-500,transient,2,immediate,3,2,2,2582,ok,-,-,-,-,-,-,-,-,-,-,-,-
bridge,v2-sync,12,malformed-body,persistent,-1,immediate,3,3,2,2979,throw,software.amazon.awssdk.core.exception.SdkClientException,software.amazon.smithy.java.core.serde.SerializationException,-,-,-,-,false,-,-,-,-,Unexpected_end-of-input_in_VALUE_STRING_at_[Source:_REDACTED_(`StreamReadFeature.INCLUDE_SOURCE_IN_LOCATION`_disabled);_byte_offset:_#25]
bridge,v2-sync,12,malformed-body,transient,2,immediate,3,2,2,2547,ok,-,-,-,-,-,-,-,-,-,-,-,-
bridge,v2-sync,12,resource-not-found,persistent,-1,immediate,1,1,1,1144,throw,software.amazon.awssdk.services.dynamodb.model.ResourceNotFoundException,-,ResourceNotFoundException,400,FAULTREQID000000000000000,-,false,false,false,DynamoDb,absent,(Service:_DynamoDb;_Status_Code:_400;_Request_ID:_FAULTREQID000000000000000)
bridge,v2-sync,12,resource-not-found,transient,2,immediate,1,1,0,956,throw,software.amazon.awssdk.services.dynamodb.model.ResourceNotFoundException,-,ResourceNotFoundException,400,FAULTREQID000000000000000,-,false,false,false,DynamoDb,absent,(Service:_DynamoDb;_Status_Code:_400;_Request_ID:_FAULTREQID000000000000000)
bridge,v2-sync,13,none,control,-1,immediate,1,0,0,779,ok,-,-,-,-,-,-,-,-,-,-,-,-
bridge,v2-sync,13,internal-error,persistent,-1,immediate,3,3,4,4278,throw,software.amazon.awssdk.services.dynamodb.model.InternalServerErrorException,-,InternalServerError,500,FAULTREQID000000000000000,-,false,false,false,DynamoDb,absent,(Service:_DynamoDb;_Status_Code:_500;_Request_ID:_FAULTREQID000000000000000)
bridge,v2-sync,13,internal-error,transient,2,immediate,3,2,2,2501,ok,-,-,-,-,-,-,-,-,-,-,-,-
bridge,v2-sync,13,throughput-exceeded,persistent,-1,immediate,3,3,2,2521,throw,software.amazon.awssdk.services.dynamodb.model.ProvisionedThroughputExceededException,-,ProvisionedThroughputExceededException,400,FAULTREQID000000000000000,-,false,true,false,DynamoDb,absent,(Service:_DynamoDb;_Status_Code:_400;_Request_ID:_FAULTREQID000000000000000)
bridge,v2-sync,13,throughput-exceeded,transient,2,immediate,3,2,2,2727,ok,-,-,-,-,-,-,-,-,-,-,-,-
bridge,v2-sync,13,unavailable,persistent,-1,immediate,3,3,3,3116,throw,software.amazon.awssdk.services.dynamodb.model.DynamoDbException,-,-,503,FAULTREQID000000000000000,-,false,false,false,DynamoDb,absent,Service_returned_HTTP_status_code_503_(Service:_DynamoDb;_Status_Code:_503;_Request_ID:_FAULTREQID000000000000000)
bridge,v2-sync,13,unavailable,transient,2,immediate,3,2,2,2232,ok,-,-,-,-,-,-,-,-,-,-,-,-
bridge,v2-sync,13,empty-500,persistent,-1,immediate,3,3,2,2234,throw,software.amazon.awssdk.services.dynamodb.model.DynamoDbException,-,-,500,FAULTREQID000000000000000,-,false,false,false,DynamoDb,absent,Service_returned_HTTP_status_code_500_(Service:_DynamoDb;_Status_Code:_500;_Request_ID:_FAULTREQID000000000000000)
bridge,v2-sync,13,empty-500,transient,2,immediate,3,2,2,2214,ok,-,-,-,-,-,-,-,-,-,-,-,-
bridge,v2-sync,13,malformed-body,persistent,-1,immediate,3,3,2,2264,throw,software.amazon.awssdk.core.exception.SdkClientException,software.amazon.smithy.java.core.serde.SerializationException,-,-,-,-,false,-,-,-,-,Unexpected_end-of-input_in_VALUE_STRING_at_[Source:_REDACTED_(`StreamReadFeature.INCLUDE_SOURCE_IN_LOCATION`_disabled);_byte_offset:_#25]
bridge,v2-sync,13,malformed-body,transient,2,immediate,3,2,2,2099,ok,-,-,-,-,-,-,-,-,-,-,-,-
bridge,v2-sync,13,resource-not-found,persistent,-1,immediate,1,1,1,1016,throw,software.amazon.awssdk.services.dynamodb.model.ResourceNotFoundException,-,ResourceNotFoundException,400,FAULTREQID000000000000000,-,false,false,false,DynamoDb,absent,(Service:_DynamoDb;_Status_Code:_400;_Request_ID:_FAULTREQID000000000000000)
bridge,v2-sync,13,resource-not-found,transient,2,immediate,1,1,1,1023,throw,software.amazon.awssdk.services.dynamodb.model.ResourceNotFoundException,-,ResourceNotFoundException,400,FAULTREQID000000000000000,-,false,false,false,DynamoDb,absent,(Service:_DynamoDb;_Status_Code:_400;_Request_ID:_FAULTREQID000000000000000)
bridge,v2-sync,14,none,control,-1,immediate,1,0,0,910,ok,-,-,-,-,-,-,-,-,-,-,-,-
bridge,v2-sync,14,internal-error,persistent,-1,immediate,3,3,2,2364,throw,software.amazon.awssdk.services.dynamodb.model.InternalServerErrorException,-,InternalServerError,500,FAULTREQID000000000000000,-,false,false,false,DynamoDb,absent,(Service:_DynamoDb;_Status_Code:_500;_Request_ID:_FAULTREQID000000000000000)
bridge,v2-sync,14,internal-error,transient,2,immediate,3,2,2,2088,ok,-,-,-,-,-,-,-,-,-,-,-,-
bridge,v2-sync,14,throughput-exceeded,persistent,-1,immediate,3,3,2,2171,throw,software.amazon.awssdk.services.dynamodb.model.ProvisionedThroughputExceededException,-,ProvisionedThroughputExceededException,400,FAULTREQID000000000000000,-,false,true,false,DynamoDb,absent,(Service:_DynamoDb;_Status_Code:_400;_Request_ID:_FAULTREQID000000000000000)
bridge,v2-sync,14,throughput-exceeded,transient,2,immediate,3,2,2,2229,ok,-,-,-,-,-,-,-,-,-,-,-,-
bridge,v2-sync,14,unavailable,persistent,-1,immediate,3,3,2,2313,throw,software.amazon.awssdk.services.dynamodb.model.DynamoDbException,-,-,503,FAULTREQID000000000000000,-,false,false,false,DynamoDb,absent,Service_returned_HTTP_status_code_503_(Service:_DynamoDb;_Status_Code:_503;_Request_ID:_FAULTREQID000000000000000)
bridge,v2-sync,14,unavailable,transient,2,immediate,3,2,2,2067,ok,-,-,-,-,-,-,-,-,-,-,-,-
bridge,v2-sync,14,empty-500,persistent,-1,immediate,3,3,2,2154,throw,software.amazon.awssdk.services.dynamodb.model.DynamoDbException,-,-,500,FAULTREQID000000000000000,-,false,false,false,DynamoDb,absent,Service_returned_HTTP_status_code_500_(Service:_DynamoDb;_Status_Code:_500;_Request_ID:_FAULTREQID000000000000000)
bridge,v2-sync,14,empty-500,transient,2,immediate,3,2,2,2022,ok,-,-,-,-,-,-,-,-,-,-,-,-
bridge,v2-sync,14,malformed-body,persistent,-1,immediate,3,3,2,2269,throw,software.amazon.awssdk.core.exception.SdkClientException,software.amazon.smithy.java.core.serde.SerializationException,-,-,-,-,false,-,-,-,-,Unexpected_end-of-input_in_VALUE_STRING_at_[Source:_REDACTED_(`StreamReadFeature.INCLUDE_SOURCE_IN_LOCATION`_disabled);_byte_offset:_#25]
bridge,v2-sync,14,malformed-body,transient,2,immediate,3,2,2,2838,ok,-,-,-,-,-,-,-,-,-,-,-,-
bridge,v2-sync,14,resource-not-found,persistent,-1,immediate,1,1,1,1213,throw,software.amazon.awssdk.services.dynamodb.model.ResourceNotFoundException,-,ResourceNotFoundException,400,FAULTREQID000000000000000,-,false,false,false,DynamoDb,absent,(Service:_DynamoDb;_Status_Code:_400;_Request_ID:_FAULTREQID000000000000000)
bridge,v2-sync,14,resource-not-found,transient,2,immediate,1,1,0,965,throw,software.amazon.awssdk.services.dynamodb.model.ResourceNotFoundException,-,ResourceNotFoundException,400,FAULTREQID000000000000000,-,false,false,false,DynamoDb,absent,(Service:_DynamoDb;_Status_Code:_400;_Request_ID:_FAULTREQID000000000000000)
bridge,v2-sync,15,none,control,-1,immediate,1,0,1,1092,ok,-,-,-,-,-,-,-,-,-,-,-,-
bridge,v2-sync,15,internal-error,persistent,-1,immediate,3,3,2,2351,throw,software.amazon.awssdk.services.dynamodb.model.InternalServerErrorException,-,InternalServerError,500,FAULTREQID000000000000000,-,false,false,false,DynamoDb,absent,(Service:_DynamoDb;_Status_Code:_500;_Request_ID:_FAULTREQID000000000000000)
bridge,v2-sync,15,internal-error,transient,2,immediate,3,2,2,2299,ok,-,-,-,-,-,-,-,-,-,-,-,-
bridge,v2-sync,15,throughput-exceeded,persistent,-1,immediate,3,3,2,2276,throw,software.amazon.awssdk.services.dynamodb.model.ProvisionedThroughputExceededException,-,ProvisionedThroughputExceededException,400,FAULTREQID000000000000000,-,false,true,false,DynamoDb,absent,(Service:_DynamoDb;_Status_Code:_400;_Request_ID:_FAULTREQID000000000000000)
bridge,v2-sync,15,throughput-exceeded,transient,2,immediate,3,2,2,2202,ok,-,-,-,-,-,-,-,-,-,-,-,-
bridge,v2-sync,15,unavailable,persistent,-1,immediate,3,3,2,2468,throw,software.amazon.awssdk.services.dynamodb.model.DynamoDbException,-,-,503,FAULTREQID000000000000000,-,false,false,false,DynamoDb,absent,Service_returned_HTTP_status_code_503_(Service:_DynamoDb;_Status_Code:_503;_Request_ID:_FAULTREQID000000000000000)
bridge,v2-sync,15,unavailable,transient,2,immediate,3,2,2,2090,ok,-,-,-,-,-,-,-,-,-,-,-,-
bridge,v2-sync,15,empty-500,persistent,-1,immediate,3,3,2,2190,throw,software.amazon.awssdk.services.dynamodb.model.DynamoDbException,-,-,500,FAULTREQID000000000000000,-,false,false,false,DynamoDb,absent,Service_returned_HTTP_status_code_500_(Service:_DynamoDb;_Status_Code:_500;_Request_ID:_FAULTREQID000000000000000)
bridge,v2-sync,15,empty-500,transient,2,immediate,3,2,2,2284,ok,-,-,-,-,-,-,-,-,-,-,-,-
bridge,v2-sync,15,malformed-body,persistent,-1,immediate,3,3,2,2449,throw,software.amazon.awssdk.core.exception.SdkClientException,software.amazon.smithy.java.core.serde.SerializationException,-,-,-,-,false,-,-,-,-,Unexpected_end-of-input_in_VALUE_STRING_at_[Source:_REDACTED_(`StreamReadFeature.INCLUDE_SOURCE_IN_LOCATION`_disabled);_byte_offset:_#25]
bridge,v2-sync,15,malformed-body,transient,2,immediate,3,2,2,2024,ok,-,-,-,-,-,-,-,-,-,-,-,-
bridge,v2-sync,15,resource-not-found,persistent,-1,immediate,1,1,0,951,throw,software.amazon.awssdk.services.dynamodb.model.ResourceNotFoundException,-,ResourceNotFoundException,400,FAULTREQID000000000000000,-,false,false,false,DynamoDb,absent,(Service:_DynamoDb;_Status_Code:_400;_Request_ID:_FAULTREQID000000000000000)
bridge,v2-sync,15,resource-not-found,transient,2,immediate,1,1,1,1087,throw,software.amazon.awssdk.services.dynamodb.model.ResourceNotFoundException,-,ResourceNotFoundException,400,FAULTREQID000000000000000,-,false,false,false,DynamoDb,absent,(Service:_DynamoDb;_Status_Code:_400;_Request_ID:_FAULTREQID000000000000000)
bridge,v2-sync,16,none,control,-1,immediate,1,0,0,860,ok,-,-,-,-,-,-,-,-,-,-,-,-
bridge,v2-sync,16,internal-error,persistent,-1,immediate,3,3,2,2503,throw,software.amazon.awssdk.services.dynamodb.model.InternalServerErrorException,-,InternalServerError,500,FAULTREQID000000000000000,-,false,false,false,DynamoDb,absent,(Service:_DynamoDb;_Status_Code:_500;_Request_ID:_FAULTREQID000000000000000)
bridge,v2-sync,16,internal-error,transient,2,immediate,3,2,2,2047,ok,-,-,-,-,-,-,-,-,-,-,-,-
bridge,v2-sync,16,throughput-exceeded,persistent,-1,immediate,3,3,2,2346,throw,software.amazon.awssdk.services.dynamodb.model.ProvisionedThroughputExceededException,-,ProvisionedThroughputExceededException,400,FAULTREQID000000000000000,-,false,true,false,DynamoDb,absent,(Service:_DynamoDb;_Status_Code:_400;_Request_ID:_FAULTREQID000000000000000)
bridge,v2-sync,16,throughput-exceeded,transient,2,immediate,3,2,2,2061,ok,-,-,-,-,-,-,-,-,-,-,-,-
bridge,v2-sync,16,unavailable,persistent,-1,immediate,3,3,2,2242,throw,software.amazon.awssdk.services.dynamodb.model.DynamoDbException,-,-,503,FAULTREQID000000000000000,-,false,false,false,DynamoDb,absent,Service_returned_HTTP_status_code_503_(Service:_DynamoDb;_Status_Code:_503;_Request_ID:_FAULTREQID000000000000000)
bridge,v2-sync,16,unavailable,transient,2,immediate,3,2,2,2224,ok,-,-,-,-,-,-,-,-,-,-,-,-
bridge,v2-sync,16,empty-500,persistent,-1,immediate,3,3,2,2640,throw,software.amazon.awssdk.services.dynamodb.model.DynamoDbException,-,-,500,FAULTREQID000000000000000,-,false,false,false,DynamoDb,absent,Service_returned_HTTP_status_code_500_(Service:_DynamoDb;_Status_Code:_500;_Request_ID:_FAULTREQID000000000000000)
bridge,v2-sync,16,empty-500,transient,2,immediate,3,2,2,2245,ok,-,-,-,-,-,-,-,-,-,-,-,-
bridge,v2-sync,16,malformed-body,persistent,-1,immediate,3,3,2,2296,throw,software.amazon.awssdk.core.exception.SdkClientException,software.amazon.smithy.java.core.serde.SerializationException,-,-,-,-,false,-,-,-,-,Unexpected_end-of-input_in_VALUE_STRING_at_[Source:_REDACTED_(`StreamReadFeature.INCLUDE_SOURCE_IN_LOCATION`_disabled);_byte_offset:_#25]
bridge,v2-sync,16,malformed-body,transient,2,immediate,3,2,2,2018,ok,-,-,-,-,-,-,-,-,-,-,-,-
bridge,v2-sync,16,resource-not-found,persistent,-1,immediate,1,1,0,934,throw,software.amazon.awssdk.services.dynamodb.model.ResourceNotFoundException,-,ResourceNotFoundException,400,FAULTREQID000000000000000,-,false,false,false,DynamoDb,absent,(Service:_DynamoDb;_Status_Code:_400;_Request_ID:_FAULTREQID000000000000000)
bridge,v2-sync,16,resource-not-found,transient,2,immediate,1,1,0,815,throw,software.amazon.awssdk.services.dynamodb.model.ResourceNotFoundException,-,ResourceNotFoundException,400,FAULTREQID000000000000000,-,false,false,false,DynamoDb,absent,(Service:_DynamoDb;_Status_Code:_400;_Request_ID:_FAULTREQID000000000000000)
bridge,v2-sync,17,none,control,-1,immediate,1,0,0,747,ok,-,-,-,-,-,-,-,-,-,-,-,-
bridge,v2-sync,17,internal-error,persistent,-1,immediate,3,3,2,2212,throw,software.amazon.awssdk.services.dynamodb.model.InternalServerErrorException,-,InternalServerError,500,FAULTREQID000000000000000,-,false,false,false,DynamoDb,absent,(Service:_DynamoDb;_Status_Code:_500;_Request_ID:_FAULTREQID000000000000000)
bridge,v2-sync,17,internal-error,transient,2,immediate,3,2,2,2098,ok,-,-,-,-,-,-,-,-,-,-,-,-
bridge,v2-sync,17,throughput-exceeded,persistent,-1,immediate,3,3,2,2246,throw,software.amazon.awssdk.services.dynamodb.model.ProvisionedThroughputExceededException,-,ProvisionedThroughputExceededException,400,FAULTREQID000000000000000,-,false,true,false,DynamoDb,absent,(Service:_DynamoDb;_Status_Code:_400;_Request_ID:_FAULTREQID000000000000000)
bridge,v2-sync,17,throughput-exceeded,transient,2,immediate,3,2,1,1930,ok,-,-,-,-,-,-,-,-,-,-,-,-
bridge,v2-sync,17,unavailable,persistent,-1,immediate,3,3,2,2393,throw,software.amazon.awssdk.services.dynamodb.model.DynamoDbException,-,-,503,FAULTREQID000000000000000,-,false,false,false,DynamoDb,absent,Service_returned_HTTP_status_code_503_(Service:_DynamoDb;_Status_Code:_503;_Request_ID:_FAULTREQID000000000000000)
bridge,v2-sync,17,unavailable,transient,2,immediate,3,2,2,2144,ok,-,-,-,-,-,-,-,-,-,-,-,-
bridge,v2-sync,17,empty-500,persistent,-1,immediate,3,3,2,2429,throw,software.amazon.awssdk.services.dynamodb.model.DynamoDbException,-,-,500,FAULTREQID000000000000000,-,false,false,false,DynamoDb,absent,Service_returned_HTTP_status_code_500_(Service:_DynamoDb;_Status_Code:_500;_Request_ID:_FAULTREQID000000000000000)
bridge,v2-sync,17,empty-500,transient,2,immediate,3,2,9,9670,ok,-,-,-,-,-,-,-,-,-,-,-,-
bridge,v2-sync,17,malformed-body,persistent,-1,immediate,3,3,2,2142,throw,software.amazon.awssdk.core.exception.SdkClientException,software.amazon.smithy.java.core.serde.SerializationException,-,-,-,-,false,-,-,-,-,Unexpected_end-of-input_in_VALUE_STRING_at_[Source:_REDACTED_(`StreamReadFeature.INCLUDE_SOURCE_IN_LOCATION`_disabled);_byte_offset:_#25]
bridge,v2-sync,17,malformed-body,transient,2,immediate,3,2,2,2019,ok,-,-,-,-,-,-,-,-,-,-,-,-
bridge,v2-sync,17,resource-not-found,persistent,-1,immediate,1,1,0,954,throw,software.amazon.awssdk.services.dynamodb.model.ResourceNotFoundException,-,ResourceNotFoundException,400,FAULTREQID000000000000000,-,false,false,false,DynamoDb,absent,(Service:_DynamoDb;_Status_Code:_400;_Request_ID:_FAULTREQID000000000000000)
bridge,v2-sync,17,resource-not-found,transient,2,immediate,1,1,0,836,throw,software.amazon.awssdk.services.dynamodb.model.ResourceNotFoundException,-,ResourceNotFoundException,400,FAULTREQID000000000000000,-,false,false,false,DynamoDb,absent,(Service:_DynamoDb;_Status_Code:_400;_Request_ID:_FAULTREQID000000000000000)
bridge,v2-sync,18,none,control,-1,immediate,1,0,0,712,ok,-,-,-,-,-,-,-,-,-,-,-,-
bridge,v2-sync,18,internal-error,persistent,-1,immediate,3,3,2,2073,throw,software.amazon.awssdk.services.dynamodb.model.InternalServerErrorException,-,InternalServerError,500,FAULTREQID000000000000000,-,false,false,false,DynamoDb,absent,(Service:_DynamoDb;_Status_Code:_500;_Request_ID:_FAULTREQID000000000000000)
bridge,v2-sync,18,internal-error,transient,2,immediate,3,2,2,2143,ok,-,-,-,-,-,-,-,-,-,-,-,-
bridge,v2-sync,18,throughput-exceeded,persistent,-1,immediate,3,3,2,2145,throw,software.amazon.awssdk.services.dynamodb.model.ProvisionedThroughputExceededException,-,ProvisionedThroughputExceededException,400,FAULTREQID000000000000000,-,false,true,false,DynamoDb,absent,(Service:_DynamoDb;_Status_Code:_400;_Request_ID:_FAULTREQID000000000000000)
bridge,v2-sync,18,throughput-exceeded,transient,2,immediate,3,2,1,1997,ok,-,-,-,-,-,-,-,-,-,-,-,-
bridge,v2-sync,18,unavailable,persistent,-1,immediate,3,3,2,2652,throw,software.amazon.awssdk.services.dynamodb.model.DynamoDbException,-,-,503,FAULTREQID000000000000000,-,false,false,false,DynamoDb,absent,Service_returned_HTTP_status_code_503_(Service:_DynamoDb;_Status_Code:_503;_Request_ID:_FAULTREQID000000000000000)
bridge,v2-sync,18,unavailable,transient,2,immediate,3,2,2,2492,ok,-,-,-,-,-,-,-,-,-,-,-,-
bridge,v2-sync,18,empty-500,persistent,-1,immediate,3,3,2,2002,throw,software.amazon.awssdk.services.dynamodb.model.DynamoDbException,-,-,500,FAULTREQID000000000000000,-,false,false,false,DynamoDb,absent,Service_returned_HTTP_status_code_500_(Service:_DynamoDb;_Status_Code:_500;_Request_ID:_FAULTREQID000000000000000)
bridge,v2-sync,18,empty-500,transient,2,immediate,3,2,2,2240,ok,-,-,-,-,-,-,-,-,-,-,-,-
bridge,v2-sync,18,malformed-body,persistent,-1,immediate,3,3,2,2195,throw,software.amazon.awssdk.core.exception.SdkClientException,software.amazon.smithy.java.core.serde.SerializationException,-,-,-,-,false,-,-,-,-,Unexpected_end-of-input_in_VALUE_STRING_at_[Source:_REDACTED_(`StreamReadFeature.INCLUDE_SOURCE_IN_LOCATION`_disabled);_byte_offset:_#25]
bridge,v2-sync,18,malformed-body,transient,2,immediate,3,2,1,1953,ok,-,-,-,-,-,-,-,-,-,-,-,-
bridge,v2-sync,18,resource-not-found,persistent,-1,immediate,1,1,0,946,throw,software.amazon.awssdk.services.dynamodb.model.ResourceNotFoundException,-,ResourceNotFoundException,400,FAULTREQID000000000000000,-,false,false,false,DynamoDb,absent,(Service:_DynamoDb;_Status_Code:_400;_Request_ID:_FAULTREQID000000000000000)
bridge,v2-sync,18,resource-not-found,transient,2,immediate,1,1,0,850,throw,software.amazon.awssdk.services.dynamodb.model.ResourceNotFoundException,-,ResourceNotFoundException,400,FAULTREQID000000000000000,-,false,false,false,DynamoDb,absent,(Service:_DynamoDb;_Status_Code:_400;_Request_ID:_FAULTREQID000000000000000)
bridge,v2-sync,19,none,control,-1,immediate,1,0,0,700,ok,-,-,-,-,-,-,-,-,-,-,-,-
bridge,v2-sync,19,internal-error,persistent,-1,immediate,3,3,2,2044,throw,software.amazon.awssdk.services.dynamodb.model.InternalServerErrorException,-,InternalServerError,500,FAULTREQID000000000000000,-,false,false,false,DynamoDb,absent,(Service:_DynamoDb;_Status_Code:_500;_Request_ID:_FAULTREQID000000000000000)
bridge,v2-sync,19,internal-error,transient,2,immediate,3,2,2,2179,ok,-,-,-,-,-,-,-,-,-,-,-,-
bridge,v2-sync,19,throughput-exceeded,persistent,-1,immediate,3,3,2,2126,throw,software.amazon.awssdk.services.dynamodb.model.ProvisionedThroughputExceededException,-,ProvisionedThroughputExceededException,400,FAULTREQID000000000000000,-,false,true,false,DynamoDb,absent,(Service:_DynamoDb;_Status_Code:_400;_Request_ID:_FAULTREQID000000000000000)
bridge,v2-sync,19,throughput-exceeded,transient,2,immediate,3,2,1,1967,ok,-,-,-,-,-,-,-,-,-,-,-,-
bridge,v2-sync,19,unavailable,persistent,-1,immediate,3,3,2,2044,throw,software.amazon.awssdk.services.dynamodb.model.DynamoDbException,-,-,503,FAULTREQID000000000000000,-,false,false,false,DynamoDb,absent,Service_returned_HTTP_status_code_503_(Service:_DynamoDb;_Status_Code:_503;_Request_ID:_FAULTREQID000000000000000)
bridge,v2-sync,19,unavailable,transient,2,immediate,3,2,1,1985,ok,-,-,-,-,-,-,-,-,-,-,-,-
bridge,v2-sync,19,empty-500,persistent,-1,immediate,3,3,12,12409,throw,software.amazon.awssdk.services.dynamodb.model.DynamoDbException,-,-,500,FAULTREQID000000000000000,-,false,false,false,DynamoDb,absent,Service_returned_HTTP_status_code_500_(Service:_DynamoDb;_Status_Code:_500;_Request_ID:_FAULTREQID000000000000000)
bridge,v2-sync,19,empty-500,transient,2,immediate,3,2,2,2700,ok,-,-,-,-,-,-,-,-,-,-,-,-
bridge,v2-sync,19,malformed-body,persistent,-1,immediate,3,3,2,2838,throw,software.amazon.awssdk.core.exception.SdkClientException,software.amazon.smithy.java.core.serde.SerializationException,-,-,-,-,false,-,-,-,-,Unexpected_end-of-input_in_VALUE_STRING_at_[Source:_REDACTED_(`StreamReadFeature.INCLUDE_SOURCE_IN_LOCATION`_disabled);_byte_offset:_#25]
bridge,v2-sync,19,malformed-body,transient,2,immediate,3,2,2,2703,ok,-,-,-,-,-,-,-,-,-,-,-,-
bridge,v2-sync,19,resource-not-found,persistent,-1,immediate,1,1,1,1210,throw,software.amazon.awssdk.services.dynamodb.model.ResourceNotFoundException,-,ResourceNotFoundException,400,FAULTREQID000000000000000,-,false,false,false,DynamoDb,absent,(Service:_DynamoDb;_Status_Code:_400;_Request_ID:_FAULTREQID000000000000000)
bridge,v2-sync,19,resource-not-found,transient,2,immediate,1,1,1,1217,throw,software.amazon.awssdk.services.dynamodb.model.ResourceNotFoundException,-,ResourceNotFoundException,400,FAULTREQID000000000000000,-,false,false,false,DynamoDb,absent,(Service:_DynamoDb;_Status_Code:_400;_Request_ID:_FAULTREQID000000000000000)
bridge,v2-sync,20,none,control,-1,immediate,1,0,0,972,ok,-,-,-,-,-,-,-,-,-,-,-,-
bridge,v2-sync,20,internal-error,persistent,-1,immediate,3,3,2,2665,throw,software.amazon.awssdk.services.dynamodb.model.InternalServerErrorException,-,InternalServerError,500,FAULTREQID000000000000000,-,false,false,false,DynamoDb,absent,(Service:_DynamoDb;_Status_Code:_500;_Request_ID:_FAULTREQID000000000000000)
bridge,v2-sync,20,internal-error,transient,2,immediate,3,2,2,2404,ok,-,-,-,-,-,-,-,-,-,-,-,-
bridge,v2-sync,20,throughput-exceeded,persistent,-1,immediate,3,3,2,2676,throw,software.amazon.awssdk.services.dynamodb.model.ProvisionedThroughputExceededException,-,ProvisionedThroughputExceededException,400,FAULTREQID000000000000000,-,false,true,false,DynamoDb,absent,(Service:_DynamoDb;_Status_Code:_400;_Request_ID:_FAULTREQID000000000000000)
bridge,v2-sync,20,throughput-exceeded,transient,2,immediate,3,2,2,2537,ok,-,-,-,-,-,-,-,-,-,-,-,-
bridge,v2-sync,20,unavailable,persistent,-1,immediate,3,3,3,3208,throw,software.amazon.awssdk.services.dynamodb.model.DynamoDbException,-,-,503,FAULTREQID000000000000000,-,false,false,false,DynamoDb,absent,Service_returned_HTTP_status_code_503_(Service:_DynamoDb;_Status_Code:_503;_Request_ID:_FAULTREQID000000000000000)
bridge,v2-sync,20,unavailable,transient,2,immediate,3,2,2,2681,ok,-,-,-,-,-,-,-,-,-,-,-,-
bridge,v2-sync,20,empty-500,persistent,-1,immediate,3,3,2,2532,throw,software.amazon.awssdk.services.dynamodb.model.DynamoDbException,-,-,500,FAULTREQID000000000000000,-,false,false,false,DynamoDb,absent,Service_returned_HTTP_status_code_500_(Service:_DynamoDb;_Status_Code:_500;_Request_ID:_FAULTREQID000000000000000)
bridge,v2-sync,20,empty-500,transient,2,immediate,3,2,3,3014,ok,-,-,-,-,-,-,-,-,-,-,-,-
bridge,v2-sync,20,malformed-body,persistent,-1,immediate,3,3,2,2788,throw,software.amazon.awssdk.core.exception.SdkClientException,software.amazon.smithy.java.core.serde.SerializationException,-,-,-,-,false,-,-,-,-,Unexpected_end-of-input_in_VALUE_STRING_at_[Source:_REDACTED_(`StreamReadFeature.INCLUDE_SOURCE_IN_LOCATION`_disabled);_byte_offset:_#25]
bridge,v2-sync,20,malformed-body,transient,2,immediate,3,2,2,2261,ok,-,-,-,-,-,-,-,-,-,-,-,-
bridge,v2-sync,20,resource-not-found,persistent,-1,immediate,1,1,1,1051,throw,software.amazon.awssdk.services.dynamodb.model.ResourceNotFoundException,-,ResourceNotFoundException,400,FAULTREQID000000000000000,-,false,false,false,DynamoDb,absent,(Service:_DynamoDb;_Status_Code:_400;_Request_ID:_FAULTREQID000000000000000)
bridge,v2-sync,20,resource-not-found,transient,2,immediate,1,1,1,1088,throw,software.amazon.awssdk.services.dynamodb.model.ResourceNotFoundException,-,ResourceNotFoundException,400,FAULTREQID000000000000000,-,false,false,false,DynamoDb,absent,(Service:_DynamoDb;_Status_Code:_400;_Request_ID:_FAULTREQID000000000000000)
bridge,v2-sync,21,none,control,-1,immediate,1,0,0,831,ok,-,-,-,-,-,-,-,-,-,-,-,-
bridge,v2-sync,21,internal-error,persistent,-1,immediate,3,3,2,2378,throw,software.amazon.awssdk.services.dynamodb.model.InternalServerErrorException,-,InternalServerError,500,FAULTREQID000000000000000,-,false,false,false,DynamoDb,absent,(Service:_DynamoDb;_Status_Code:_500;_Request_ID:_FAULTREQID000000000000000)
bridge,v2-sync,21,internal-error,transient,2,immediate,3,2,2,2402,ok,-,-,-,-,-,-,-,-,-,-,-,-
bridge,v2-sync,21,throughput-exceeded,persistent,-1,immediate,3,3,1,1980,throw,software.amazon.awssdk.services.dynamodb.model.ProvisionedThroughputExceededException,-,ProvisionedThroughputExceededException,400,FAULTREQID000000000000000,-,false,true,false,DynamoDb,absent,(Service:_DynamoDb;_Status_Code:_400;_Request_ID:_FAULTREQID000000000000000)
bridge,v2-sync,21,throughput-exceeded,transient,2,immediate,3,2,1,1914,ok,-,-,-,-,-,-,-,-,-,-,-,-
bridge,v2-sync,21,unavailable,persistent,-1,immediate,3,3,2,2005,throw,software.amazon.awssdk.services.dynamodb.model.DynamoDbException,-,-,503,FAULTREQID000000000000000,-,false,false,false,DynamoDb,absent,Service_returned_HTTP_status_code_503_(Service:_DynamoDb;_Status_Code:_503;_Request_ID:_FAULTREQID000000000000000)
bridge,v2-sync,21,unavailable,transient,2,immediate,3,2,2,2033,ok,-,-,-,-,-,-,-,-,-,-,-,-
bridge,v2-sync,21,empty-500,persistent,-1,immediate,3,3,1,1808,throw,software.amazon.awssdk.services.dynamodb.model.DynamoDbException,-,-,500,FAULTREQID000000000000000,-,false,false,false,DynamoDb,absent,Service_returned_HTTP_status_code_500_(Service:_DynamoDb;_Status_Code:_500;_Request_ID:_FAULTREQID000000000000000)
bridge,v2-sync,21,empty-500,transient,2,immediate,3,2,2,2375,ok,-,-,-,-,-,-,-,-,-,-,-,-
bridge,v2-sync,21,malformed-body,persistent,-1,immediate,3,3,2,2021,throw,software.amazon.awssdk.core.exception.SdkClientException,software.amazon.smithy.java.core.serde.SerializationException,-,-,-,-,false,-,-,-,-,Unexpected_end-of-input_in_VALUE_STRING_at_[Source:_REDACTED_(`StreamReadFeature.INCLUDE_SOURCE_IN_LOCATION`_disabled);_byte_offset:_#25]
bridge,v2-sync,21,malformed-body,transient,2,immediate,3,2,1,1882,ok,-,-,-,-,-,-,-,-,-,-,-,-
bridge,v2-sync,21,resource-not-found,persistent,-1,immediate,1,1,0,777,throw,software.amazon.awssdk.services.dynamodb.model.ResourceNotFoundException,-,ResourceNotFoundException,400,FAULTREQID000000000000000,-,false,false,false,DynamoDb,absent,(Service:_DynamoDb;_Status_Code:_400;_Request_ID:_FAULTREQID000000000000000)
bridge,v2-sync,21,resource-not-found,transient,2,immediate,1,1,0,799,throw,software.amazon.awssdk.services.dynamodb.model.ResourceNotFoundException,-,ResourceNotFoundException,400,FAULTREQID000000000000000,-,false,false,false,DynamoDb,absent,(Service:_DynamoDb;_Status_Code:_400;_Request_ID:_FAULTREQID000000000000000)
bridge,v2-sync,22,none,control,-1,immediate,1,0,0,697,ok,-,-,-,-,-,-,-,-,-,-,-,-
bridge,v2-sync,22,internal-error,persistent,-1,immediate,3,3,2,2566,throw,software.amazon.awssdk.services.dynamodb.model.InternalServerErrorException,-,InternalServerError,500,FAULTREQID000000000000000,-,false,false,false,DynamoDb,absent,(Service:_DynamoDb;_Status_Code:_500;_Request_ID:_FAULTREQID000000000000000)
bridge,v2-sync,22,internal-error,transient,2,immediate,3,2,1,1975,ok,-,-,-,-,-,-,-,-,-,-,-,-
bridge,v2-sync,22,throughput-exceeded,persistent,-1,immediate,3,3,2,2025,throw,software.amazon.awssdk.services.dynamodb.model.ProvisionedThroughputExceededException,-,ProvisionedThroughputExceededException,400,FAULTREQID000000000000000,-,false,true,false,DynamoDb,absent,(Service:_DynamoDb;_Status_Code:_400;_Request_ID:_FAULTREQID000000000000000)
bridge,v2-sync,22,throughput-exceeded,transient,2,immediate,3,2,1,1820,ok,-,-,-,-,-,-,-,-,-,-,-,-
bridge,v2-sync,22,unavailable,persistent,-1,immediate,3,3,1,1929,throw,software.amazon.awssdk.services.dynamodb.model.DynamoDbException,-,-,503,FAULTREQID000000000000000,-,false,false,false,DynamoDb,absent,Service_returned_HTTP_status_code_503_(Service:_DynamoDb;_Status_Code:_503;_Request_ID:_FAULTREQID000000000000000)
bridge,v2-sync,22,unavailable,transient,2,immediate,3,2,1,1952,ok,-,-,-,-,-,-,-,-,-,-,-,-
bridge,v2-sync,22,empty-500,persistent,-1,immediate,3,3,1,1882,throw,software.amazon.awssdk.services.dynamodb.model.DynamoDbException,-,-,500,FAULTREQID000000000000000,-,false,false,false,DynamoDb,absent,Service_returned_HTTP_status_code_500_(Service:_DynamoDb;_Status_Code:_500;_Request_ID:_FAULTREQID000000000000000)
bridge,v2-sync,22,empty-500,transient,2,immediate,3,2,1,1769,ok,-,-,-,-,-,-,-,-,-,-,-,-
bridge,v2-sync,22,malformed-body,persistent,-1,immediate,3,3,2,2015,throw,software.amazon.awssdk.core.exception.SdkClientException,software.amazon.smithy.java.core.serde.SerializationException,-,-,-,-,false,-,-,-,-,Unexpected_end-of-input_in_VALUE_STRING_at_[Source:_REDACTED_(`StreamReadFeature.INCLUDE_SOURCE_IN_LOCATION`_disabled);_byte_offset:_#25]
bridge,v2-sync,22,malformed-body,transient,2,immediate,3,2,1,1999,ok,-,-,-,-,-,-,-,-,-,-,-,-
bridge,v2-sync,22,resource-not-found,persistent,-1,immediate,1,1,0,830,throw,software.amazon.awssdk.services.dynamodb.model.ResourceNotFoundException,-,ResourceNotFoundException,400,FAULTREQID000000000000000,-,false,false,false,DynamoDb,absent,(Service:_DynamoDb;_Status_Code:_400;_Request_ID:_FAULTREQID000000000000000)
bridge,v2-sync,22,resource-not-found,transient,2,immediate,1,1,0,795,throw,software.amazon.awssdk.services.dynamodb.model.ResourceNotFoundException,-,ResourceNotFoundException,400,FAULTREQID000000000000000,-,false,false,false,DynamoDb,absent,(Service:_DynamoDb;_Status_Code:_400;_Request_ID:_FAULTREQID000000000000000)
bridge,v2-sync,23,none,control,-1,immediate,1,0,0,725,ok,-,-,-,-,-,-,-,-,-,-,-,-
bridge,v2-sync,23,internal-error,persistent,-1,immediate,3,3,1,1881,throw,software.amazon.awssdk.services.dynamodb.model.InternalServerErrorException,-,InternalServerError,500,FAULTREQID000000000000000,-,false,false,false,DynamoDb,absent,(Service:_DynamoDb;_Status_Code:_500;_Request_ID:_FAULTREQID000000000000000)
bridge,v2-sync,23,internal-error,transient,2,immediate,3,2,2,2160,ok,-,-,-,-,-,-,-,-,-,-,-,-
bridge,v2-sync,23,throughput-exceeded,persistent,-1,immediate,3,3,12,12504,throw,software.amazon.awssdk.services.dynamodb.model.ProvisionedThroughputExceededException,-,ProvisionedThroughputExceededException,400,FAULTREQID000000000000000,-,false,true,false,DynamoDb,absent,(Service:_DynamoDb;_Status_Code:_400;_Request_ID:_FAULTREQID000000000000000)
bridge,v2-sync,23,throughput-exceeded,transient,2,immediate,3,2,1,1936,ok,-,-,-,-,-,-,-,-,-,-,-,-
bridge,v2-sync,23,unavailable,persistent,-1,immediate,3,3,1,1925,throw,software.amazon.awssdk.services.dynamodb.model.DynamoDbException,-,-,503,FAULTREQID000000000000000,-,false,false,false,DynamoDb,absent,Service_returned_HTTP_status_code_503_(Service:_DynamoDb;_Status_Code:_503;_Request_ID:_FAULTREQID000000000000000)
bridge,v2-sync,23,unavailable,transient,2,immediate,3,2,2,2518,ok,-,-,-,-,-,-,-,-,-,-,-,-
bridge,v2-sync,23,empty-500,persistent,-1,immediate,3,3,2,2205,throw,software.amazon.awssdk.services.dynamodb.model.DynamoDbException,-,-,500,FAULTREQID000000000000000,-,false,false,false,DynamoDb,absent,Service_returned_HTTP_status_code_500_(Service:_DynamoDb;_Status_Code:_500;_Request_ID:_FAULTREQID000000000000000)
bridge,v2-sync,23,empty-500,transient,2,immediate,3,2,2,2025,ok,-,-,-,-,-,-,-,-,-,-,-,-
bridge,v2-sync,23,malformed-body,persistent,-1,immediate,3,3,2,2096,throw,software.amazon.awssdk.core.exception.SdkClientException,software.amazon.smithy.java.core.serde.SerializationException,-,-,-,-,false,-,-,-,-,Unexpected_end-of-input_in_VALUE_STRING_at_[Source:_REDACTED_(`StreamReadFeature.INCLUDE_SOURCE_IN_LOCATION`_disabled);_byte_offset:_#25]
bridge,v2-sync,23,malformed-body,transient,2,immediate,3,2,1,1799,ok,-,-,-,-,-,-,-,-,-,-,-,-
bridge,v2-sync,23,resource-not-found,persistent,-1,immediate,1,1,0,702,throw,software.amazon.awssdk.services.dynamodb.model.ResourceNotFoundException,-,ResourceNotFoundException,400,FAULTREQID000000000000000,-,false,false,false,DynamoDb,absent,(Service:_DynamoDb;_Status_Code:_400;_Request_ID:_FAULTREQID000000000000000)
bridge,v2-sync,23,resource-not-found,transient,2,immediate,1,1,0,800,throw,software.amazon.awssdk.services.dynamodb.model.ResourceNotFoundException,-,ResourceNotFoundException,400,FAULTREQID000000000000000,-,false,false,false,DynamoDb,absent,(Service:_DynamoDb;_Status_Code:_400;_Request_ID:_FAULTREQID000000000000000)
bridge,v2-sync,24,none,control,-1,immediate,1,0,0,668,ok,-,-,-,-,-,-,-,-,-,-,-,-
bridge,v2-sync,24,internal-error,persistent,-1,immediate,3,3,1,1981,throw,software.amazon.awssdk.services.dynamodb.model.InternalServerErrorException,-,InternalServerError,500,FAULTREQID000000000000000,-,false,false,false,DynamoDb,absent,(Service:_DynamoDb;_Status_Code:_500;_Request_ID:_FAULTREQID000000000000000)
bridge,v2-sync,24,internal-error,transient,2,immediate,3,2,1,1819,ok,-,-,-,-,-,-,-,-,-,-,-,-
bridge,v2-sync,24,throughput-exceeded,persistent,-1,immediate,3,3,1,1962,throw,software.amazon.awssdk.services.dynamodb.model.ProvisionedThroughputExceededException,-,ProvisionedThroughputExceededException,400,FAULTREQID000000000000000,-,false,true,false,DynamoDb,absent,(Service:_DynamoDb;_Status_Code:_400;_Request_ID:_FAULTREQID000000000000000)
bridge,v2-sync,24,throughput-exceeded,transient,2,immediate,3,2,1,1929,ok,-,-,-,-,-,-,-,-,-,-,-,-
bridge,v2-sync,24,unavailable,persistent,-1,immediate,3,3,1,1948,throw,software.amazon.awssdk.services.dynamodb.model.DynamoDbException,-,-,503,FAULTREQID000000000000000,-,false,false,false,DynamoDb,absent,Service_returned_HTTP_status_code_503_(Service:_DynamoDb;_Status_Code:_503;_Request_ID:_FAULTREQID000000000000000)
bridge,v2-sync,24,unavailable,transient,2,immediate,3,2,2,2166,ok,-,-,-,-,-,-,-,-,-,-,-,-
bridge,v2-sync,24,empty-500,persistent,-1,immediate,3,3,1,1837,throw,software.amazon.awssdk.services.dynamodb.model.DynamoDbException,-,-,500,FAULTREQID000000000000000,-,false,false,false,DynamoDb,absent,Service_returned_HTTP_status_code_500_(Service:_DynamoDb;_Status_Code:_500;_Request_ID:_FAULTREQID000000000000000)
bridge,v2-sync,24,empty-500,transient,2,immediate,3,2,1,1961,ok,-,-,-,-,-,-,-,-,-,-,-,-
bridge,v2-sync,24,malformed-body,persistent,-1,immediate,3,3,2,2001,throw,software.amazon.awssdk.core.exception.SdkClientException,software.amazon.smithy.java.core.serde.SerializationException,-,-,-,-,false,-,-,-,-,Unexpected_end-of-input_in_VALUE_STRING_at_[Source:_REDACTED_(`StreamReadFeature.INCLUDE_SOURCE_IN_LOCATION`_disabled);_byte_offset:_#25]
bridge,v2-sync,24,malformed-body,transient,2,immediate,3,2,1,1817,ok,-,-,-,-,-,-,-,-,-,-,-,-
bridge,v2-sync,24,resource-not-found,persistent,-1,immediate,1,1,0,752,throw,software.amazon.awssdk.services.dynamodb.model.ResourceNotFoundException,-,ResourceNotFoundException,400,FAULTREQID000000000000000,-,false,false,false,DynamoDb,absent,(Service:_DynamoDb;_Status_Code:_400;_Request_ID:_FAULTREQID000000000000000)
bridge,v2-sync,24,resource-not-found,transient,2,immediate,1,1,0,755,throw,software.amazon.awssdk.services.dynamodb.model.ResourceNotFoundException,-,ResourceNotFoundException,400,FAULTREQID000000000000000,-,false,false,false,DynamoDb,absent,(Service:_DynamoDb;_Status_Code:_400;_Request_ID:_FAULTREQID000000000000000)
bridge,v2-sync,25,none,control,-1,immediate,1,0,1,1613,ok,-,-,-,-,-,-,-,-,-,-,-,-
bridge,v2-sync,25,internal-error,persistent,-1,immediate,3,3,2,2209,throw,software.amazon.awssdk.services.dynamodb.model.InternalServerErrorException,-,InternalServerError,500,FAULTREQID000000000000000,-,false,false,false,DynamoDb,absent,(Service:_DynamoDb;_Status_Code:_500;_Request_ID:_FAULTREQID000000000000000)
bridge,v2-sync,25,internal-error,transient,2,immediate,3,2,1,1829,ok,-,-,-,-,-,-,-,-,-,-,-,-
bridge,v2-sync,25,throughput-exceeded,persistent,-1,immediate,3,3,1,1914,throw,software.amazon.awssdk.services.dynamodb.model.ProvisionedThroughputExceededException,-,ProvisionedThroughputExceededException,400,FAULTREQID000000000000000,-,false,true,false,DynamoDb,absent,(Service:_DynamoDb;_Status_Code:_400;_Request_ID:_FAULTREQID000000000000000)
bridge,v2-sync,25,throughput-exceeded,transient,2,immediate,3,2,1,1906,ok,-,-,-,-,-,-,-,-,-,-,-,-
bridge,v2-sync,25,unavailable,persistent,-1,immediate,3,3,2,2030,throw,software.amazon.awssdk.services.dynamodb.model.DynamoDbException,-,-,503,FAULTREQID000000000000000,-,false,false,false,DynamoDb,absent,Service_returned_HTTP_status_code_503_(Service:_DynamoDb;_Status_Code:_503;_Request_ID:_FAULTREQID000000000000000)
bridge,v2-sync,25,unavailable,transient,2,immediate,3,2,1,1989,ok,-,-,-,-,-,-,-,-,-,-,-,-
bridge,v2-sync,25,empty-500,persistent,-1,immediate,3,3,7,7472,throw,software.amazon.awssdk.services.dynamodb.model.DynamoDbException,-,-,500,FAULTREQID000000000000000,-,false,false,false,DynamoDb,absent,Service_returned_HTTP_status_code_500_(Service:_DynamoDb;_Status_Code:_500;_Request_ID:_FAULTREQID000000000000000)
bridge,v2-sync,25,empty-500,transient,2,immediate,3,2,2,2052,ok,-,-,-,-,-,-,-,-,-,-,-,-
bridge,v2-sync,25,malformed-body,persistent,-1,immediate,3,3,1,1967,throw,software.amazon.awssdk.core.exception.SdkClientException,software.amazon.smithy.java.core.serde.SerializationException,-,-,-,-,false,-,-,-,-,Unexpected_end-of-input_in_VALUE_STRING_at_[Source:_REDACTED_(`StreamReadFeature.INCLUDE_SOURCE_IN_LOCATION`_disabled);_byte_offset:_#25]
bridge,v2-sync,25,malformed-body,transient,2,immediate,3,2,1,1863,ok,-,-,-,-,-,-,-,-,-,-,-,-
bridge,v2-sync,25,resource-not-found,persistent,-1,immediate,1,1,0,795,throw,software.amazon.awssdk.services.dynamodb.model.ResourceNotFoundException,-,ResourceNotFoundException,400,FAULTREQID000000000000000,-,false,false,false,DynamoDb,absent,(Service:_DynamoDb;_Status_Code:_400;_Request_ID:_FAULTREQID000000000000000)
bridge,v2-sync,25,resource-not-found,transient,2,immediate,1,1,0,729,throw,software.amazon.awssdk.services.dynamodb.model.ResourceNotFoundException,-,ResourceNotFoundException,400,FAULTREQID000000000000000,-,false,false,false,DynamoDb,absent,(Service:_DynamoDb;_Status_Code:_400;_Request_ID:_FAULTREQID000000000000000)
bridge,v2-sync,26,none,control,-1,immediate,1,0,8,8452,ok,-,-,-,-,-,-,-,-,-,-,-,-
bridge,v2-sync,26,internal-error,persistent,-1,immediate,3,3,2,2170,throw,software.amazon.awssdk.services.dynamodb.model.InternalServerErrorException,-,InternalServerError,500,FAULTREQID000000000000000,-,false,false,false,DynamoDb,absent,(Service:_DynamoDb;_Status_Code:_500;_Request_ID:_FAULTREQID000000000000000)
bridge,v2-sync,26,internal-error,transient,2,immediate,3,2,2,2033,ok,-,-,-,-,-,-,-,-,-,-,-,-
bridge,v2-sync,26,throughput-exceeded,persistent,-1,immediate,3,3,1,1964,throw,software.amazon.awssdk.services.dynamodb.model.ProvisionedThroughputExceededException,-,ProvisionedThroughputExceededException,400,FAULTREQID000000000000000,-,false,true,false,DynamoDb,absent,(Service:_DynamoDb;_Status_Code:_400;_Request_ID:_FAULTREQID000000000000000)
bridge,v2-sync,26,throughput-exceeded,transient,2,immediate,3,2,1,1737,ok,-,-,-,-,-,-,-,-,-,-,-,-
bridge,v2-sync,26,unavailable,persistent,-1,immediate,3,3,2,2069,throw,software.amazon.awssdk.services.dynamodb.model.DynamoDbException,-,-,503,FAULTREQID000000000000000,-,false,false,false,DynamoDb,absent,Service_returned_HTTP_status_code_503_(Service:_DynamoDb;_Status_Code:_503;_Request_ID:_FAULTREQID000000000000000)
bridge,v2-sync,26,unavailable,transient,2,immediate,3,2,1,1926,ok,-,-,-,-,-,-,-,-,-,-,-,-
bridge,v2-sync,26,empty-500,persistent,-1,immediate,3,3,1,1882,throw,software.amazon.awssdk.services.dynamodb.model.DynamoDbException,-,-,500,FAULTREQID000000000000000,-,false,false,false,DynamoDb,absent,Service_returned_HTTP_status_code_500_(Service:_DynamoDb;_Status_Code:_500;_Request_ID:_FAULTREQID000000000000000)
bridge,v2-sync,26,empty-500,transient,2,immediate,3,2,1,1704,ok,-,-,-,-,-,-,-,-,-,-,-,-
bridge,v2-sync,26,malformed-body,persistent,-1,immediate,3,3,1,1846,throw,software.amazon.awssdk.core.exception.SdkClientException,software.amazon.smithy.java.core.serde.SerializationException,-,-,-,-,false,-,-,-,-,Unexpected_end-of-input_in_VALUE_STRING_at_[Source:_REDACTED_(`StreamReadFeature.INCLUDE_SOURCE_IN_LOCATION`_disabled);_byte_offset:_#25]
bridge,v2-sync,26,malformed-body,transient,2,immediate,3,2,1,1747,ok,-,-,-,-,-,-,-,-,-,-,-,-
bridge,v2-sync,26,resource-not-found,persistent,-1,immediate,1,1,0,902,throw,software.amazon.awssdk.services.dynamodb.model.ResourceNotFoundException,-,ResourceNotFoundException,400,FAULTREQID000000000000000,-,false,false,false,DynamoDb,absent,(Service:_DynamoDb;_Status_Code:_400;_Request_ID:_FAULTREQID000000000000000)
bridge,v2-sync,26,resource-not-found,transient,2,immediate,1,1,0,822,throw,software.amazon.awssdk.services.dynamodb.model.ResourceNotFoundException,-,ResourceNotFoundException,400,FAULTREQID000000000000000,-,false,false,false,DynamoDb,absent,(Service:_DynamoDb;_Status_Code:_400;_Request_ID:_FAULTREQID000000000000000)
bridge,v2-sync,27,none,control,-1,immediate,1,0,0,805,ok,-,-,-,-,-,-,-,-,-,-,-,-
bridge,v2-sync,27,internal-error,persistent,-1,immediate,3,3,2,2263,throw,software.amazon.awssdk.services.dynamodb.model.InternalServerErrorException,-,InternalServerError,500,FAULTREQID000000000000000,-,false,false,false,DynamoDb,absent,(Service:_DynamoDb;_Status_Code:_500;_Request_ID:_FAULTREQID000000000000000)
bridge,v2-sync,27,internal-error,transient,2,immediate,3,2,2,2080,ok,-,-,-,-,-,-,-,-,-,-,-,-
bridge,v2-sync,27,throughput-exceeded,persistent,-1,immediate,3,3,2,2582,throw,software.amazon.awssdk.services.dynamodb.model.ProvisionedThroughputExceededException,-,ProvisionedThroughputExceededException,400,FAULTREQID000000000000000,-,false,true,false,DynamoDb,absent,(Service:_DynamoDb;_Status_Code:_400;_Request_ID:_FAULTREQID000000000000000)
bridge,v2-sync,27,throughput-exceeded,transient,2,immediate,3,2,2,2427,ok,-,-,-,-,-,-,-,-,-,-,-,-
bridge,v2-sync,27,unavailable,persistent,-1,immediate,3,3,1,1982,throw,software.amazon.awssdk.services.dynamodb.model.DynamoDbException,-,-,503,FAULTREQID000000000000000,-,false,false,false,DynamoDb,absent,Service_returned_HTTP_status_code_503_(Service:_DynamoDb;_Status_Code:_503;_Request_ID:_FAULTREQID000000000000000)
bridge,v2-sync,27,unavailable,transient,2,immediate,3,2,1,1792,ok,-,-,-,-,-,-,-,-,-,-,-,-
bridge,v2-sync,27,empty-500,persistent,-1,immediate,3,3,1,1879,throw,software.amazon.awssdk.services.dynamodb.model.DynamoDbException,-,-,500,FAULTREQID000000000000000,-,false,false,false,DynamoDb,absent,Service_returned_HTTP_status_code_500_(Service:_DynamoDb;_Status_Code:_500;_Request_ID:_FAULTREQID000000000000000)
bridge,v2-sync,27,empty-500,transient,2,immediate,3,2,2,2577,ok,-,-,-,-,-,-,-,-,-,-,-,-
bridge,v2-sync,27,malformed-body,persistent,-1,immediate,3,3,2,2270,throw,software.amazon.awssdk.core.exception.SdkClientException,software.amazon.smithy.java.core.serde.SerializationException,-,-,-,-,false,-,-,-,-,Unexpected_end-of-input_in_VALUE_STRING_at_[Source:_REDACTED_(`StreamReadFeature.INCLUDE_SOURCE_IN_LOCATION`_disabled);_byte_offset:_#25]
bridge,v2-sync,27,malformed-body,transient,2,immediate,3,2,2,2160,ok,-,-,-,-,-,-,-,-,-,-,-,-
bridge,v2-sync,27,resource-not-found,persistent,-1,immediate,1,1,0,985,throw,software.amazon.awssdk.services.dynamodb.model.ResourceNotFoundException,-,ResourceNotFoundException,400,FAULTREQID000000000000000,-,false,false,false,DynamoDb,absent,(Service:_DynamoDb;_Status_Code:_400;_Request_ID:_FAULTREQID000000000000000)
bridge,v2-sync,27,resource-not-found,transient,2,immediate,1,1,0,865,throw,software.amazon.awssdk.services.dynamodb.model.ResourceNotFoundException,-,ResourceNotFoundException,400,FAULTREQID000000000000000,-,false,false,false,DynamoDb,absent,(Service:_DynamoDb;_Status_Code:_400;_Request_ID:_FAULTREQID000000000000000)
bridge,v2-sync,28,none,control,-1,immediate,1,0,0,878,ok,-,-,-,-,-,-,-,-,-,-,-,-
bridge,v2-sync,28,internal-error,persistent,-1,immediate,3,3,2,2160,throw,software.amazon.awssdk.services.dynamodb.model.InternalServerErrorException,-,InternalServerError,500,FAULTREQID000000000000000,-,false,false,false,DynamoDb,absent,(Service:_DynamoDb;_Status_Code:_500;_Request_ID:_FAULTREQID000000000000000)
bridge,v2-sync,28,internal-error,transient,2,immediate,3,2,1,1912,ok,-,-,-,-,-,-,-,-,-,-,-,-
bridge,v2-sync,28,throughput-exceeded,persistent,-1,immediate,3,3,2,2047,throw,software.amazon.awssdk.services.dynamodb.model.ProvisionedThroughputExceededException,-,ProvisionedThroughputExceededException,400,FAULTREQID000000000000000,-,false,true,false,DynamoDb,absent,(Service:_DynamoDb;_Status_Code:_400;_Request_ID:_FAULTREQID000000000000000)
bridge,v2-sync,28,throughput-exceeded,transient,2,immediate,3,2,1,1730,ok,-,-,-,-,-,-,-,-,-,-,-,-
bridge,v2-sync,28,unavailable,persistent,-1,immediate,3,3,1,1831,throw,software.amazon.awssdk.services.dynamodb.model.DynamoDbException,-,-,503,FAULTREQID000000000000000,-,false,false,false,DynamoDb,absent,Service_returned_HTTP_status_code_503_(Service:_DynamoDb;_Status_Code:_503;_Request_ID:_FAULTREQID000000000000000)
bridge,v2-sync,28,unavailable,transient,2,immediate,3,2,1,1745,ok,-,-,-,-,-,-,-,-,-,-,-,-
bridge,v2-sync,28,empty-500,persistent,-1,immediate,3,3,1,1909,throw,software.amazon.awssdk.services.dynamodb.model.DynamoDbException,-,-,500,FAULTREQID000000000000000,-,false,false,false,DynamoDb,absent,Service_returned_HTTP_status_code_500_(Service:_DynamoDb;_Status_Code:_500;_Request_ID:_FAULTREQID000000000000000)
bridge,v2-sync,28,empty-500,transient,2,immediate,3,2,1,1645,ok,-,-,-,-,-,-,-,-,-,-,-,-
bridge,v2-sync,28,malformed-body,persistent,-1,immediate,3,3,11,11460,throw,software.amazon.awssdk.core.exception.SdkClientException,software.amazon.smithy.java.core.serde.SerializationException,-,-,-,-,false,-,-,-,-,Unexpected_end-of-input_in_VALUE_STRING_at_[Source:_REDACTED_(`StreamReadFeature.INCLUDE_SOURCE_IN_LOCATION`_disabled);_byte_offset:_#25]
bridge,v2-sync,28,malformed-body,transient,2,immediate,3,2,12,12161,ok,-,-,-,-,-,-,-,-,-,-,-,-
bridge,v2-sync,28,resource-not-found,persistent,-1,immediate,1,1,0,929,throw,software.amazon.awssdk.services.dynamodb.model.ResourceNotFoundException,-,ResourceNotFoundException,400,FAULTREQID000000000000000,-,false,false,false,DynamoDb,absent,(Service:_DynamoDb;_Status_Code:_400;_Request_ID:_FAULTREQID000000000000000)
bridge,v2-sync,28,resource-not-found,transient,2,immediate,1,1,0,769,throw,software.amazon.awssdk.services.dynamodb.model.ResourceNotFoundException,-,ResourceNotFoundException,400,FAULTREQID000000000000000,-,false,false,false,DynamoDb,absent,(Service:_DynamoDb;_Status_Code:_400;_Request_ID:_FAULTREQID000000000000000)
bridge,v2-sync,29,none,control,-1,immediate,1,0,0,612,ok,-,-,-,-,-,-,-,-,-,-,-,-
bridge,v2-sync,29,internal-error,persistent,-1,immediate,3,3,2,2105,throw,software.amazon.awssdk.services.dynamodb.model.InternalServerErrorException,-,InternalServerError,500,FAULTREQID000000000000000,-,false,false,false,DynamoDb,absent,(Service:_DynamoDb;_Status_Code:_500;_Request_ID:_FAULTREQID000000000000000)
bridge,v2-sync,29,internal-error,transient,2,immediate,3,2,2,2011,ok,-,-,-,-,-,-,-,-,-,-,-,-
bridge,v2-sync,29,throughput-exceeded,persistent,-1,immediate,3,3,2,2034,throw,software.amazon.awssdk.services.dynamodb.model.ProvisionedThroughputExceededException,-,ProvisionedThroughputExceededException,400,FAULTREQID000000000000000,-,false,true,false,DynamoDb,absent,(Service:_DynamoDb;_Status_Code:_400;_Request_ID:_FAULTREQID000000000000000)
bridge,v2-sync,29,throughput-exceeded,transient,2,immediate,3,2,1,1544,ok,-,-,-,-,-,-,-,-,-,-,-,-
bridge,v2-sync,29,unavailable,persistent,-1,immediate,3,3,1,1697,throw,software.amazon.awssdk.services.dynamodb.model.DynamoDbException,-,-,503,FAULTREQID000000000000000,-,false,false,false,DynamoDb,absent,Service_returned_HTTP_status_code_503_(Service:_DynamoDb;_Status_Code:_503;_Request_ID:_FAULTREQID000000000000000)
bridge,v2-sync,29,unavailable,transient,2,immediate,3,2,1,1715,ok,-,-,-,-,-,-,-,-,-,-,-,-
bridge,v2-sync,29,empty-500,persistent,-1,immediate,3,3,1,1666,throw,software.amazon.awssdk.services.dynamodb.model.DynamoDbException,-,-,500,FAULTREQID000000000000000,-,false,false,false,DynamoDb,absent,Service_returned_HTTP_status_code_500_(Service:_DynamoDb;_Status_Code:_500;_Request_ID:_FAULTREQID000000000000000)
bridge,v2-sync,29,empty-500,transient,2,immediate,3,2,1,1613,ok,-,-,-,-,-,-,-,-,-,-,-,-
bridge,v2-sync,29,malformed-body,persistent,-1,immediate,3,3,1,1759,throw,software.amazon.awssdk.core.exception.SdkClientException,software.amazon.smithy.java.core.serde.SerializationException,-,-,-,-,false,-,-,-,-,Unexpected_end-of-input_in_VALUE_STRING_at_[Source:_REDACTED_(`StreamReadFeature.INCLUDE_SOURCE_IN_LOCATION`_disabled);_byte_offset:_#25]
bridge,v2-sync,29,malformed-body,transient,2,immediate,3,2,5,5820,ok,-,-,-,-,-,-,-,-,-,-,-,-
bridge,v2-sync,29,resource-not-found,persistent,-1,immediate,1,1,0,839,throw,software.amazon.awssdk.services.dynamodb.model.ResourceNotFoundException,-,ResourceNotFoundException,400,FAULTREQID000000000000000,-,false,false,false,DynamoDb,absent,(Service:_DynamoDb;_Status_Code:_400;_Request_ID:_FAULTREQID000000000000000)
bridge,v2-sync,29,resource-not-found,transient,2,immediate,1,1,0,848,throw,software.amazon.awssdk.services.dynamodb.model.ResourceNotFoundException,-,ResourceNotFoundException,400,FAULTREQID000000000000000,-,false,false,false,DynamoDb,absent,(Service:_DynamoDb;_Status_Code:_400;_Request_ID:_FAULTREQID000000000000000)
bridge,v2-sync,30,none,control,-1,immediate,1,0,0,774,ok,-,-,-,-,-,-,-,-,-,-,-,-
bridge,v2-sync,30,internal-error,persistent,-1,immediate,3,3,2,2105,throw,software.amazon.awssdk.services.dynamodb.model.InternalServerErrorException,-,InternalServerError,500,FAULTREQID000000000000000,-,false,false,false,DynamoDb,absent,(Service:_DynamoDb;_Status_Code:_500;_Request_ID:_FAULTREQID000000000000000)
bridge,v2-sync,30,internal-error,transient,2,immediate,3,2,1,1995,ok,-,-,-,-,-,-,-,-,-,-,-,-
bridge,v2-sync,30,throughput-exceeded,persistent,-1,immediate,3,3,2,2197,throw,software.amazon.awssdk.services.dynamodb.model.ProvisionedThroughputExceededException,-,ProvisionedThroughputExceededException,400,FAULTREQID000000000000000,-,false,true,false,DynamoDb,absent,(Service:_DynamoDb;_Status_Code:_400;_Request_ID:_FAULTREQID000000000000000)
bridge,v2-sync,30,throughput-exceeded,transient,2,immediate,3,2,1,1891,ok,-,-,-,-,-,-,-,-,-,-,-,-
bridge,v2-sync,30,unavailable,persistent,-1,immediate,3,3,1,1750,throw,software.amazon.awssdk.services.dynamodb.model.DynamoDbException,-,-,503,FAULTREQID000000000000000,-,false,false,false,DynamoDb,absent,Service_returned_HTTP_status_code_503_(Service:_DynamoDb;_Status_Code:_503;_Request_ID:_FAULTREQID000000000000000)
bridge,v2-sync,30,unavailable,transient,2,immediate,3,2,9,9443,ok,-,-,-,-,-,-,-,-,-,-,-,-
bridge,v2-sync,30,empty-500,persistent,-1,immediate,3,3,2,2294,throw,software.amazon.awssdk.services.dynamodb.model.DynamoDbException,-,-,500,FAULTREQID000000000000000,-,false,false,false,DynamoDb,absent,Service_returned_HTTP_status_code_500_(Service:_DynamoDb;_Status_Code:_500;_Request_ID:_FAULTREQID000000000000000)
bridge,v2-sync,30,empty-500,transient,2,immediate,3,2,1,1565,ok,-,-,-,-,-,-,-,-,-,-,-,-
bridge,v2-sync,30,malformed-body,persistent,-1,immediate,3,3,1,1769,throw,software.amazon.awssdk.core.exception.SdkClientException,software.amazon.smithy.java.core.serde.SerializationException,-,-,-,-,false,-,-,-,-,Unexpected_end-of-input_in_VALUE_STRING_at_[Source:_REDACTED_(`StreamReadFeature.INCLUDE_SOURCE_IN_LOCATION`_disabled);_byte_offset:_#25]
bridge,v2-sync,30,malformed-body,transient,2,immediate,3,2,1,1727,ok,-,-,-,-,-,-,-,-,-,-,-,-
bridge,v2-sync,30,resource-not-found,persistent,-1,immediate,1,1,0,678,throw,software.amazon.awssdk.services.dynamodb.model.ResourceNotFoundException,-,ResourceNotFoundException,400,FAULTREQID000000000000000,-,false,false,false,DynamoDb,absent,(Service:_DynamoDb;_Status_Code:_400;_Request_ID:_FAULTREQID000000000000000)
bridge,v2-sync,30,resource-not-found,transient,2,immediate,1,1,0,675,throw,software.amazon.awssdk.services.dynamodb.model.ResourceNotFoundException,-,ResourceNotFoundException,400,FAULTREQID000000000000000,-,false,false,false,DynamoDb,absent,(Service:_DynamoDb;_Status_Code:_400;_Request_ID:_FAULTREQID000000000000000)
bridge,v2-sync,31,none,control,-1,immediate,1,0,0,699,ok,-,-,-,-,-,-,-,-,-,-,-,-
bridge,v2-sync,31,internal-error,persistent,-1,immediate,3,3,1,1905,throw,software.amazon.awssdk.services.dynamodb.model.InternalServerErrorException,-,InternalServerError,500,FAULTREQID000000000000000,-,false,false,false,DynamoDb,absent,(Service:_DynamoDb;_Status_Code:_500;_Request_ID:_FAULTREQID000000000000000)
bridge,v2-sync,31,internal-error,transient,2,immediate,3,2,1,1701,ok,-,-,-,-,-,-,-,-,-,-,-,-
bridge,v2-sync,31,throughput-exceeded,persistent,-1,immediate,3,3,1,1719,throw,software.amazon.awssdk.services.dynamodb.model.ProvisionedThroughputExceededException,-,ProvisionedThroughputExceededException,400,FAULTREQID000000000000000,-,false,true,false,DynamoDb,absent,(Service:_DynamoDb;_Status_Code:_400;_Request_ID:_FAULTREQID000000000000000)
bridge,v2-sync,31,throughput-exceeded,transient,2,immediate,3,2,1,1753,ok,-,-,-,-,-,-,-,-,-,-,-,-
bridge,v2-sync,31,unavailable,persistent,-1,immediate,3,3,1,1813,throw,software.amazon.awssdk.services.dynamodb.model.DynamoDbException,-,-,503,FAULTREQID000000000000000,-,false,false,false,DynamoDb,absent,Service_returned_HTTP_status_code_503_(Service:_DynamoDb;_Status_Code:_503;_Request_ID:_FAULTREQID000000000000000)
bridge,v2-sync,31,unavailable,transient,2,immediate,3,2,1,1617,ok,-,-,-,-,-,-,-,-,-,-,-,-
bridge,v2-sync,31,empty-500,persistent,-1,immediate,3,3,2,2006,throw,software.amazon.awssdk.services.dynamodb.model.DynamoDbException,-,-,500,FAULTREQID000000000000000,-,false,false,false,DynamoDb,absent,Service_returned_HTTP_status_code_500_(Service:_DynamoDb;_Status_Code:_500;_Request_ID:_FAULTREQID000000000000000)
bridge,v2-sync,31,empty-500,transient,2,immediate,3,2,1,1872,ok,-,-,-,-,-,-,-,-,-,-,-,-
bridge,v2-sync,31,malformed-body,persistent,-1,immediate,3,3,1,1662,throw,software.amazon.awssdk.core.exception.SdkClientException,software.amazon.smithy.java.core.serde.SerializationException,-,-,-,-,false,-,-,-,-,Unexpected_end-of-input_in_VALUE_STRING_at_[Source:_REDACTED_(`StreamReadFeature.INCLUDE_SOURCE_IN_LOCATION`_disabled);_byte_offset:_#25]
bridge,v2-sync,31,malformed-body,transient,2,immediate,3,2,1,1591,ok,-,-,-,-,-,-,-,-,-,-,-,-
bridge,v2-sync,31,resource-not-found,persistent,-1,immediate,1,1,0,693,throw,software.amazon.awssdk.services.dynamodb.model.ResourceNotFoundException,-,ResourceNotFoundException,400,FAULTREQID000000000000000,-,false,false,false,DynamoDb,absent,(Service:_DynamoDb;_Status_Code:_400;_Request_ID:_FAULTREQID000000000000000)
bridge,v2-sync,31,resource-not-found,transient,2,immediate,1,1,0,658,throw,software.amazon.awssdk.services.dynamodb.model.ResourceNotFoundException,-,ResourceNotFoundException,400,FAULTREQID000000000000000,-,false,false,false,DynamoDb,absent,(Service:_DynamoDb;_Status_Code:_400;_Request_ID:_FAULTREQID000000000000000)
bridge,v2-sync,32,none,control,-1,immediate,1,0,0,570,ok,-,-,-,-,-,-,-,-,-,-,-,-
bridge,v2-sync,32,internal-error,persistent,-1,immediate,3,3,1,1639,throw,software.amazon.awssdk.services.dynamodb.model.InternalServerErrorException,-,InternalServerError,500,FAULTREQID000000000000000,-,false,false,false,DynamoDb,absent,(Service:_DynamoDb;_Status_Code:_500;_Request_ID:_FAULTREQID000000000000000)
bridge,v2-sync,32,internal-error,transient,2,immediate,3,2,1,1612,ok,-,-,-,-,-,-,-,-,-,-,-,-
bridge,v2-sync,32,throughput-exceeded,persistent,-1,immediate,3,3,1,1641,throw,software.amazon.awssdk.services.dynamodb.model.ProvisionedThroughputExceededException,-,ProvisionedThroughputExceededException,400,FAULTREQID000000000000000,-,false,true,false,DynamoDb,absent,(Service:_DynamoDb;_Status_Code:_400;_Request_ID:_FAULTREQID000000000000000)
bridge,v2-sync,32,throughput-exceeded,transient,2,immediate,3,2,1,1524,ok,-,-,-,-,-,-,-,-,-,-,-,-
bridge,v2-sync,32,unavailable,persistent,-1,immediate,3,3,1,1625,throw,software.amazon.awssdk.services.dynamodb.model.DynamoDbException,-,-,503,FAULTREQID000000000000000,-,false,false,false,DynamoDb,absent,Service_returned_HTTP_status_code_503_(Service:_DynamoDb;_Status_Code:_503;_Request_ID:_FAULTREQID000000000000000)
bridge,v2-sync,32,unavailable,transient,2,immediate,3,2,1,1549,ok,-,-,-,-,-,-,-,-,-,-,-,-
bridge,v2-sync,32,empty-500,persistent,-1,immediate,3,3,1,1521,throw,software.amazon.awssdk.services.dynamodb.model.DynamoDbException,-,-,500,FAULTREQID000000000000000,-,false,false,false,DynamoDb,absent,Service_returned_HTTP_status_code_500_(Service:_DynamoDb;_Status_Code:_500;_Request_ID:_FAULTREQID000000000000000)
bridge,v2-sync,32,empty-500,transient,2,immediate,3,2,1,1547,ok,-,-,-,-,-,-,-,-,-,-,-,-
bridge,v2-sync,32,malformed-body,persistent,-1,immediate,3,3,1,1660,throw,software.amazon.awssdk.core.exception.SdkClientException,software.amazon.smithy.java.core.serde.SerializationException,-,-,-,-,false,-,-,-,-,Unexpected_end-of-input_in_VALUE_STRING_at_[Source:_REDACTED_(`StreamReadFeature.INCLUDE_SOURCE_IN_LOCATION`_disabled);_byte_offset:_#25]
bridge,v2-sync,32,malformed-body,transient,2,immediate,3,2,1,1565,ok,-,-,-,-,-,-,-,-,-,-,-,-
bridge,v2-sync,32,resource-not-found,persistent,-1,immediate,1,1,0,679,throw,software.amazon.awssdk.services.dynamodb.model.ResourceNotFoundException,-,ResourceNotFoundException,400,FAULTREQID000000000000000,-,false,false,false,DynamoDb,absent,(Service:_DynamoDb;_Status_Code:_400;_Request_ID:_FAULTREQID000000000000000)
bridge,v2-sync,32,resource-not-found,transient,2,immediate,1,1,0,685,throw,software.amazon.awssdk.services.dynamodb.model.ResourceNotFoundException,-,ResourceNotFoundException,400,FAULTREQID000000000000000,-,false,false,false,DynamoDb,absent,(Service:_DynamoDb;_Status_Code:_400;_Request_ID:_FAULTREQID000000000000000)
bridge,v2-sync,33,none,control,-1,immediate,1,0,0,670,ok,-,-,-,-,-,-,-,-,-,-,-,-
bridge,v2-sync,33,internal-error,persistent,-1,immediate,3,3,1,1902,throw,software.amazon.awssdk.services.dynamodb.model.InternalServerErrorException,-,InternalServerError,500,FAULTREQID000000000000000,-,false,false,false,DynamoDb,absent,(Service:_DynamoDb;_Status_Code:_500;_Request_ID:_FAULTREQID000000000000000)
bridge,v2-sync,33,internal-error,transient,2,immediate,3,2,1,1519,ok,-,-,-,-,-,-,-,-,-,-,-,-
bridge,v2-sync,33,throughput-exceeded,persistent,-1,immediate,3,3,1,1527,throw,software.amazon.awssdk.services.dynamodb.model.ProvisionedThroughputExceededException,-,ProvisionedThroughputExceededException,400,FAULTREQID000000000000000,-,false,true,false,DynamoDb,absent,(Service:_DynamoDb;_Status_Code:_400;_Request_ID:_FAULTREQID000000000000000)
bridge,v2-sync,33,throughput-exceeded,transient,2,immediate,3,2,1,1494,ok,-,-,-,-,-,-,-,-,-,-,-,-
bridge,v2-sync,33,unavailable,persistent,-1,immediate,3,3,1,1881,throw,software.amazon.awssdk.services.dynamodb.model.DynamoDbException,-,-,503,FAULTREQID000000000000000,-,false,false,false,DynamoDb,absent,Service_returned_HTTP_status_code_503_(Service:_DynamoDb;_Status_Code:_503;_Request_ID:_FAULTREQID000000000000000)
bridge,v2-sync,33,unavailable,transient,2,immediate,3,2,1,1569,ok,-,-,-,-,-,-,-,-,-,-,-,-
bridge,v2-sync,33,empty-500,persistent,-1,immediate,3,3,1,1562,throw,software.amazon.awssdk.services.dynamodb.model.DynamoDbException,-,-,500,FAULTREQID000000000000000,-,false,false,false,DynamoDb,absent,Service_returned_HTTP_status_code_500_(Service:_DynamoDb;_Status_Code:_500;_Request_ID:_FAULTREQID000000000000000)
bridge,v2-sync,33,empty-500,transient,2,immediate,3,2,1,1674,ok,-,-,-,-,-,-,-,-,-,-,-,-
bridge,v2-sync,33,malformed-body,persistent,-1,immediate,3,3,1,1820,throw,software.amazon.awssdk.core.exception.SdkClientException,software.amazon.smithy.java.core.serde.SerializationException,-,-,-,-,false,-,-,-,-,Unexpected_end-of-input_in_VALUE_STRING_at_[Source:_REDACTED_(`StreamReadFeature.INCLUDE_SOURCE_IN_LOCATION`_disabled);_byte_offset:_#25]
bridge,v2-sync,33,malformed-body,transient,2,immediate,3,2,1,1692,ok,-,-,-,-,-,-,-,-,-,-,-,-
bridge,v2-sync,33,resource-not-found,persistent,-1,immediate,1,1,0,717,throw,software.amazon.awssdk.services.dynamodb.model.ResourceNotFoundException,-,ResourceNotFoundException,400,FAULTREQID000000000000000,-,false,false,false,DynamoDb,absent,(Service:_DynamoDb;_Status_Code:_400;_Request_ID:_FAULTREQID000000000000000)
bridge,v2-sync,33,resource-not-found,transient,2,immediate,1,1,0,775,throw,software.amazon.awssdk.services.dynamodb.model.ResourceNotFoundException,-,ResourceNotFoundException,400,FAULTREQID000000000000000,-,false,false,false,DynamoDb,absent,(Service:_DynamoDb;_Status_Code:_400;_Request_ID:_FAULTREQID000000000000000)
bridge,v2-sync,34,none,control,-1,immediate,1,0,0,597,ok,-,-,-,-,-,-,-,-,-,-,-,-
bridge,v2-sync,34,internal-error,persistent,-1,immediate,3,3,1,1701,throw,software.amazon.awssdk.services.dynamodb.model.InternalServerErrorException,-,InternalServerError,500,FAULTREQID000000000000000,-,false,false,false,DynamoDb,absent,(Service:_DynamoDb;_Status_Code:_500;_Request_ID:_FAULTREQID000000000000000)
bridge,v2-sync,34,internal-error,transient,2,immediate,3,2,1,1481,ok,-,-,-,-,-,-,-,-,-,-,-,-
bridge,v2-sync,34,throughput-exceeded,persistent,-1,immediate,3,3,1,1602,throw,software.amazon.awssdk.services.dynamodb.model.ProvisionedThroughputExceededException,-,ProvisionedThroughputExceededException,400,FAULTREQID000000000000000,-,false,true,false,DynamoDb,absent,(Service:_DynamoDb;_Status_Code:_400;_Request_ID:_FAULTREQID000000000000000)
bridge,v2-sync,34,throughput-exceeded,transient,2,immediate,3,2,10,10204,ok,-,-,-,-,-,-,-,-,-,-,-,-
bridge,v2-sync,34,unavailable,persistent,-1,immediate,3,3,1,1745,throw,software.amazon.awssdk.services.dynamodb.model.DynamoDbException,-,-,503,FAULTREQID000000000000000,-,false,false,false,DynamoDb,absent,Service_returned_HTTP_status_code_503_(Service:_DynamoDb;_Status_Code:_503;_Request_ID:_FAULTREQID000000000000000)
bridge,v2-sync,34,unavailable,transient,2,immediate,3,2,1,1640,ok,-,-,-,-,-,-,-,-,-,-,-,-
bridge,v2-sync,34,empty-500,persistent,-1,immediate,3,3,1,1563,throw,software.amazon.awssdk.services.dynamodb.model.DynamoDbException,-,-,500,FAULTREQID000000000000000,-,false,false,false,DynamoDb,absent,Service_returned_HTTP_status_code_500_(Service:_DynamoDb;_Status_Code:_500;_Request_ID:_FAULTREQID000000000000000)
bridge,v2-sync,34,empty-500,transient,2,immediate,3,2,1,1844,ok,-,-,-,-,-,-,-,-,-,-,-,-
bridge,v2-sync,34,malformed-body,persistent,-1,immediate,3,3,1,1704,throw,software.amazon.awssdk.core.exception.SdkClientException,software.amazon.smithy.java.core.serde.SerializationException,-,-,-,-,false,-,-,-,-,Unexpected_end-of-input_in_VALUE_STRING_at_[Source:_REDACTED_(`StreamReadFeature.INCLUDE_SOURCE_IN_LOCATION`_disabled);_byte_offset:_#25]
bridge,v2-sync,34,malformed-body,transient,2,immediate,3,2,1,1455,ok,-,-,-,-,-,-,-,-,-,-,-,-
bridge,v2-sync,34,resource-not-found,persistent,-1,immediate,1,1,0,694,throw,software.amazon.awssdk.services.dynamodb.model.ResourceNotFoundException,-,ResourceNotFoundException,400,FAULTREQID000000000000000,-,false,false,false,DynamoDb,absent,(Service:_DynamoDb;_Status_Code:_400;_Request_ID:_FAULTREQID000000000000000)
bridge,v2-sync,34,resource-not-found,transient,2,immediate,1,1,0,758,throw,software.amazon.awssdk.services.dynamodb.model.ResourceNotFoundException,-,ResourceNotFoundException,400,FAULTREQID000000000000000,-,false,false,false,DynamoDb,absent,(Service:_DynamoDb;_Status_Code:_400;_Request_ID:_FAULTREQID000000000000000)
bridge,v2-sync,35,none,control,-1,immediate,1,0,0,636,ok,-,-,-,-,-,-,-,-,-,-,-,-
bridge,v2-sync,35,internal-error,persistent,-1,immediate,3,3,1,1566,throw,software.amazon.awssdk.services.dynamodb.model.InternalServerErrorException,-,InternalServerError,500,FAULTREQID000000000000000,-,false,false,false,DynamoDb,absent,(Service:_DynamoDb;_Status_Code:_500;_Request_ID:_FAULTREQID000000000000000)
bridge,v2-sync,35,internal-error,transient,2,immediate,3,2,1,1456,ok,-,-,-,-,-,-,-,-,-,-,-,-
bridge,v2-sync,35,throughput-exceeded,persistent,-1,immediate,3,3,1,1617,throw,software.amazon.awssdk.services.dynamodb.model.ProvisionedThroughputExceededException,-,ProvisionedThroughputExceededException,400,FAULTREQID000000000000000,-,false,true,false,DynamoDb,absent,(Service:_DynamoDb;_Status_Code:_400;_Request_ID:_FAULTREQID000000000000000)
bridge,v2-sync,35,throughput-exceeded,transient,2,immediate,3,2,1,1500,ok,-,-,-,-,-,-,-,-,-,-,-,-
bridge,v2-sync,35,unavailable,persistent,-1,immediate,3,3,1,1736,throw,software.amazon.awssdk.services.dynamodb.model.DynamoDbException,-,-,503,FAULTREQID000000000000000,-,false,false,false,DynamoDb,absent,Service_returned_HTTP_status_code_503_(Service:_DynamoDb;_Status_Code:_503;_Request_ID:_FAULTREQID000000000000000)
bridge,v2-sync,35,unavailable,transient,2,immediate,3,2,1,1774,ok,-,-,-,-,-,-,-,-,-,-,-,-
bridge,v2-sync,35,empty-500,persistent,-1,immediate,3,3,1,1609,throw,software.amazon.awssdk.services.dynamodb.model.DynamoDbException,-,-,500,FAULTREQID000000000000000,-,false,false,false,DynamoDb,absent,Service_returned_HTTP_status_code_500_(Service:_DynamoDb;_Status_Code:_500;_Request_ID:_FAULTREQID000000000000000)
bridge,v2-sync,35,empty-500,transient,2,immediate,3,2,2,2051,ok,-,-,-,-,-,-,-,-,-,-,-,-
bridge,v2-sync,35,malformed-body,persistent,-1,immediate,3,3,1,1665,throw,software.amazon.awssdk.core.exception.SdkClientException,software.amazon.smithy.java.core.serde.SerializationException,-,-,-,-,false,-,-,-,-,Unexpected_end-of-input_in_VALUE_STRING_at_[Source:_REDACTED_(`StreamReadFeature.INCLUDE_SOURCE_IN_LOCATION`_disabled);_byte_offset:_#25]
bridge,v2-sync,35,malformed-body,transient,2,immediate,3,2,1,1459,ok,-,-,-,-,-,-,-,-,-,-,-,-
bridge,v2-sync,35,resource-not-found,persistent,-1,immediate,1,1,0,962,throw,software.amazon.awssdk.services.dynamodb.model.ResourceNotFoundException,-,ResourceNotFoundException,400,FAULTREQID000000000000000,-,false,false,false,DynamoDb,absent,(Service:_DynamoDb;_Status_Code:_400;_Request_ID:_FAULTREQID000000000000000)
bridge,v2-sync,35,resource-not-found,transient,2,immediate,1,1,0,744,throw,software.amazon.awssdk.services.dynamodb.model.ResourceNotFoundException,-,ResourceNotFoundException,400,FAULTREQID000000000000000,-,false,false,false,DynamoDb,absent,(Service:_DynamoDb;_Status_Code:_400;_Request_ID:_FAULTREQID000000000000000)
bridge,v2-sync,36,none,control,-1,immediate,1,0,0,569,ok,-,-,-,-,-,-,-,-,-,-,-,-
bridge,v2-sync,36,internal-error,persistent,-1,immediate,3,3,1,1583,throw,software.amazon.awssdk.services.dynamodb.model.InternalServerErrorException,-,InternalServerError,500,FAULTREQID000000000000000,-,false,false,false,DynamoDb,absent,(Service:_DynamoDb;_Status_Code:_500;_Request_ID:_FAULTREQID000000000000000)
bridge,v2-sync,36,internal-error,transient,2,immediate,3,2,1,1385,ok,-,-,-,-,-,-,-,-,-,-,-,-
bridge,v2-sync,36,throughput-exceeded,persistent,-1,immediate,3,3,1,1568,throw,software.amazon.awssdk.services.dynamodb.model.ProvisionedThroughputExceededException,-,ProvisionedThroughputExceededException,400,FAULTREQID000000000000000,-,false,true,false,DynamoDb,absent,(Service:_DynamoDb;_Status_Code:_400;_Request_ID:_FAULTREQID000000000000000)
bridge,v2-sync,36,throughput-exceeded,transient,2,immediate,3,2,1,1408,ok,-,-,-,-,-,-,-,-,-,-,-,-
bridge,v2-sync,36,unavailable,persistent,-1,immediate,3,3,1,1566,throw,software.amazon.awssdk.services.dynamodb.model.DynamoDbException,-,-,503,FAULTREQID000000000000000,-,false,false,false,DynamoDb,absent,Service_returned_HTTP_status_code_503_(Service:_DynamoDb;_Status_Code:_503;_Request_ID:_FAULTREQID000000000000000)
bridge,v2-sync,36,unavailable,transient,2,immediate,3,2,1,1786,ok,-,-,-,-,-,-,-,-,-,-,-,-
bridge,v2-sync,36,empty-500,persistent,-1,immediate,3,3,1,1585,throw,software.amazon.awssdk.services.dynamodb.model.DynamoDbException,-,-,500,FAULTREQID000000000000000,-,false,false,false,DynamoDb,absent,Service_returned_HTTP_status_code_500_(Service:_DynamoDb;_Status_Code:_500;_Request_ID:_FAULTREQID000000000000000)
bridge,v2-sync,36,empty-500,transient,2,immediate,3,2,1,1920,ok,-,-,-,-,-,-,-,-,-,-,-,-
bridge,v2-sync,36,malformed-body,persistent,-1,immediate,3,3,1,1837,throw,software.amazon.awssdk.core.exception.SdkClientException,software.amazon.smithy.java.core.serde.SerializationException,-,-,-,-,false,-,-,-,-,Unexpected_end-of-input_in_VALUE_STRING_at_[Source:_REDACTED_(`StreamReadFeature.INCLUDE_SOURCE_IN_LOCATION`_disabled);_byte_offset:_#25]
bridge,v2-sync,36,malformed-body,transient,2,immediate,3,2,1,1635,ok,-,-,-,-,-,-,-,-,-,-,-,-
bridge,v2-sync,36,resource-not-found,persistent,-1,immediate,1,1,0,668,throw,software.amazon.awssdk.services.dynamodb.model.ResourceNotFoundException,-,ResourceNotFoundException,400,FAULTREQID000000000000000,-,false,false,false,DynamoDb,absent,(Service:_DynamoDb;_Status_Code:_400;_Request_ID:_FAULTREQID000000000000000)
bridge,v2-sync,36,resource-not-found,transient,2,immediate,1,1,0,687,throw,software.amazon.awssdk.services.dynamodb.model.ResourceNotFoundException,-,ResourceNotFoundException,400,FAULTREQID000000000000000,-,false,false,false,DynamoDb,absent,(Service:_DynamoDb;_Status_Code:_400;_Request_ID:_FAULTREQID000000000000000)
bridge,v2-sync,37,none,control,-1,immediate,1,0,0,640,ok,-,-,-,-,-,-,-,-,-,-,-,-
bridge,v2-sync,37,internal-error,persistent,-1,immediate,3,3,1,1613,throw,software.amazon.awssdk.services.dynamodb.model.InternalServerErrorException,-,InternalServerError,500,FAULTREQID000000000000000,-,false,false,false,DynamoDb,absent,(Service:_DynamoDb;_Status_Code:_500;_Request_ID:_FAULTREQID000000000000000)
bridge,v2-sync,37,internal-error,transient,2,immediate,3,2,6,6924,ok,-,-,-,-,-,-,-,-,-,-,-,-
bridge,v2-sync,37,throughput-exceeded,persistent,-1,immediate,3,3,1,1637,throw,software.amazon.awssdk.services.dynamodb.model.ProvisionedThroughputExceededException,-,ProvisionedThroughputExceededException,400,FAULTREQID000000000000000,-,false,true,false,DynamoDb,absent,(Service:_DynamoDb;_Status_Code:_400;_Request_ID:_FAULTREQID000000000000000)
bridge,v2-sync,37,throughput-exceeded,transient,2,immediate,3,2,1,1491,ok,-,-,-,-,-,-,-,-,-,-,-,-
bridge,v2-sync,37,unavailable,persistent,-1,immediate,3,3,1,1521,throw,software.amazon.awssdk.services.dynamodb.model.DynamoDbException,-,-,503,FAULTREQID000000000000000,-,false,false,false,DynamoDb,absent,Service_returned_HTTP_status_code_503_(Service:_DynamoDb;_Status_Code:_503;_Request_ID:_FAULTREQID000000000000000)
bridge,v2-sync,37,unavailable,transient,2,immediate,3,2,1,1519,ok,-,-,-,-,-,-,-,-,-,-,-,-
bridge,v2-sync,37,empty-500,persistent,-1,immediate,3,3,1,1428,throw,software.amazon.awssdk.services.dynamodb.model.DynamoDbException,-,-,500,FAULTREQID000000000000000,-,false,false,false,DynamoDb,absent,Service_returned_HTTP_status_code_500_(Service:_DynamoDb;_Status_Code:_500;_Request_ID:_FAULTREQID000000000000000)
bridge,v2-sync,37,empty-500,transient,2,immediate,3,2,1,1749,ok,-,-,-,-,-,-,-,-,-,-,-,-
bridge,v2-sync,37,malformed-body,persistent,-1,immediate,3,3,1,1873,throw,software.amazon.awssdk.core.exception.SdkClientException,software.amazon.smithy.java.core.serde.SerializationException,-,-,-,-,false,-,-,-,-,Unexpected_end-of-input_in_VALUE_STRING_at_[Source:_REDACTED_(`StreamReadFeature.INCLUDE_SOURCE_IN_LOCATION`_disabled);_byte_offset:_#25]
bridge,v2-sync,37,malformed-body,transient,2,immediate,3,2,1,1502,ok,-,-,-,-,-,-,-,-,-,-,-,-
bridge,v2-sync,37,resource-not-found,persistent,-1,immediate,1,1,0,682,throw,software.amazon.awssdk.services.dynamodb.model.ResourceNotFoundException,-,ResourceNotFoundException,400,FAULTREQID000000000000000,-,false,false,false,DynamoDb,absent,(Service:_DynamoDb;_Status_Code:_400;_Request_ID:_FAULTREQID000000000000000)
bridge,v2-sync,37,resource-not-found,transient,2,immediate,1,1,0,639,throw,software.amazon.awssdk.services.dynamodb.model.ResourceNotFoundException,-,ResourceNotFoundException,400,FAULTREQID000000000000000,-,false,false,false,DynamoDb,absent,(Service:_DynamoDb;_Status_Code:_400;_Request_ID:_FAULTREQID000000000000000)
bridge,v2-sync,38,none,control,-1,immediate,1,0,0,621,ok,-,-,-,-,-,-,-,-,-,-,-,-
bridge,v2-sync,38,internal-error,persistent,-1,immediate,3,3,1,1836,throw,software.amazon.awssdk.services.dynamodb.model.InternalServerErrorException,-,InternalServerError,500,FAULTREQID000000000000000,-,false,false,false,DynamoDb,absent,(Service:_DynamoDb;_Status_Code:_500;_Request_ID:_FAULTREQID000000000000000)
bridge,v2-sync,38,internal-error,transient,2,immediate,3,2,1,1480,ok,-,-,-,-,-,-,-,-,-,-,-,-
bridge,v2-sync,38,throughput-exceeded,persistent,-1,immediate,3,3,1,1523,throw,software.amazon.awssdk.services.dynamodb.model.ProvisionedThroughputExceededException,-,ProvisionedThroughputExceededException,400,FAULTREQID000000000000000,-,false,true,false,DynamoDb,absent,(Service:_DynamoDb;_Status_Code:_400;_Request_ID:_FAULTREQID000000000000000)
bridge,v2-sync,38,throughput-exceeded,transient,2,immediate,3,2,1,1444,ok,-,-,-,-,-,-,-,-,-,-,-,-
bridge,v2-sync,38,unavailable,persistent,-1,immediate,3,3,1,1599,throw,software.amazon.awssdk.services.dynamodb.model.DynamoDbException,-,-,503,FAULTREQID000000000000000,-,false,false,false,DynamoDb,absent,Service_returned_HTTP_status_code_503_(Service:_DynamoDb;_Status_Code:_503;_Request_ID:_FAULTREQID000000000000000)
bridge,v2-sync,38,unavailable,transient,2,immediate,3,2,1,1479,ok,-,-,-,-,-,-,-,-,-,-,-,-
bridge,v2-sync,38,empty-500,persistent,-1,immediate,3,3,1,1451,throw,software.amazon.awssdk.services.dynamodb.model.DynamoDbException,-,-,500,FAULTREQID000000000000000,-,false,false,false,DynamoDb,absent,Service_returned_HTTP_status_code_500_(Service:_DynamoDb;_Status_Code:_500;_Request_ID:_FAULTREQID000000000000000)
bridge,v2-sync,38,empty-500,transient,2,immediate,3,2,1,1735,ok,-,-,-,-,-,-,-,-,-,-,-,-
bridge,v2-sync,38,malformed-body,persistent,-1,immediate,3,3,1,1777,throw,software.amazon.awssdk.core.exception.SdkClientException,software.amazon.smithy.java.core.serde.SerializationException,-,-,-,-,false,-,-,-,-,Unexpected_end-of-input_in_VALUE_STRING_at_[Source:_REDACTED_(`StreamReadFeature.INCLUDE_SOURCE_IN_LOCATION`_disabled);_byte_offset:_#25]
bridge,v2-sync,38,malformed-body,transient,2,immediate,3,2,1,1495,ok,-,-,-,-,-,-,-,-,-,-,-,-
bridge,v2-sync,38,resource-not-found,persistent,-1,immediate,1,1,0,686,throw,software.amazon.awssdk.services.dynamodb.model.ResourceNotFoundException,-,ResourceNotFoundException,400,FAULTREQID000000000000000,-,false,false,false,DynamoDb,absent,(Service:_DynamoDb;_Status_Code:_400;_Request_ID:_FAULTREQID000000000000000)
bridge,v2-sync,38,resource-not-found,transient,2,immediate,1,1,0,709,throw,software.amazon.awssdk.services.dynamodb.model.ResourceNotFoundException,-,ResourceNotFoundException,400,FAULTREQID000000000000000,-,false,false,false,DynamoDb,absent,(Service:_DynamoDb;_Status_Code:_400;_Request_ID:_FAULTREQID000000000000000)
bridge,v2-sync,39,none,control,-1,immediate,1,0,0,592,ok,-,-,-,-,-,-,-,-,-,-,-,-
bridge,v2-sync,39,internal-error,persistent,-1,immediate,3,3,1,1583,throw,software.amazon.awssdk.services.dynamodb.model.InternalServerErrorException,-,InternalServerError,500,FAULTREQID000000000000000,-,false,false,false,DynamoDb,absent,(Service:_DynamoDb;_Status_Code:_500;_Request_ID:_FAULTREQID000000000000000)
bridge,v2-sync,39,internal-error,transient,2,immediate,3,2,1,1552,ok,-,-,-,-,-,-,-,-,-,-,-,-
bridge,v2-sync,39,throughput-exceeded,persistent,-1,immediate,3,3,1,1900,throw,software.amazon.awssdk.services.dynamodb.model.ProvisionedThroughputExceededException,-,ProvisionedThroughputExceededException,400,FAULTREQID000000000000000,-,false,true,false,DynamoDb,absent,(Service:_DynamoDb;_Status_Code:_400;_Request_ID:_FAULTREQID000000000000000)
bridge,v2-sync,39,throughput-exceeded,transient,2,immediate,3,2,1,1646,ok,-,-,-,-,-,-,-,-,-,-,-,-
bridge,v2-sync,39,unavailable,persistent,-1,immediate,3,3,1,1777,throw,software.amazon.awssdk.services.dynamodb.model.DynamoDbException,-,-,503,FAULTREQID000000000000000,-,false,false,false,DynamoDb,absent,Service_returned_HTTP_status_code_503_(Service:_DynamoDb;_Status_Code:_503;_Request_ID:_FAULTREQID000000000000000)
bridge,v2-sync,39,unavailable,transient,2,immediate,3,2,1,1640,ok,-,-,-,-,-,-,-,-,-,-,-,-
bridge,v2-sync,39,empty-500,persistent,-1,immediate,3,3,1,1800,throw,software.amazon.awssdk.services.dynamodb.model.DynamoDbException,-,-,500,FAULTREQID000000000000000,-,false,false,false,DynamoDb,absent,Service_returned_HTTP_status_code_500_(Service:_DynamoDb;_Status_Code:_500;_Request_ID:_FAULTREQID000000000000000)
bridge,v2-sync,39,empty-500,transient,2,immediate,3,2,1,1503,ok,-,-,-,-,-,-,-,-,-,-,-,-
bridge,v2-sync,39,malformed-body,persistent,-1,immediate,3,3,1,1494,throw,software.amazon.awssdk.core.exception.SdkClientException,software.amazon.smithy.java.core.serde.SerializationException,-,-,-,-,false,-,-,-,-,Unexpected_end-of-input_in_VALUE_STRING_at_[Source:_REDACTED_(`StreamReadFeature.INCLUDE_SOURCE_IN_LOCATION`_disabled);_byte_offset:_#25]
bridge,v2-sync,39,malformed-body,transient,2,immediate,3,2,1,1553,ok,-,-,-,-,-,-,-,-,-,-,-,-
bridge,v2-sync,39,resource-not-found,persistent,-1,immediate,1,1,0,902,throw,software.amazon.awssdk.services.dynamodb.model.ResourceNotFoundException,-,ResourceNotFoundException,400,FAULTREQID000000000000000,-,false,false,false,DynamoDb,absent,(Service:_DynamoDb;_Status_Code:_400;_Request_ID:_FAULTREQID000000000000000)
bridge,v2-sync,39,resource-not-found,transient,2,immediate,1,1,0,690,throw,software.amazon.awssdk.services.dynamodb.model.ResourceNotFoundException,-,ResourceNotFoundException,400,FAULTREQID000000000000000,-,false,false,false,DynamoDb,absent,(Service:_DynamoDb;_Status_Code:_400;_Request_ID:_FAULTREQID000000000000000)
bridge,v2-sync,40,none,control,-1,immediate,1,0,0,549,ok,-,-,-,-,-,-,-,-,-,-,-,-
bridge,v2-sync,40,internal-error,persistent,-1,immediate,3,3,1,1649,throw,software.amazon.awssdk.services.dynamodb.model.InternalServerErrorException,-,InternalServerError,500,FAULTREQID000000000000000,-,false,false,false,DynamoDb,absent,(Service:_DynamoDb;_Status_Code:_500;_Request_ID:_FAULTREQID000000000000000)
bridge,v2-sync,40,internal-error,transient,2,immediate,3,2,1,1774,ok,-,-,-,-,-,-,-,-,-,-,-,-
bridge,v2-sync,40,throughput-exceeded,persistent,-1,immediate,3,3,2,2057,throw,software.amazon.awssdk.services.dynamodb.model.ProvisionedThroughputExceededException,-,ProvisionedThroughputExceededException,400,FAULTREQID000000000000000,-,false,true,false,DynamoDb,absent,(Service:_DynamoDb;_Status_Code:_400;_Request_ID:_FAULTREQID000000000000000)
bridge,v2-sync,40,throughput-exceeded,transient,2,immediate,3,2,1,1771,ok,-,-,-,-,-,-,-,-,-,-,-,-
bridge,v2-sync,40,unavailable,persistent,-1,immediate,3,3,1,1825,throw,software.amazon.awssdk.services.dynamodb.model.DynamoDbException,-,-,503,FAULTREQID000000000000000,-,false,false,false,DynamoDb,absent,Service_returned_HTTP_status_code_503_(Service:_DynamoDb;_Status_Code:_503;_Request_ID:_FAULTREQID000000000000000)
bridge,v2-sync,40,unavailable,transient,2,immediate,3,2,1,1532,ok,-,-,-,-,-,-,-,-,-,-,-,-
bridge,v2-sync,40,empty-500,persistent,-1,immediate,3,3,1,1441,throw,software.amazon.awssdk.services.dynamodb.model.DynamoDbException,-,-,500,FAULTREQID000000000000000,-,false,false,false,DynamoDb,absent,Service_returned_HTTP_status_code_500_(Service:_DynamoDb;_Status_Code:_500;_Request_ID:_FAULTREQID000000000000000)
bridge,v2-sync,40,empty-500,transient,2,immediate,3,2,1,1302,ok,-,-,-,-,-,-,-,-,-,-,-,-
bridge,v2-sync,40,malformed-body,persistent,-1,immediate,3,3,1,1536,throw,software.amazon.awssdk.core.exception.SdkClientException,software.amazon.smithy.java.core.serde.SerializationException,-,-,-,-,false,-,-,-,-,Unexpected_end-of-input_in_VALUE_STRING_at_[Source:_REDACTED_(`StreamReadFeature.INCLUDE_SOURCE_IN_LOCATION`_disabled);_byte_offset:_#25]
bridge,v2-sync,40,malformed-body,transient,2,immediate,3,2,1,1412,ok,-,-,-,-,-,-,-,-,-,-,-,-
bridge,v2-sync,40,resource-not-found,persistent,-1,immediate,1,1,0,637,throw,software.amazon.awssdk.services.dynamodb.model.ResourceNotFoundException,-,ResourceNotFoundException,400,FAULTREQID000000000000000,-,false,false,false,DynamoDb,absent,(Service:_DynamoDb;_Status_Code:_400;_Request_ID:_FAULTREQID000000000000000)
bridge,v2-sync,40,resource-not-found,transient,2,immediate,1,1,0,682,throw,software.amazon.awssdk.services.dynamodb.model.ResourceNotFoundException,-,ResourceNotFoundException,400,FAULTREQID000000000000000,-,false,false,false,DynamoDb,absent,(Service:_DynamoDb;_Status_Code:_400;_Request_ID:_FAULTREQID000000000000000)
bridge,v2-sync,41,none,control,-1,immediate,1,0,0,633,ok,-,-,-,-,-,-,-,-,-,-,-,-
bridge,v2-sync,41,internal-error,persistent,-1,immediate,3,3,1,1817,throw,software.amazon.awssdk.services.dynamodb.model.InternalServerErrorException,-,InternalServerError,500,FAULTREQID000000000000000,-,false,false,false,DynamoDb,absent,(Service:_DynamoDb;_Status_Code:_500;_Request_ID:_FAULTREQID000000000000000)
bridge,v2-sync,41,internal-error,transient,2,immediate,3,2,1,1525,ok,-,-,-,-,-,-,-,-,-,-,-,-
bridge,v2-sync,41,throughput-exceeded,persistent,-1,immediate,3,3,1,1428,throw,software.amazon.awssdk.services.dynamodb.model.ProvisionedThroughputExceededException,-,ProvisionedThroughputExceededException,400,FAULTREQID000000000000000,-,false,true,false,DynamoDb,absent,(Service:_DynamoDb;_Status_Code:_400;_Request_ID:_FAULTREQID000000000000000)
bridge,v2-sync,41,throughput-exceeded,transient,2,immediate,3,2,1,1325,ok,-,-,-,-,-,-,-,-,-,-,-,-
bridge,v2-sync,41,unavailable,persistent,-1,immediate,3,3,1,1465,throw,software.amazon.awssdk.services.dynamodb.model.DynamoDbException,-,-,503,FAULTREQID000000000000000,-,false,false,false,DynamoDb,absent,Service_returned_HTTP_status_code_503_(Service:_DynamoDb;_Status_Code:_503;_Request_ID:_FAULTREQID000000000000000)
bridge,v2-sync,41,unavailable,transient,2,immediate,3,2,1,1532,ok,-,-,-,-,-,-,-,-,-,-,-,-
bridge,v2-sync,41,empty-500,persistent,-1,immediate,3,3,1,1495,throw,software.amazon.awssdk.services.dynamodb.model.DynamoDbException,-,-,500,FAULTREQID000000000000000,-,false,false,false,DynamoDb,absent,Service_returned_HTTP_status_code_500_(Service:_DynamoDb;_Status_Code:_500;_Request_ID:_FAULTREQID000000000000000)
bridge,v2-sync,41,empty-500,transient,2,immediate,3,2,1,1400,ok,-,-,-,-,-,-,-,-,-,-,-,-
bridge,v2-sync,41,malformed-body,persistent,-1,immediate,3,3,2,2308,throw,software.amazon.awssdk.core.exception.SdkClientException,software.amazon.smithy.java.core.serde.SerializationException,-,-,-,-,false,-,-,-,-,Unexpected_end-of-input_in_VALUE_STRING_at_[Source:_REDACTED_(`StreamReadFeature.INCLUDE_SOURCE_IN_LOCATION`_disabled);_byte_offset:_#25]
bridge,v2-sync,41,malformed-body,transient,2,immediate,3,2,1,1472,ok,-,-,-,-,-,-,-,-,-,-,-,-
bridge,v2-sync,41,resource-not-found,persistent,-1,immediate,1,1,0,795,throw,software.amazon.awssdk.services.dynamodb.model.ResourceNotFoundException,-,ResourceNotFoundException,400,FAULTREQID000000000000000,-,false,false,false,DynamoDb,absent,(Service:_DynamoDb;_Status_Code:_400;_Request_ID:_FAULTREQID000000000000000)
bridge,v2-sync,41,resource-not-found,transient,2,immediate,1,1,0,653,throw,software.amazon.awssdk.services.dynamodb.model.ResourceNotFoundException,-,ResourceNotFoundException,400,FAULTREQID000000000000000,-,false,false,false,DynamoDb,absent,(Service:_DynamoDb;_Status_Code:_400;_Request_ID:_FAULTREQID000000000000000)
bridge,v2-sync,42,none,control,-1,immediate,1,0,0,570,ok,-,-,-,-,-,-,-,-,-,-,-,-
bridge,v2-sync,42,internal-error,persistent,-1,immediate,3,3,1,1503,throw,software.amazon.awssdk.services.dynamodb.model.InternalServerErrorException,-,InternalServerError,500,FAULTREQID000000000000000,-,false,false,false,DynamoDb,absent,(Service:_DynamoDb;_Status_Code:_500;_Request_ID:_FAULTREQID000000000000000)
bridge,v2-sync,42,internal-error,transient,2,immediate,3,2,1,1526,ok,-,-,-,-,-,-,-,-,-,-,-,-
bridge,v2-sync,42,throughput-exceeded,persistent,-1,immediate,3,3,1,1446,throw,software.amazon.awssdk.services.dynamodb.model.ProvisionedThroughputExceededException,-,ProvisionedThroughputExceededException,400,FAULTREQID000000000000000,-,false,true,false,DynamoDb,absent,(Service:_DynamoDb;_Status_Code:_400;_Request_ID:_FAULTREQID000000000000000)
bridge,v2-sync,42,throughput-exceeded,transient,2,immediate,3,2,1,1529,ok,-,-,-,-,-,-,-,-,-,-,-,-
bridge,v2-sync,42,unavailable,persistent,-1,immediate,3,3,1,1473,throw,software.amazon.awssdk.services.dynamodb.model.DynamoDbException,-,-,503,FAULTREQID000000000000000,-,false,false,false,DynamoDb,absent,Service_returned_HTTP_status_code_503_(Service:_DynamoDb;_Status_Code:_503;_Request_ID:_FAULTREQID000000000000000)
bridge,v2-sync,42,unavailable,transient,2,immediate,3,2,1,1507,ok,-,-,-,-,-,-,-,-,-,-,-,-
bridge,v2-sync,42,empty-500,persistent,-1,immediate,3,3,1,1482,throw,software.amazon.awssdk.services.dynamodb.model.DynamoDbException,-,-,500,FAULTREQID000000000000000,-,false,false,false,DynamoDb,absent,Service_returned_HTTP_status_code_500_(Service:_DynamoDb;_Status_Code:_500;_Request_ID:_FAULTREQID000000000000000)
bridge,v2-sync,42,empty-500,transient,2,immediate,3,2,1,1506,ok,-,-,-,-,-,-,-,-,-,-,-,-
bridge,v2-sync,42,malformed-body,persistent,-1,immediate,3,3,2,2339,throw,software.amazon.awssdk.core.exception.SdkClientException,software.amazon.smithy.java.core.serde.SerializationException,-,-,-,-,false,-,-,-,-,Unexpected_end-of-input_in_VALUE_STRING_at_[Source:_REDACTED_(`StreamReadFeature.INCLUDE_SOURCE_IN_LOCATION`_disabled);_byte_offset:_#25]
bridge,v2-sync,42,malformed-body,transient,2,immediate,3,2,1,1438,ok,-,-,-,-,-,-,-,-,-,-,-,-
bridge,v2-sync,42,resource-not-found,persistent,-1,immediate,1,1,0,591,throw,software.amazon.awssdk.services.dynamodb.model.ResourceNotFoundException,-,ResourceNotFoundException,400,FAULTREQID000000000000000,-,false,false,false,DynamoDb,absent,(Service:_DynamoDb;_Status_Code:_400;_Request_ID:_FAULTREQID000000000000000)
bridge,v2-sync,42,resource-not-found,transient,2,immediate,1,1,0,628,throw,software.amazon.awssdk.services.dynamodb.model.ResourceNotFoundException,-,ResourceNotFoundException,400,FAULTREQID000000000000000,-,false,false,false,DynamoDb,absent,(Service:_DynamoDb;_Status_Code:_400;_Request_ID:_FAULTREQID000000000000000)
bridge,v2-sync,43,none,control,-1,immediate,1,0,0,482,ok,-,-,-,-,-,-,-,-,-,-,-,-
bridge,v2-sync,43,internal-error,persistent,-1,immediate,3,3,1,1518,throw,software.amazon.awssdk.services.dynamodb.model.InternalServerErrorException,-,InternalServerError,500,FAULTREQID000000000000000,-,false,false,false,DynamoDb,absent,(Service:_DynamoDb;_Status_Code:_500;_Request_ID:_FAULTREQID000000000000000)
bridge,v2-sync,43,internal-error,transient,2,immediate,3,2,1,1486,ok,-,-,-,-,-,-,-,-,-,-,-,-
bridge,v2-sync,43,throughput-exceeded,persistent,-1,immediate,3,3,1,1562,throw,software.amazon.awssdk.services.dynamodb.model.ProvisionedThroughputExceededException,-,ProvisionedThroughputExceededException,400,FAULTREQID000000000000000,-,false,true,false,DynamoDb,absent,(Service:_DynamoDb;_Status_Code:_400;_Request_ID:_FAULTREQID000000000000000)
bridge,v2-sync,43,throughput-exceeded,transient,2,immediate,3,2,1,1373,ok,-,-,-,-,-,-,-,-,-,-,-,-
bridge,v2-sync,43,unavailable,persistent,-1,immediate,3,3,1,1551,throw,software.amazon.awssdk.services.dynamodb.model.DynamoDbException,-,-,503,FAULTREQID000000000000000,-,false,false,false,DynamoDb,absent,Service_returned_HTTP_status_code_503_(Service:_DynamoDb;_Status_Code:_503;_Request_ID:_FAULTREQID000000000000000)
bridge,v2-sync,43,unavailable,transient,2,immediate,3,2,1,1354,ok,-,-,-,-,-,-,-,-,-,-,-,-
bridge,v2-sync,43,empty-500,persistent,-1,immediate,3,3,1,1333,throw,software.amazon.awssdk.services.dynamodb.model.DynamoDbException,-,-,500,FAULTREQID000000000000000,-,false,false,false,DynamoDb,absent,Service_returned_HTTP_status_code_500_(Service:_DynamoDb;_Status_Code:_500;_Request_ID:_FAULTREQID000000000000000)
bridge,v2-sync,43,empty-500,transient,2,immediate,3,2,1,1451,ok,-,-,-,-,-,-,-,-,-,-,-,-
bridge,v2-sync,43,malformed-body,persistent,-1,immediate,3,3,1,1566,throw,software.amazon.awssdk.core.exception.SdkClientException,software.amazon.smithy.java.core.serde.SerializationException,-,-,-,-,false,-,-,-,-,Unexpected_end-of-input_in_VALUE_STRING_at_[Source:_REDACTED_(`StreamReadFeature.INCLUDE_SOURCE_IN_LOCATION`_disabled);_byte_offset:_#25]
bridge,v2-sync,43,malformed-body,transient,2,immediate,3,2,1,1483,ok,-,-,-,-,-,-,-,-,-,-,-,-
bridge,v2-sync,43,resource-not-found,persistent,-1,immediate,1,1,0,604,throw,software.amazon.awssdk.services.dynamodb.model.ResourceNotFoundException,-,ResourceNotFoundException,400,FAULTREQID000000000000000,-,false,false,false,DynamoDb,absent,(Service:_DynamoDb;_Status_Code:_400;_Request_ID:_FAULTREQID000000000000000)
bridge,v2-sync,43,resource-not-found,transient,2,immediate,1,1,0,677,throw,software.amazon.awssdk.services.dynamodb.model.ResourceNotFoundException,-,ResourceNotFoundException,400,FAULTREQID000000000000000,-,false,false,false,DynamoDb,absent,(Service:_DynamoDb;_Status_Code:_400;_Request_ID:_FAULTREQID000000000000000)
bridge,v2-sync,44,none,control,-1,immediate,1,0,0,474,ok,-,-,-,-,-,-,-,-,-,-,-,-
bridge,v2-sync,44,internal-error,persistent,-1,immediate,3,3,1,1588,throw,software.amazon.awssdk.services.dynamodb.model.InternalServerErrorException,-,InternalServerError,500,FAULTREQID000000000000000,-,false,false,false,DynamoDb,absent,(Service:_DynamoDb;_Status_Code:_500;_Request_ID:_FAULTREQID000000000000000)
bridge,v2-sync,44,internal-error,transient,2,immediate,3,2,1,1239,ok,-,-,-,-,-,-,-,-,-,-,-,-
bridge,v2-sync,44,throughput-exceeded,persistent,-1,immediate,3,3,1,1470,throw,software.amazon.awssdk.services.dynamodb.model.ProvisionedThroughputExceededException,-,ProvisionedThroughputExceededException,400,FAULTREQID000000000000000,-,false,true,false,DynamoDb,absent,(Service:_DynamoDb;_Status_Code:_400;_Request_ID:_FAULTREQID000000000000000)
bridge,v2-sync,44,throughput-exceeded,transient,2,immediate,3,2,1,1455,ok,-,-,-,-,-,-,-,-,-,-,-,-
bridge,v2-sync,44,unavailable,persistent,-1,immediate,3,3,1,1347,throw,software.amazon.awssdk.services.dynamodb.model.DynamoDbException,-,-,503,FAULTREQID000000000000000,-,false,false,false,DynamoDb,absent,Service_returned_HTTP_status_code_503_(Service:_DynamoDb;_Status_Code:_503;_Request_ID:_FAULTREQID000000000000000)
bridge,v2-sync,44,unavailable,transient,2,immediate,3,2,1,1288,ok,-,-,-,-,-,-,-,-,-,-,-,-
bridge,v2-sync,44,empty-500,persistent,-1,immediate,3,3,1,1255,throw,software.amazon.awssdk.services.dynamodb.model.DynamoDbException,-,-,500,FAULTREQID000000000000000,-,false,false,false,DynamoDb,absent,Service_returned_HTTP_status_code_500_(Service:_DynamoDb;_Status_Code:_500;_Request_ID:_FAULTREQID000000000000000)
bridge,v2-sync,44,empty-500,transient,2,immediate,3,2,1,1107,ok,-,-,-,-,-,-,-,-,-,-,-,-
bridge,v2-sync,44,malformed-body,persistent,-1,immediate,3,3,1,1390,throw,software.amazon.awssdk.core.exception.SdkClientException,software.amazon.smithy.java.core.serde.SerializationException,-,-,-,-,false,-,-,-,-,Unexpected_end-of-input_in_VALUE_STRING_at_[Source:_REDACTED_(`StreamReadFeature.INCLUDE_SOURCE_IN_LOCATION`_disabled);_byte_offset:_#25]
bridge,v2-sync,44,malformed-body,transient,2,immediate,3,2,1,1271,ok,-,-,-,-,-,-,-,-,-,-,-,-
bridge,v2-sync,44,resource-not-found,persistent,-1,immediate,1,1,0,725,throw,software.amazon.awssdk.services.dynamodb.model.ResourceNotFoundException,-,ResourceNotFoundException,400,FAULTREQID000000000000000,-,false,false,false,DynamoDb,absent,(Service:_DynamoDb;_Status_Code:_400;_Request_ID:_FAULTREQID000000000000000)
bridge,v2-sync,44,resource-not-found,transient,2,immediate,1,1,0,720,throw,software.amazon.awssdk.services.dynamodb.model.ResourceNotFoundException,-,ResourceNotFoundException,400,FAULTREQID000000000000000,-,false,false,false,DynamoDb,absent,(Service:_DynamoDb;_Status_Code:_400;_Request_ID:_FAULTREQID000000000000000)
bridge,v2-sync,45,none,control,-1,immediate,1,0,0,582,ok,-,-,-,-,-,-,-,-,-,-,-,-
bridge,v2-sync,45,internal-error,persistent,-1,immediate,3,3,1,1677,throw,software.amazon.awssdk.services.dynamodb.model.InternalServerErrorException,-,InternalServerError,500,FAULTREQID000000000000000,-,false,false,false,DynamoDb,absent,(Service:_DynamoDb;_Status_Code:_500;_Request_ID:_FAULTREQID000000000000000)
bridge,v2-sync,45,internal-error,transient,2,immediate,3,2,1,1868,ok,-,-,-,-,-,-,-,-,-,-,-,-
bridge,v2-sync,45,throughput-exceeded,persistent,-1,immediate,3,3,1,1986,throw,software.amazon.awssdk.services.dynamodb.model.ProvisionedThroughputExceededException,-,ProvisionedThroughputExceededException,400,FAULTREQID000000000000000,-,false,true,false,DynamoDb,absent,(Service:_DynamoDb;_Status_Code:_400;_Request_ID:_FAULTREQID000000000000000)
bridge,v2-sync,45,throughput-exceeded,transient,2,immediate,3,2,1,1439,ok,-,-,-,-,-,-,-,-,-,-,-,-
bridge,v2-sync,45,unavailable,persistent,-1,immediate,3,3,1,1551,throw,software.amazon.awssdk.services.dynamodb.model.DynamoDbException,-,-,503,FAULTREQID000000000000000,-,false,false,false,DynamoDb,absent,Service_returned_HTTP_status_code_503_(Service:_DynamoDb;_Status_Code:_503;_Request_ID:_FAULTREQID000000000000000)
bridge,v2-sync,45,unavailable,transient,2,immediate,3,2,1,1497,ok,-,-,-,-,-,-,-,-,-,-,-,-
bridge,v2-sync,45,empty-500,persistent,-1,immediate,3,3,1,1445,throw,software.amazon.awssdk.services.dynamodb.model.DynamoDbException,-,-,500,FAULTREQID000000000000000,-,false,false,false,DynamoDb,absent,Service_returned_HTTP_status_code_500_(Service:_DynamoDb;_Status_Code:_500;_Request_ID:_FAULTREQID000000000000000)
bridge,v2-sync,45,empty-500,transient,2,immediate,3,2,1,1320,ok,-,-,-,-,-,-,-,-,-,-,-,-
bridge,v2-sync,45,malformed-body,persistent,-1,immediate,3,3,1,1280,throw,software.amazon.awssdk.core.exception.SdkClientException,software.amazon.smithy.java.core.serde.SerializationException,-,-,-,-,false,-,-,-,-,Unexpected_end-of-input_in_VALUE_STRING_at_[Source:_REDACTED_(`StreamReadFeature.INCLUDE_SOURCE_IN_LOCATION`_disabled);_byte_offset:_#25]
bridge,v2-sync,45,malformed-body,transient,2,immediate,3,2,1,1259,ok,-,-,-,-,-,-,-,-,-,-,-,-
bridge,v2-sync,45,resource-not-found,persistent,-1,immediate,1,1,0,636,throw,software.amazon.awssdk.services.dynamodb.model.ResourceNotFoundException,-,ResourceNotFoundException,400,FAULTREQID000000000000000,-,false,false,false,DynamoDb,absent,(Service:_DynamoDb;_Status_Code:_400;_Request_ID:_FAULTREQID000000000000000)
bridge,v2-sync,45,resource-not-found,transient,2,immediate,1,1,0,595,throw,software.amazon.awssdk.services.dynamodb.model.ResourceNotFoundException,-,ResourceNotFoundException,400,FAULTREQID000000000000000,-,false,false,false,DynamoDb,absent,(Service:_DynamoDb;_Status_Code:_400;_Request_ID:_FAULTREQID000000000000000)
bridge,v2-sync,46,none,control,-1,immediate,1,0,0,455,ok,-,-,-,-,-,-,-,-,-,-,-,-
bridge,v2-sync,46,internal-error,persistent,-1,immediate,3,3,1,1466,throw,software.amazon.awssdk.services.dynamodb.model.InternalServerErrorException,-,InternalServerError,500,FAULTREQID000000000000000,-,false,false,false,DynamoDb,absent,(Service:_DynamoDb;_Status_Code:_500;_Request_ID:_FAULTREQID000000000000000)
bridge,v2-sync,46,internal-error,transient,2,immediate,3,2,1,1134,ok,-,-,-,-,-,-,-,-,-,-,-,-
bridge,v2-sync,46,throughput-exceeded,persistent,-1,immediate,3,3,1,1444,throw,software.amazon.awssdk.services.dynamodb.model.ProvisionedThroughputExceededException,-,ProvisionedThroughputExceededException,400,FAULTREQID000000000000000,-,false,true,false,DynamoDb,absent,(Service:_DynamoDb;_Status_Code:_400;_Request_ID:_FAULTREQID000000000000000)
bridge,v2-sync,46,throughput-exceeded,transient,2,immediate,3,2,1,1420,ok,-,-,-,-,-,-,-,-,-,-,-,-
bridge,v2-sync,46,unavailable,persistent,-1,immediate,3,3,1,1370,throw,software.amazon.awssdk.services.dynamodb.model.DynamoDbException,-,-,503,FAULTREQID000000000000000,-,false,false,false,DynamoDb,absent,Service_returned_HTTP_status_code_503_(Service:_DynamoDb;_Status_Code:_503;_Request_ID:_FAULTREQID000000000000000)
bridge,v2-sync,46,unavailable,transient,2,immediate,3,2,1,1243,ok,-,-,-,-,-,-,-,-,-,-,-,-
bridge,v2-sync,46,empty-500,persistent,-1,immediate,3,3,1,1200,throw,software.amazon.awssdk.services.dynamodb.model.DynamoDbException,-,-,500,FAULTREQID000000000000000,-,false,false,false,DynamoDb,absent,Service_returned_HTTP_status_code_500_(Service:_DynamoDb;_Status_Code:_500;_Request_ID:_FAULTREQID000000000000000)
bridge,v2-sync,46,empty-500,transient,2,immediate,3,2,1,1216,ok,-,-,-,-,-,-,-,-,-,-,-,-
bridge,v2-sync,46,malformed-body,persistent,-1,immediate,3,3,1,1482,throw,software.amazon.awssdk.core.exception.SdkClientException,software.amazon.smithy.java.core.serde.SerializationException,-,-,-,-,false,-,-,-,-,Unexpected_end-of-input_in_VALUE_STRING_at_[Source:_REDACTED_(`StreamReadFeature.INCLUDE_SOURCE_IN_LOCATION`_disabled);_byte_offset:_#25]
bridge,v2-sync,46,malformed-body,transient,2,immediate,3,2,1,1235,ok,-,-,-,-,-,-,-,-,-,-,-,-
bridge,v2-sync,46,resource-not-found,persistent,-1,immediate,1,1,0,570,throw,software.amazon.awssdk.services.dynamodb.model.ResourceNotFoundException,-,ResourceNotFoundException,400,FAULTREQID000000000000000,-,false,false,false,DynamoDb,absent,(Service:_DynamoDb;_Status_Code:_400;_Request_ID:_FAULTREQID000000000000000)
bridge,v2-sync,46,resource-not-found,transient,2,immediate,1,1,0,540,throw,software.amazon.awssdk.services.dynamodb.model.ResourceNotFoundException,-,ResourceNotFoundException,400,FAULTREQID000000000000000,-,false,false,false,DynamoDb,absent,(Service:_DynamoDb;_Status_Code:_400;_Request_ID:_FAULTREQID000000000000000)
bridge,v2-sync,47,none,control,-1,immediate,1,0,0,503,ok,-,-,-,-,-,-,-,-,-,-,-,-
bridge,v2-sync,47,internal-error,persistent,-1,immediate,3,3,1,1446,throw,software.amazon.awssdk.services.dynamodb.model.InternalServerErrorException,-,InternalServerError,500,FAULTREQID000000000000000,-,false,false,false,DynamoDb,absent,(Service:_DynamoDb;_Status_Code:_500;_Request_ID:_FAULTREQID000000000000000)
bridge,v2-sync,47,internal-error,transient,2,immediate,3,2,1,1650,ok,-,-,-,-,-,-,-,-,-,-,-,-
bridge,v2-sync,47,throughput-exceeded,persistent,-1,immediate,3,3,1,1306,throw,software.amazon.awssdk.services.dynamodb.model.ProvisionedThroughputExceededException,-,ProvisionedThroughputExceededException,400,FAULTREQID000000000000000,-,false,true,false,DynamoDb,absent,(Service:_DynamoDb;_Status_Code:_400;_Request_ID:_FAULTREQID000000000000000)
bridge,v2-sync,47,throughput-exceeded,transient,2,immediate,3,2,1,1473,ok,-,-,-,-,-,-,-,-,-,-,-,-
bridge,v2-sync,47,unavailable,persistent,-1,immediate,3,3,1,1706,throw,software.amazon.awssdk.services.dynamodb.model.DynamoDbException,-,-,503,FAULTREQID000000000000000,-,false,false,false,DynamoDb,absent,Service_returned_HTTP_status_code_503_(Service:_DynamoDb;_Status_Code:_503;_Request_ID:_FAULTREQID000000000000000)
bridge,v2-sync,47,unavailable,transient,2,immediate,3,2,2,2017,ok,-,-,-,-,-,-,-,-,-,-,-,-
bridge,v2-sync,47,empty-500,persistent,-1,immediate,3,3,5,5711,throw,software.amazon.awssdk.services.dynamodb.model.DynamoDbException,-,-,500,FAULTREQID000000000000000,-,false,false,false,DynamoDb,absent,Service_returned_HTTP_status_code_500_(Service:_DynamoDb;_Status_Code:_500;_Request_ID:_FAULTREQID000000000000000)
bridge,v2-sync,47,empty-500,transient,2,immediate,3,2,1,1135,ok,-,-,-,-,-,-,-,-,-,-,-,-
bridge,v2-sync,47,malformed-body,persistent,-1,immediate,3,3,1,1244,throw,software.amazon.awssdk.core.exception.SdkClientException,software.amazon.smithy.java.core.serde.SerializationException,-,-,-,-,false,-,-,-,-,Unexpected_end-of-input_in_VALUE_STRING_at_[Source:_REDACTED_(`StreamReadFeature.INCLUDE_SOURCE_IN_LOCATION`_disabled);_byte_offset:_#25]
bridge,v2-sync,47,malformed-body,transient,2,immediate,3,2,1,1286,ok,-,-,-,-,-,-,-,-,-,-,-,-
bridge,v2-sync,47,resource-not-found,persistent,-1,immediate,1,1,0,542,throw,software.amazon.awssdk.services.dynamodb.model.ResourceNotFoundException,-,ResourceNotFoundException,400,FAULTREQID000000000000000,-,false,false,false,DynamoDb,absent,(Service:_DynamoDb;_Status_Code:_400;_Request_ID:_FAULTREQID000000000000000)
bridge,v2-sync,47,resource-not-found,transient,2,immediate,1,1,0,787,throw,software.amazon.awssdk.services.dynamodb.model.ResourceNotFoundException,-,ResourceNotFoundException,400,FAULTREQID000000000000000,-,false,false,false,DynamoDb,absent,(Service:_DynamoDb;_Status_Code:_400;_Request_ID:_FAULTREQID000000000000000)
bridge,v2-sync,48,none,control,-1,immediate,1,0,0,544,ok,-,-,-,-,-,-,-,-,-,-,-,-
bridge,v2-sync,48,internal-error,persistent,-1,immediate,3,3,1,1567,throw,software.amazon.awssdk.services.dynamodb.model.InternalServerErrorException,-,InternalServerError,500,FAULTREQID000000000000000,-,false,false,false,DynamoDb,absent,(Service:_DynamoDb;_Status_Code:_500;_Request_ID:_FAULTREQID000000000000000)
bridge,v2-sync,48,internal-error,transient,2,immediate,3,2,2,2526,ok,-,-,-,-,-,-,-,-,-,-,-,-
bridge,v2-sync,48,throughput-exceeded,persistent,-1,immediate,3,3,1,1541,throw,software.amazon.awssdk.services.dynamodb.model.ProvisionedThroughputExceededException,-,ProvisionedThroughputExceededException,400,FAULTREQID000000000000000,-,false,true,false,DynamoDb,absent,(Service:_DynamoDb;_Status_Code:_400;_Request_ID:_FAULTREQID000000000000000)
bridge,v2-sync,48,throughput-exceeded,transient,2,immediate,3,2,1,1776,ok,-,-,-,-,-,-,-,-,-,-,-,-
bridge,v2-sync,48,unavailable,persistent,-1,immediate,3,3,1,1534,throw,software.amazon.awssdk.services.dynamodb.model.DynamoDbException,-,-,503,FAULTREQID000000000000000,-,false,false,false,DynamoDb,absent,Service_returned_HTTP_status_code_503_(Service:_DynamoDb;_Status_Code:_503;_Request_ID:_FAULTREQID000000000000000)
bridge,v2-sync,48,unavailable,transient,2,immediate,3,2,1,1454,ok,-,-,-,-,-,-,-,-,-,-,-,-
bridge,v2-sync,48,empty-500,persistent,-1,immediate,3,3,1,1587,throw,software.amazon.awssdk.services.dynamodb.model.DynamoDbException,-,-,500,FAULTREQID000000000000000,-,false,false,false,DynamoDb,absent,Service_returned_HTTP_status_code_500_(Service:_DynamoDb;_Status_Code:_500;_Request_ID:_FAULTREQID000000000000000)
bridge,v2-sync,48,empty-500,transient,2,immediate,3,2,1,1341,ok,-,-,-,-,-,-,-,-,-,-,-,-
bridge,v2-sync,48,malformed-body,persistent,-1,immediate,3,3,1,1574,throw,software.amazon.awssdk.core.exception.SdkClientException,software.amazon.smithy.java.core.serde.SerializationException,-,-,-,-,false,-,-,-,-,Unexpected_end-of-input_in_VALUE_STRING_at_[Source:_REDACTED_(`StreamReadFeature.INCLUDE_SOURCE_IN_LOCATION`_disabled);_byte_offset:_#25]
bridge,v2-sync,48,malformed-body,transient,2,immediate,3,2,1,1433,ok,-,-,-,-,-,-,-,-,-,-,-,-
bridge,v2-sync,48,resource-not-found,persistent,-1,immediate,1,1,0,657,throw,software.amazon.awssdk.services.dynamodb.model.ResourceNotFoundException,-,ResourceNotFoundException,400,FAULTREQID000000000000000,-,false,false,false,DynamoDb,absent,(Service:_DynamoDb;_Status_Code:_400;_Request_ID:_FAULTREQID000000000000000)
bridge,v2-sync,48,resource-not-found,transient,2,immediate,1,1,0,999,throw,software.amazon.awssdk.services.dynamodb.model.ResourceNotFoundException,-,ResourceNotFoundException,400,FAULTREQID000000000000000,-,false,false,false,DynamoDb,absent,(Service:_DynamoDb;_Status_Code:_400;_Request_ID:_FAULTREQID000000000000000)
bridge,v2-sync,49,none,control,-1,immediate,1,0,0,568,ok,-,-,-,-,-,-,-,-,-,-,-,-
bridge,v2-sync,49,internal-error,persistent,-1,immediate,3,3,1,1622,throw,software.amazon.awssdk.services.dynamodb.model.InternalServerErrorException,-,InternalServerError,500,FAULTREQID000000000000000,-,false,false,false,DynamoDb,absent,(Service:_DynamoDb;_Status_Code:_500;_Request_ID:_FAULTREQID000000000000000)
bridge,v2-sync,49,internal-error,transient,2,immediate,3,2,1,1263,ok,-,-,-,-,-,-,-,-,-,-,-,-
bridge,v2-sync,49,throughput-exceeded,persistent,-1,immediate,3,3,1,1331,throw,software.amazon.awssdk.services.dynamodb.model.ProvisionedThroughputExceededException,-,ProvisionedThroughputExceededException,400,FAULTREQID000000000000000,-,false,true,false,DynamoDb,absent,(Service:_DynamoDb;_Status_Code:_400;_Request_ID:_FAULTREQID000000000000000)
bridge,v2-sync,49,throughput-exceeded,transient,2,immediate,3,2,1,1507,ok,-,-,-,-,-,-,-,-,-,-,-,-
bridge,v2-sync,49,unavailable,persistent,-1,immediate,3,3,1,1586,throw,software.amazon.awssdk.services.dynamodb.model.DynamoDbException,-,-,503,FAULTREQID000000000000000,-,false,false,false,DynamoDb,absent,Service_returned_HTTP_status_code_503_(Service:_DynamoDb;_Status_Code:_503;_Request_ID:_FAULTREQID000000000000000)
bridge,v2-sync,49,unavailable,transient,2,immediate,3,2,1,1432,ok,-,-,-,-,-,-,-,-,-,-,-,-
bridge,v2-sync,49,empty-500,persistent,-1,immediate,3,3,1,1428,throw,software.amazon.awssdk.services.dynamodb.model.DynamoDbException,-,-,500,FAULTREQID000000000000000,-,false,false,false,DynamoDb,absent,Service_returned_HTTP_status_code_500_(Service:_DynamoDb;_Status_Code:_500;_Request_ID:_FAULTREQID000000000000000)
bridge,v2-sync,49,empty-500,transient,2,immediate,3,2,1,1450,ok,-,-,-,-,-,-,-,-,-,-,-,-
bridge,v2-sync,49,malformed-body,persistent,-1,immediate,3,3,3,3060,throw,software.amazon.awssdk.core.exception.SdkClientException,software.amazon.smithy.java.core.serde.SerializationException,-,-,-,-,false,-,-,-,-,Unexpected_end-of-input_in_VALUE_STRING_at_[Source:_REDACTED_(`StreamReadFeature.INCLUDE_SOURCE_IN_LOCATION`_disabled);_byte_offset:_#25]
bridge,v2-sync,49,malformed-body,transient,2,immediate,3,2,1,1474,ok,-,-,-,-,-,-,-,-,-,-,-,-
bridge,v2-sync,49,resource-not-found,persistent,-1,immediate,1,1,0,516,throw,software.amazon.awssdk.services.dynamodb.model.ResourceNotFoundException,-,ResourceNotFoundException,400,FAULTREQID000000000000000,-,false,false,false,DynamoDb,absent,(Service:_DynamoDb;_Status_Code:_400;_Request_ID:_FAULTREQID000000000000000)
bridge,v2-sync,49,resource-not-found,transient,2,immediate,1,1,0,498,throw,software.amazon.awssdk.services.dynamodb.model.ResourceNotFoundException,-,ResourceNotFoundException,400,FAULTREQID000000000000000,-,false,false,false,DynamoDb,absent,(Service:_DynamoDb;_Status_Code:_400;_Request_ID:_FAULTREQID000000000000000)
bridge,v2-sync,50,none,control,-1,immediate,1,0,0,428,ok,-,-,-,-,-,-,-,-,-,-,-,-
bridge,v2-sync,50,internal-error,persistent,-1,immediate,3,3,1,1440,throw,software.amazon.awssdk.services.dynamodb.model.InternalServerErrorException,-,InternalServerError,500,FAULTREQID000000000000000,-,false,false,false,DynamoDb,absent,(Service:_DynamoDb;_Status_Code:_500;_Request_ID:_FAULTREQID000000000000000)
bridge,v2-sync,50,internal-error,transient,2,immediate,3,2,2,2716,ok,-,-,-,-,-,-,-,-,-,-,-,-
bridge,v2-sync,50,throughput-exceeded,persistent,-1,immediate,3,3,1,1378,throw,software.amazon.awssdk.services.dynamodb.model.ProvisionedThroughputExceededException,-,ProvisionedThroughputExceededException,400,FAULTREQID000000000000000,-,false,true,false,DynamoDb,absent,(Service:_DynamoDb;_Status_Code:_400;_Request_ID:_FAULTREQID000000000000000)
bridge,v2-sync,50,throughput-exceeded,transient,2,immediate,3,2,1,1263,ok,-,-,-,-,-,-,-,-,-,-,-,-
bridge,v2-sync,50,unavailable,persistent,-1,immediate,3,3,1,1322,throw,software.amazon.awssdk.services.dynamodb.model.DynamoDbException,-,-,503,FAULTREQID000000000000000,-,false,false,false,DynamoDb,absent,Service_returned_HTTP_status_code_503_(Service:_DynamoDb;_Status_Code:_503;_Request_ID:_FAULTREQID000000000000000)
bridge,v2-sync,50,unavailable,transient,2,immediate,3,2,1,1233,ok,-,-,-,-,-,-,-,-,-,-,-,-
bridge,v2-sync,50,empty-500,persistent,-1,immediate,3,3,1,1247,throw,software.amazon.awssdk.services.dynamodb.model.DynamoDbException,-,-,500,FAULTREQID000000000000000,-,false,false,false,DynamoDb,absent,Service_returned_HTTP_status_code_500_(Service:_DynamoDb;_Status_Code:_500;_Request_ID:_FAULTREQID000000000000000)
bridge,v2-sync,50,empty-500,transient,2,immediate,3,2,1,1079,ok,-,-,-,-,-,-,-,-,-,-,-,-
bridge,v2-sync,50,malformed-body,persistent,-1,immediate,3,3,1,1312,throw,software.amazon.awssdk.core.exception.SdkClientException,software.amazon.smithy.java.core.serde.SerializationException,-,-,-,-,false,-,-,-,-,Unexpected_end-of-input_in_VALUE_STRING_at_[Source:_REDACTED_(`StreamReadFeature.INCLUDE_SOURCE_IN_LOCATION`_disabled);_byte_offset:_#25]
bridge,v2-sync,50,malformed-body,transient,2,immediate,3,2,1,1065,ok,-,-,-,-,-,-,-,-,-,-,-,-
bridge,v2-sync,50,resource-not-found,persistent,-1,immediate,1,1,0,457,throw,software.amazon.awssdk.services.dynamodb.model.ResourceNotFoundException,-,ResourceNotFoundException,400,FAULTREQID000000000000000,-,false,false,false,DynamoDb,absent,(Service:_DynamoDb;_Status_Code:_400;_Request_ID:_FAULTREQID000000000000000)
bridge,v2-sync,50,resource-not-found,transient,2,immediate,1,1,0,472,throw,software.amazon.awssdk.services.dynamodb.model.ResourceNotFoundException,-,ResourceNotFoundException,400,FAULTREQID000000000000000,-,false,false,false,DynamoDb,absent,(Service:_DynamoDb;_Status_Code:_400;_Request_ID:_FAULTREQID000000000000000)
bridge,v2-sync,51,none,control,-1,immediate,1,0,0,390,ok,-,-,-,-,-,-,-,-,-,-,-,-
bridge,v2-sync,51,internal-error,persistent,-1,immediate,3,3,1,1326,throw,software.amazon.awssdk.services.dynamodb.model.InternalServerErrorException,-,InternalServerError,500,FAULTREQID000000000000000,-,false,false,false,DynamoDb,absent,(Service:_DynamoDb;_Status_Code:_500;_Request_ID:_FAULTREQID000000000000000)
bridge,v2-sync,51,internal-error,transient,2,immediate,3,2,1,1083,ok,-,-,-,-,-,-,-,-,-,-,-,-
bridge,v2-sync,51,throughput-exceeded,persistent,-1,immediate,3,3,1,1109,throw,software.amazon.awssdk.services.dynamodb.model.ProvisionedThroughputExceededException,-,ProvisionedThroughputExceededException,400,FAULTREQID000000000000000,-,false,true,false,DynamoDb,absent,(Service:_DynamoDb;_Status_Code:_400;_Request_ID:_FAULTREQID000000000000000)
bridge,v2-sync,51,throughput-exceeded,transient,2,immediate,3,2,1,1069,ok,-,-,-,-,-,-,-,-,-,-,-,-
bridge,v2-sync,51,unavailable,persistent,-1,immediate,3,3,1,1222,throw,software.amazon.awssdk.services.dynamodb.model.DynamoDbException,-,-,503,FAULTREQID000000000000000,-,false,false,false,DynamoDb,absent,Service_returned_HTTP_status_code_503_(Service:_DynamoDb;_Status_Code:_503;_Request_ID:_FAULTREQID000000000000000)
bridge,v2-sync,51,unavailable,transient,2,immediate,3,2,1,1045,ok,-,-,-,-,-,-,-,-,-,-,-,-
bridge,v2-sync,51,empty-500,persistent,-1,immediate,3,3,1,1110,throw,software.amazon.awssdk.services.dynamodb.model.DynamoDbException,-,-,500,FAULTREQID000000000000000,-,false,false,false,DynamoDb,absent,Service_returned_HTTP_status_code_500_(Service:_DynamoDb;_Status_Code:_500;_Request_ID:_FAULTREQID000000000000000)
bridge,v2-sync,51,empty-500,transient,2,immediate,3,2,1,1040,ok,-,-,-,-,-,-,-,-,-,-,-,-
bridge,v2-sync,51,malformed-body,persistent,-1,immediate,3,3,1,1171,throw,software.amazon.awssdk.core.exception.SdkClientException,software.amazon.smithy.java.core.serde.SerializationException,-,-,-,-,false,-,-,-,-,Unexpected_end-of-input_in_VALUE_STRING_at_[Source:_REDACTED_(`StreamReadFeature.INCLUDE_SOURCE_IN_LOCATION`_disabled);_byte_offset:_#25]
bridge,v2-sync,51,malformed-body,transient,2,immediate,3,2,1,1072,ok,-,-,-,-,-,-,-,-,-,-,-,-
bridge,v2-sync,51,resource-not-found,persistent,-1,immediate,1,1,0,670,throw,software.amazon.awssdk.services.dynamodb.model.ResourceNotFoundException,-,ResourceNotFoundException,400,FAULTREQID000000000000000,-,false,false,false,DynamoDb,absent,(Service:_DynamoDb;_Status_Code:_400;_Request_ID:_FAULTREQID000000000000000)
bridge,v2-sync,51,resource-not-found,transient,2,immediate,1,1,0,467,throw,software.amazon.awssdk.services.dynamodb.model.ResourceNotFoundException,-,ResourceNotFoundException,400,FAULTREQID000000000000000,-,false,false,false,DynamoDb,absent,(Service:_DynamoDb;_Status_Code:_400;_Request_ID:_FAULTREQID000000000000000)
bridge,v2-sync,52,none,control,-1,immediate,1,0,0,342,ok,-,-,-,-,-,-,-,-,-,-,-,-
bridge,v2-sync,52,internal-error,persistent,-1,immediate,3,3,1,1190,throw,software.amazon.awssdk.services.dynamodb.model.InternalServerErrorException,-,InternalServerError,500,FAULTREQID000000000000000,-,false,false,false,DynamoDb,absent,(Service:_DynamoDb;_Status_Code:_500;_Request_ID:_FAULTREQID000000000000000)
bridge,v2-sync,52,internal-error,transient,2,immediate,3,2,1,1066,ok,-,-,-,-,-,-,-,-,-,-,-,-
bridge,v2-sync,52,throughput-exceeded,persistent,-1,immediate,3,3,1,1310,throw,software.amazon.awssdk.services.dynamodb.model.ProvisionedThroughputExceededException,-,ProvisionedThroughputExceededException,400,FAULTREQID000000000000000,-,false,true,false,DynamoDb,absent,(Service:_DynamoDb;_Status_Code:_400;_Request_ID:_FAULTREQID000000000000000)
bridge,v2-sync,52,throughput-exceeded,transient,2,immediate,3,2,1,1047,ok,-,-,-,-,-,-,-,-,-,-,-,-
bridge,v2-sync,52,unavailable,persistent,-1,immediate,3,3,3,3195,throw,software.amazon.awssdk.services.dynamodb.model.DynamoDbException,-,-,503,FAULTREQID000000000000000,-,false,false,false,DynamoDb,absent,Service_returned_HTTP_status_code_503_(Service:_DynamoDb;_Status_Code:_503;_Request_ID:_FAULTREQID000000000000000)
bridge,v2-sync,52,unavailable,transient,2,immediate,3,2,1,1225,ok,-,-,-,-,-,-,-,-,-,-,-,-
bridge,v2-sync,52,empty-500,persistent,-1,immediate,3,3,1,1574,throw,software.amazon.awssdk.services.dynamodb.model.DynamoDbException,-,-,500,FAULTREQID000000000000000,-,false,false,false,DynamoDb,absent,Service_returned_HTTP_status_code_500_(Service:_DynamoDb;_Status_Code:_500;_Request_ID:_FAULTREQID000000000000000)
bridge,v2-sync,52,empty-500,transient,2,immediate,3,2,1,1076,ok,-,-,-,-,-,-,-,-,-,-,-,-
bridge,v2-sync,52,malformed-body,persistent,-1,immediate,3,3,1,1736,throw,software.amazon.awssdk.core.exception.SdkClientException,software.amazon.smithy.java.core.serde.SerializationException,-,-,-,-,false,-,-,-,-,Unexpected_end-of-input_in_VALUE_STRING_at_[Source:_REDACTED_(`StreamReadFeature.INCLUDE_SOURCE_IN_LOCATION`_disabled);_byte_offset:_#25]
bridge,v2-sync,52,malformed-body,transient,2,immediate,3,2,1,1155,ok,-,-,-,-,-,-,-,-,-,-,-,-
bridge,v2-sync,52,resource-not-found,persistent,-1,immediate,1,1,0,499,throw,software.amazon.awssdk.services.dynamodb.model.ResourceNotFoundException,-,ResourceNotFoundException,400,FAULTREQID000000000000000,-,false,false,false,DynamoDb,absent,(Service:_DynamoDb;_Status_Code:_400;_Request_ID:_FAULTREQID000000000000000)
bridge,v2-sync,52,resource-not-found,transient,2,immediate,1,1,0,454,throw,software.amazon.awssdk.services.dynamodb.model.ResourceNotFoundException,-,ResourceNotFoundException,400,FAULTREQID000000000000000,-,false,false,false,DynamoDb,absent,(Service:_DynamoDb;_Status_Code:_400;_Request_ID:_FAULTREQID000000000000000)
bridge,v2-sync,53,none,control,-1,immediate,1,0,0,382,ok,-,-,-,-,-,-,-,-,-,-,-,-
bridge,v2-sync,53,internal-error,persistent,-1,immediate,3,3,1,1305,throw,software.amazon.awssdk.services.dynamodb.model.InternalServerErrorException,-,InternalServerError,500,FAULTREQID000000000000000,-,false,false,false,DynamoDb,absent,(Service:_DynamoDb;_Status_Code:_500;_Request_ID:_FAULTREQID000000000000000)
bridge,v2-sync,53,internal-error,transient,2,immediate,3,2,1,1097,ok,-,-,-,-,-,-,-,-,-,-,-,-
bridge,v2-sync,53,throughput-exceeded,persistent,-1,immediate,3,3,1,1235,throw,software.amazon.awssdk.services.dynamodb.model.ProvisionedThroughputExceededException,-,ProvisionedThroughputExceededException,400,FAULTREQID000000000000000,-,false,true,false,DynamoDb,absent,(Service:_DynamoDb;_Status_Code:_400;_Request_ID:_FAULTREQID000000000000000)
bridge,v2-sync,53,throughput-exceeded,transient,2,immediate,3,2,1,1252,ok,-,-,-,-,-,-,-,-,-,-,-,-
bridge,v2-sync,53,unavailable,persistent,-1,immediate,3,3,1,1309,throw,software.amazon.awssdk.services.dynamodb.model.DynamoDbException,-,-,503,FAULTREQID000000000000000,-,false,false,false,DynamoDb,absent,Service_returned_HTTP_status_code_503_(Service:_DynamoDb;_Status_Code:_503;_Request_ID:_FAULTREQID000000000000000)
bridge,v2-sync,53,unavailable,transient,2,immediate,3,2,1,1098,ok,-,-,-,-,-,-,-,-,-,-,-,-
bridge,v2-sync,53,empty-500,persistent,-1,immediate,3,3,1,1052,throw,software.amazon.awssdk.services.dynamodb.model.DynamoDbException,-,-,500,FAULTREQID000000000000000,-,false,false,false,DynamoDb,absent,Service_returned_HTTP_status_code_500_(Service:_DynamoDb;_Status_Code:_500;_Request_ID:_FAULTREQID000000000000000)
bridge,v2-sync,53,empty-500,transient,2,immediate,3,2,1,1056,ok,-,-,-,-,-,-,-,-,-,-,-,-
bridge,v2-sync,53,malformed-body,persistent,-1,immediate,3,3,1,1212,throw,software.amazon.awssdk.core.exception.SdkClientException,software.amazon.smithy.java.core.serde.SerializationException,-,-,-,-,false,-,-,-,-,Unexpected_end-of-input_in_VALUE_STRING_at_[Source:_REDACTED_(`StreamReadFeature.INCLUDE_SOURCE_IN_LOCATION`_disabled);_byte_offset:_#25]
bridge,v2-sync,53,malformed-body,transient,2,immediate,3,2,1,1350,ok,-,-,-,-,-,-,-,-,-,-,-,-
bridge,v2-sync,53,resource-not-found,persistent,-1,immediate,1,1,0,540,throw,software.amazon.awssdk.services.dynamodb.model.ResourceNotFoundException,-,ResourceNotFoundException,400,FAULTREQID000000000000000,-,false,false,false,DynamoDb,absent,(Service:_DynamoDb;_Status_Code:_400;_Request_ID:_FAULTREQID000000000000000)
bridge,v2-sync,53,resource-not-found,transient,2,immediate,1,1,0,484,throw,software.amazon.awssdk.services.dynamodb.model.ResourceNotFoundException,-,ResourceNotFoundException,400,FAULTREQID000000000000000,-,false,false,false,DynamoDb,absent,(Service:_DynamoDb;_Status_Code:_400;_Request_ID:_FAULTREQID000000000000000)
bridge,v2-sync,54,none,control,-1,immediate,1,0,0,384,ok,-,-,-,-,-,-,-,-,-,-,-,-
bridge,v2-sync,54,internal-error,persistent,-1,immediate,3,3,1,1148,throw,software.amazon.awssdk.services.dynamodb.model.InternalServerErrorException,-,InternalServerError,500,FAULTREQID000000000000000,-,false,false,false,DynamoDb,absent,(Service:_DynamoDb;_Status_Code:_500;_Request_ID:_FAULTREQID000000000000000)
bridge,v2-sync,54,internal-error,transient,2,immediate,3,2,1,1198,ok,-,-,-,-,-,-,-,-,-,-,-,-
bridge,v2-sync,54,throughput-exceeded,persistent,-1,immediate,3,3,1,1441,throw,software.amazon.awssdk.services.dynamodb.model.ProvisionedThroughputExceededException,-,ProvisionedThroughputExceededException,400,FAULTREQID000000000000000,-,false,true,false,DynamoDb,absent,(Service:_DynamoDb;_Status_Code:_400;_Request_ID:_FAULTREQID000000000000000)
bridge,v2-sync,54,throughput-exceeded,transient,2,immediate,3,2,1,1224,ok,-,-,-,-,-,-,-,-,-,-,-,-
bridge,v2-sync,54,unavailable,persistent,-1,immediate,3,3,1,1140,throw,software.amazon.awssdk.services.dynamodb.model.DynamoDbException,-,-,503,FAULTREQID000000000000000,-,false,false,false,DynamoDb,absent,Service_returned_HTTP_status_code_503_(Service:_DynamoDb;_Status_Code:_503;_Request_ID:_FAULTREQID000000000000000)
bridge,v2-sync,54,unavailable,transient,2,immediate,3,2,1,1171,ok,-,-,-,-,-,-,-,-,-,-,-,-
bridge,v2-sync,54,empty-500,persistent,-1,immediate,3,3,1,1248,throw,software.amazon.awssdk.services.dynamodb.model.DynamoDbException,-,-,500,FAULTREQID000000000000000,-,false,false,false,DynamoDb,absent,Service_returned_HTTP_status_code_500_(Service:_DynamoDb;_Status_Code:_500;_Request_ID:_FAULTREQID000000000000000)
bridge,v2-sync,54,empty-500,transient,2,immediate,3,2,1,1046,ok,-,-,-,-,-,-,-,-,-,-,-,-
bridge,v2-sync,54,malformed-body,persistent,-1,immediate,3,3,3,3891,throw,software.amazon.awssdk.core.exception.SdkClientException,software.amazon.smithy.java.core.serde.SerializationException,-,-,-,-,false,-,-,-,-,Unexpected_end-of-input_in_VALUE_STRING_at_[Source:_REDACTED_(`StreamReadFeature.INCLUDE_SOURCE_IN_LOCATION`_disabled);_byte_offset:_#25]
bridge,v2-sync,54,malformed-body,transient,2,immediate,3,2,1,1034,ok,-,-,-,-,-,-,-,-,-,-,-,-
bridge,v2-sync,54,resource-not-found,persistent,-1,immediate,1,1,0,583,throw,software.amazon.awssdk.services.dynamodb.model.ResourceNotFoundException,-,ResourceNotFoundException,400,FAULTREQID000000000000000,-,false,false,false,DynamoDb,absent,(Service:_DynamoDb;_Status_Code:_400;_Request_ID:_FAULTREQID000000000000000)
bridge,v2-sync,54,resource-not-found,transient,2,immediate,1,1,0,523,throw,software.amazon.awssdk.services.dynamodb.model.ResourceNotFoundException,-,ResourceNotFoundException,400,FAULTREQID000000000000000,-,false,false,false,DynamoDb,absent,(Service:_DynamoDb;_Status_Code:_400;_Request_ID:_FAULTREQID000000000000000)
bridge,v2-sync,55,none,control,-1,immediate,1,0,0,396,ok,-,-,-,-,-,-,-,-,-,-,-,-
bridge,v2-sync,55,internal-error,persistent,-1,immediate,3,3,8,8766,throw,software.amazon.awssdk.services.dynamodb.model.InternalServerErrorException,-,InternalServerError,500,FAULTREQID000000000000000,-,false,false,false,DynamoDb,absent,(Service:_DynamoDb;_Status_Code:_500;_Request_ID:_FAULTREQID000000000000000)
bridge,v2-sync,55,internal-error,transient,2,immediate,3,2,1,1127,ok,-,-,-,-,-,-,-,-,-,-,-,-
bridge,v2-sync,55,throughput-exceeded,persistent,-1,immediate,3,3,1,1248,throw,software.amazon.awssdk.services.dynamodb.model.ProvisionedThroughputExceededException,-,ProvisionedThroughputExceededException,400,FAULTREQID000000000000000,-,false,true,false,DynamoDb,absent,(Service:_DynamoDb;_Status_Code:_400;_Request_ID:_FAULTREQID000000000000000)
bridge,v2-sync,55,throughput-exceeded,transient,2,immediate,3,2,1,1044,ok,-,-,-,-,-,-,-,-,-,-,-,-
bridge,v2-sync,55,unavailable,persistent,-1,immediate,3,3,1,1215,throw,software.amazon.awssdk.services.dynamodb.model.DynamoDbException,-,-,503,FAULTREQID000000000000000,-,false,false,false,DynamoDb,absent,Service_returned_HTTP_status_code_503_(Service:_DynamoDb;_Status_Code:_503;_Request_ID:_FAULTREQID000000000000000)
bridge,v2-sync,55,unavailable,transient,2,immediate,3,2,1,1083,ok,-,-,-,-,-,-,-,-,-,-,-,-
bridge,v2-sync,55,empty-500,persistent,-1,immediate,3,3,1,1049,throw,software.amazon.awssdk.services.dynamodb.model.DynamoDbException,-,-,500,FAULTREQID000000000000000,-,false,false,false,DynamoDb,absent,Service_returned_HTTP_status_code_500_(Service:_DynamoDb;_Status_Code:_500;_Request_ID:_FAULTREQID000000000000000)
bridge,v2-sync,55,empty-500,transient,2,immediate,3,2,0,982,ok,-,-,-,-,-,-,-,-,-,-,-,-
bridge,v2-sync,55,malformed-body,persistent,-1,immediate,3,3,1,1355,throw,software.amazon.awssdk.core.exception.SdkClientException,software.amazon.smithy.java.core.serde.SerializationException,-,-,-,-,false,-,-,-,-,Unexpected_end-of-input_in_VALUE_STRING_at_[Source:_REDACTED_(`StreamReadFeature.INCLUDE_SOURCE_IN_LOCATION`_disabled);_byte_offset:_#25]
bridge,v2-sync,55,malformed-body,transient,2,immediate,3,2,1,1247,ok,-,-,-,-,-,-,-,-,-,-,-,-
bridge,v2-sync,55,resource-not-found,persistent,-1,immediate,1,1,0,449,throw,software.amazon.awssdk.services.dynamodb.model.ResourceNotFoundException,-,ResourceNotFoundException,400,FAULTREQID000000000000000,-,false,false,false,DynamoDb,absent,(Service:_DynamoDb;_Status_Code:_400;_Request_ID:_FAULTREQID000000000000000)
bridge,v2-sync,55,resource-not-found,transient,2,immediate,1,1,0,448,throw,software.amazon.awssdk.services.dynamodb.model.ResourceNotFoundException,-,ResourceNotFoundException,400,FAULTREQID000000000000000,-,false,false,false,DynamoDb,absent,(Service:_DynamoDb;_Status_Code:_400;_Request_ID:_FAULTREQID000000000000000)
bridge,v2-sync,56,none,control,-1,immediate,1,0,0,384,ok,-,-,-,-,-,-,-,-,-,-,-,-
bridge,v2-sync,56,internal-error,persistent,-1,immediate,3,3,1,1265,throw,software.amazon.awssdk.services.dynamodb.model.InternalServerErrorException,-,InternalServerError,500,FAULTREQID000000000000000,-,false,false,false,DynamoDb,absent,(Service:_DynamoDb;_Status_Code:_500;_Request_ID:_FAULTREQID000000000000000)
bridge,v2-sync,56,internal-error,transient,2,immediate,3,2,1,1060,ok,-,-,-,-,-,-,-,-,-,-,-,-
bridge,v2-sync,56,throughput-exceeded,persistent,-1,immediate,3,3,1,1140,throw,software.amazon.awssdk.services.dynamodb.model.ProvisionedThroughputExceededException,-,ProvisionedThroughputExceededException,400,FAULTREQID000000000000000,-,false,true,false,DynamoDb,absent,(Service:_DynamoDb;_Status_Code:_400;_Request_ID:_FAULTREQID000000000000000)
bridge,v2-sync,56,throughput-exceeded,transient,2,immediate,3,2,1,1249,ok,-,-,-,-,-,-,-,-,-,-,-,-
bridge,v2-sync,56,unavailable,persistent,-1,immediate,3,3,1,1253,throw,software.amazon.awssdk.services.dynamodb.model.DynamoDbException,-,-,503,FAULTREQID000000000000000,-,false,false,false,DynamoDb,absent,Service_returned_HTTP_status_code_503_(Service:_DynamoDb;_Status_Code:_503;_Request_ID:_FAULTREQID000000000000000)
bridge,v2-sync,56,unavailable,transient,2,immediate,3,2,1,1158,ok,-,-,-,-,-,-,-,-,-,-,-,-
bridge,v2-sync,56,empty-500,persistent,-1,immediate,3,3,1,1328,throw,software.amazon.awssdk.services.dynamodb.model.DynamoDbException,-,-,500,FAULTREQID000000000000000,-,false,false,false,DynamoDb,absent,Service_returned_HTTP_status_code_500_(Service:_DynamoDb;_Status_Code:_500;_Request_ID:_FAULTREQID000000000000000)
bridge,v2-sync,56,empty-500,transient,2,immediate,3,2,1,1164,ok,-,-,-,-,-,-,-,-,-,-,-,-
bridge,v2-sync,56,malformed-body,persistent,-1,immediate,3,3,1,1123,throw,software.amazon.awssdk.core.exception.SdkClientException,software.amazon.smithy.java.core.serde.SerializationException,-,-,-,-,false,-,-,-,-,Unexpected_end-of-input_in_VALUE_STRING_at_[Source:_REDACTED_(`StreamReadFeature.INCLUDE_SOURCE_IN_LOCATION`_disabled);_byte_offset:_#25]
bridge,v2-sync,56,malformed-body,transient,2,immediate,3,2,1,1148,ok,-,-,-,-,-,-,-,-,-,-,-,-
bridge,v2-sync,56,resource-not-found,persistent,-1,immediate,1,1,0,512,throw,software.amazon.awssdk.services.dynamodb.model.ResourceNotFoundException,-,ResourceNotFoundException,400,FAULTREQID000000000000000,-,false,false,false,DynamoDb,absent,(Service:_DynamoDb;_Status_Code:_400;_Request_ID:_FAULTREQID000000000000000)
bridge,v2-sync,56,resource-not-found,transient,2,immediate,1,1,0,478,throw,software.amazon.awssdk.services.dynamodb.model.ResourceNotFoundException,-,ResourceNotFoundException,400,FAULTREQID000000000000000,-,false,false,false,DynamoDb,absent,(Service:_DynamoDb;_Status_Code:_400;_Request_ID:_FAULTREQID000000000000000)
bridge,v2-sync,57,none,control,-1,immediate,1,0,0,405,ok,-,-,-,-,-,-,-,-,-,-,-,-
bridge,v2-sync,57,internal-error,persistent,-1,immediate,3,3,1,1135,throw,software.amazon.awssdk.services.dynamodb.model.InternalServerErrorException,-,InternalServerError,500,FAULTREQID000000000000000,-,false,false,false,DynamoDb,absent,(Service:_DynamoDb;_Status_Code:_500;_Request_ID:_FAULTREQID000000000000000)
bridge,v2-sync,57,internal-error,transient,2,immediate,3,2,1,1084,ok,-,-,-,-,-,-,-,-,-,-,-,-
bridge,v2-sync,57,throughput-exceeded,persistent,-1,immediate,3,3,1,1147,throw,software.amazon.awssdk.services.dynamodb.model.ProvisionedThroughputExceededException,-,ProvisionedThroughputExceededException,400,FAULTREQID000000000000000,-,false,true,false,DynamoDb,absent,(Service:_DynamoDb;_Status_Code:_400;_Request_ID:_FAULTREQID000000000000000)
bridge,v2-sync,57,throughput-exceeded,transient,2,immediate,3,2,1,1055,ok,-,-,-,-,-,-,-,-,-,-,-,-
bridge,v2-sync,57,unavailable,persistent,-1,immediate,3,3,1,1225,throw,software.amazon.awssdk.services.dynamodb.model.DynamoDbException,-,-,503,FAULTREQID000000000000000,-,false,false,false,DynamoDb,absent,Service_returned_HTTP_status_code_503_(Service:_DynamoDb;_Status_Code:_503;_Request_ID:_FAULTREQID000000000000000)
bridge,v2-sync,57,unavailable,transient,2,immediate,3,2,1,1106,ok,-,-,-,-,-,-,-,-,-,-,-,-
bridge,v2-sync,57,empty-500,persistent,-1,immediate,3,3,1,1087,throw,software.amazon.awssdk.services.dynamodb.model.DynamoDbException,-,-,500,FAULTREQID000000000000000,-,false,false,false,DynamoDb,absent,Service_returned_HTTP_status_code_500_(Service:_DynamoDb;_Status_Code:_500;_Request_ID:_FAULTREQID000000000000000)
bridge,v2-sync,57,empty-500,transient,2,immediate,3,2,1,1072,ok,-,-,-,-,-,-,-,-,-,-,-,-
bridge,v2-sync,57,malformed-body,persistent,-1,immediate,3,3,1,1146,throw,software.amazon.awssdk.core.exception.SdkClientException,software.amazon.smithy.java.core.serde.SerializationException,-,-,-,-,false,-,-,-,-,Unexpected_end-of-input_in_VALUE_STRING_at_[Source:_REDACTED_(`StreamReadFeature.INCLUDE_SOURCE_IN_LOCATION`_disabled);_byte_offset:_#25]
bridge,v2-sync,57,malformed-body,transient,2,immediate,3,2,1,1065,ok,-,-,-,-,-,-,-,-,-,-,-,-
bridge,v2-sync,57,resource-not-found,persistent,-1,immediate,1,1,0,512,throw,software.amazon.awssdk.services.dynamodb.model.ResourceNotFoundException,-,ResourceNotFoundException,400,FAULTREQID000000000000000,-,false,false,false,DynamoDb,absent,(Service:_DynamoDb;_Status_Code:_400;_Request_ID:_FAULTREQID000000000000000)
bridge,v2-sync,57,resource-not-found,transient,2,immediate,1,1,0,481,throw,software.amazon.awssdk.services.dynamodb.model.ResourceNotFoundException,-,ResourceNotFoundException,400,FAULTREQID000000000000000,-,false,false,false,DynamoDb,absent,(Service:_DynamoDb;_Status_Code:_400;_Request_ID:_FAULTREQID000000000000000)
bridge,v2-sync,58,none,control,-1,immediate,1,0,0,416,ok,-,-,-,-,-,-,-,-,-,-,-,-
bridge,v2-sync,58,internal-error,persistent,-1,immediate,3,3,1,1307,throw,software.amazon.awssdk.services.dynamodb.model.InternalServerErrorException,-,InternalServerError,500,FAULTREQID000000000000000,-,false,false,false,DynamoDb,absent,(Service:_DynamoDb;_Status_Code:_500;_Request_ID:_FAULTREQID000000000000000)
bridge,v2-sync,58,internal-error,transient,2,immediate,3,2,1,1112,ok,-,-,-,-,-,-,-,-,-,-,-,-
bridge,v2-sync,58,throughput-exceeded,persistent,-1,immediate,3,3,1,1273,throw,software.amazon.awssdk.services.dynamodb.model.ProvisionedThroughputExceededException,-,ProvisionedThroughputExceededException,400,FAULTREQID000000000000000,-,false,true,false,DynamoDb,absent,(Service:_DynamoDb;_Status_Code:_400;_Request_ID:_FAULTREQID000000000000000)
bridge,v2-sync,58,throughput-exceeded,transient,2,immediate,3,2,1,1127,ok,-,-,-,-,-,-,-,-,-,-,-,-
bridge,v2-sync,58,unavailable,persistent,-1,immediate,3,3,1,1146,throw,software.amazon.awssdk.services.dynamodb.model.DynamoDbException,-,-,503,FAULTREQID000000000000000,-,false,false,false,DynamoDb,absent,Service_returned_HTTP_status_code_503_(Service:_DynamoDb;_Status_Code:_503;_Request_ID:_FAULTREQID000000000000000)
bridge,v2-sync,58,unavailable,transient,2,immediate,3,2,1,1040,ok,-,-,-,-,-,-,-,-,-,-,-,-
bridge,v2-sync,58,empty-500,persistent,-1,immediate,3,3,1,1131,throw,software.amazon.awssdk.services.dynamodb.model.DynamoDbException,-,-,500,FAULTREQID000000000000000,-,false,false,false,DynamoDb,absent,Service_returned_HTTP_status_code_500_(Service:_DynamoDb;_Status_Code:_500;_Request_ID:_FAULTREQID000000000000000)
bridge,v2-sync,58,empty-500,transient,2,immediate,3,2,1,1085,ok,-,-,-,-,-,-,-,-,-,-,-,-
bridge,v2-sync,58,malformed-body,persistent,-1,immediate,3,3,1,1197,throw,software.amazon.awssdk.core.exception.SdkClientException,software.amazon.smithy.java.core.serde.SerializationException,-,-,-,-,false,-,-,-,-,Unexpected_end-of-input_in_VALUE_STRING_at_[Source:_REDACTED_(`StreamReadFeature.INCLUDE_SOURCE_IN_LOCATION`_disabled);_byte_offset:_#25]
bridge,v2-sync,58,malformed-body,transient,2,immediate,3,2,1,1019,ok,-,-,-,-,-,-,-,-,-,-,-,-
bridge,v2-sync,58,resource-not-found,persistent,-1,immediate,1,1,0,423,throw,software.amazon.awssdk.services.dynamodb.model.ResourceNotFoundException,-,ResourceNotFoundException,400,FAULTREQID000000000000000,-,false,false,false,DynamoDb,absent,(Service:_DynamoDb;_Status_Code:_400;_Request_ID:_FAULTREQID000000000000000)
bridge,v2-sync,58,resource-not-found,transient,2,immediate,1,1,0,426,throw,software.amazon.awssdk.services.dynamodb.model.ResourceNotFoundException,-,ResourceNotFoundException,400,FAULTREQID000000000000000,-,false,false,false,DynamoDb,absent,(Service:_DynamoDb;_Status_Code:_400;_Request_ID:_FAULTREQID000000000000000)
bridge,v2-sync,59,none,control,-1,immediate,1,0,0,357,ok,-,-,-,-,-,-,-,-,-,-,-,-
bridge,v2-sync,59,internal-error,persistent,-1,immediate,3,3,1,1091,throw,software.amazon.awssdk.services.dynamodb.model.InternalServerErrorException,-,InternalServerError,500,FAULTREQID000000000000000,-,false,false,false,DynamoDb,absent,(Service:_DynamoDb;_Status_Code:_500;_Request_ID:_FAULTREQID000000000000000)
bridge,v2-sync,59,internal-error,transient,2,immediate,3,2,1,1049,ok,-,-,-,-,-,-,-,-,-,-,-,-
bridge,v2-sync,59,throughput-exceeded,persistent,-1,immediate,3,3,1,1054,throw,software.amazon.awssdk.services.dynamodb.model.ProvisionedThroughputExceededException,-,ProvisionedThroughputExceededException,400,FAULTREQID000000000000000,-,false,true,false,DynamoDb,absent,(Service:_DynamoDb;_Status_Code:_400;_Request_ID:_FAULTREQID000000000000000)
bridge,v2-sync,59,throughput-exceeded,transient,2,immediate,3,2,9,9089,ok,-,-,-,-,-,-,-,-,-,-,-,-
bridge,v2-sync,59,unavailable,persistent,-1,immediate,3,3,1,1231,throw,software.amazon.awssdk.services.dynamodb.model.DynamoDbException,-,-,503,FAULTREQID000000000000000,-,false,false,false,DynamoDb,absent,Service_returned_HTTP_status_code_503_(Service:_DynamoDb;_Status_Code:_503;_Request_ID:_FAULTREQID000000000000000)
bridge,v2-sync,59,unavailable,transient,2,immediate,3,2,1,1048,ok,-,-,-,-,-,-,-,-,-,-,-,-
bridge,v2-sync,59,empty-500,persistent,-1,immediate,3,3,1,1425,throw,software.amazon.awssdk.services.dynamodb.model.DynamoDbException,-,-,500,FAULTREQID000000000000000,-,false,false,false,DynamoDb,absent,Service_returned_HTTP_status_code_500_(Service:_DynamoDb;_Status_Code:_500;_Request_ID:_FAULTREQID000000000000000)
bridge,v2-sync,59,empty-500,transient,2,immediate,3,2,1,1111,ok,-,-,-,-,-,-,-,-,-,-,-,-
bridge,v2-sync,59,malformed-body,persistent,-1,immediate,3,3,1,1122,throw,software.amazon.awssdk.core.exception.SdkClientException,software.amazon.smithy.java.core.serde.SerializationException,-,-,-,-,false,-,-,-,-,Unexpected_end-of-input_in_VALUE_STRING_at_[Source:_REDACTED_(`StreamReadFeature.INCLUDE_SOURCE_IN_LOCATION`_disabled);_byte_offset:_#25]
bridge,v2-sync,59,malformed-body,transient,2,immediate,3,2,1,1111,ok,-,-,-,-,-,-,-,-,-,-,-,-
bridge,v2-sync,59,resource-not-found,persistent,-1,immediate,1,1,0,433,throw,software.amazon.awssdk.services.dynamodb.model.ResourceNotFoundException,-,ResourceNotFoundException,400,FAULTREQID000000000000000,-,false,false,false,DynamoDb,absent,(Service:_DynamoDb;_Status_Code:_400;_Request_ID:_FAULTREQID000000000000000)
bridge,v2-sync,59,resource-not-found,transient,2,immediate,1,1,0,427,throw,software.amazon.awssdk.services.dynamodb.model.ResourceNotFoundException,-,ResourceNotFoundException,400,FAULTREQID000000000000000,-,false,false,false,DynamoDb,absent,(Service:_DynamoDb;_Status_Code:_400;_Request_ID:_FAULTREQID000000000000000)
bridge,v2-sync,60,none,control,-1,immediate,1,0,0,499,ok,-,-,-,-,-,-,-,-,-,-,-,-
bridge,v2-sync,60,internal-error,persistent,-1,immediate,3,3,1,1210,throw,software.amazon.awssdk.services.dynamodb.model.InternalServerErrorException,-,InternalServerError,500,FAULTREQID000000000000000,-,false,false,false,DynamoDb,absent,(Service:_DynamoDb;_Status_Code:_500;_Request_ID:_FAULTREQID000000000000000)
bridge,v2-sync,60,internal-error,transient,2,immediate,3,2,1,1036,ok,-,-,-,-,-,-,-,-,-,-,-,-
bridge,v2-sync,60,throughput-exceeded,persistent,-1,immediate,3,3,1,1065,throw,software.amazon.awssdk.services.dynamodb.model.ProvisionedThroughputExceededException,-,ProvisionedThroughputExceededException,400,FAULTREQID000000000000000,-,false,true,false,DynamoDb,absent,(Service:_DynamoDb;_Status_Code:_400;_Request_ID:_FAULTREQID000000000000000)
bridge,v2-sync,60,throughput-exceeded,transient,2,immediate,3,2,0,987,ok,-,-,-,-,-,-,-,-,-,-,-,-
bridge,v2-sync,60,unavailable,persistent,-1,immediate,3,3,1,1049,throw,software.amazon.awssdk.services.dynamodb.model.DynamoDbException,-,-,503,FAULTREQID000000000000000,-,false,false,false,DynamoDb,absent,Service_returned_HTTP_status_code_503_(Service:_DynamoDb;_Status_Code:_503;_Request_ID:_FAULTREQID000000000000000)
bridge,v2-sync,60,unavailable,transient,2,immediate,3,2,0,972,ok,-,-,-,-,-,-,-,-,-,-,-,-
bridge,v2-sync,60,empty-500,persistent,-1,immediate,3,3,1,1275,throw,software.amazon.awssdk.services.dynamodb.model.DynamoDbException,-,-,500,FAULTREQID000000000000000,-,false,false,false,DynamoDb,absent,Service_returned_HTTP_status_code_500_(Service:_DynamoDb;_Status_Code:_500;_Request_ID:_FAULTREQID000000000000000)
bridge,v2-sync,60,empty-500,transient,2,immediate,3,2,1,1023,ok,-,-,-,-,-,-,-,-,-,-,-,-
bridge,v2-sync,60,malformed-body,persistent,-1,immediate,3,3,1,1069,throw,software.amazon.awssdk.core.exception.SdkClientException,software.amazon.smithy.java.core.serde.SerializationException,-,-,-,-,false,-,-,-,-,Unexpected_end-of-input_in_VALUE_STRING_at_[Source:_REDACTED_(`StreamReadFeature.INCLUDE_SOURCE_IN_LOCATION`_disabled);_byte_offset:_#25]
bridge,v2-sync,60,malformed-body,transient,2,immediate,3,2,1,1250,ok,-,-,-,-,-,-,-,-,-,-,-,-
bridge,v2-sync,60,resource-not-found,persistent,-1,immediate,1,1,0,499,throw,software.amazon.awssdk.services.dynamodb.model.ResourceNotFoundException,-,ResourceNotFoundException,400,FAULTREQID000000000000000,-,false,false,false,DynamoDb,absent,(Service:_DynamoDb;_Status_Code:_400;_Request_ID:_FAULTREQID000000000000000)
bridge,v2-sync,60,resource-not-found,transient,2,immediate,1,1,0,549,throw,software.amazon.awssdk.services.dynamodb.model.ResourceNotFoundException,-,ResourceNotFoundException,400,FAULTREQID000000000000000,-,false,false,false,DynamoDb,absent,(Service:_DynamoDb;_Status_Code:_400;_Request_ID:_FAULTREQID000000000000000)
